country_id,country_name,iso2_code,year,gdp_current_usd,gdp_per_capita_current_usd,gdp_ppp_current_intl_dollar,public_debt_pct_gdp,debt_ppp_icer
ABW,Aruba,AW,1960,,,,,
ABW,Aruba,AW,1961,,,,,
ABW,Aruba,AW,1962,,,,,
ABW,Aruba,AW,1963,,,,,
ABW,Aruba,AW,1964,,,,,
ABW,Aruba,AW,1965,,,,,
ABW,Aruba,AW,1966,,,,,
ABW,Aruba,AW,1967,,,,,
ABW,Aruba,AW,1968,,,,,
ABW,Aruba,AW,1969,,,,,
ABW,Aruba,AW,1970,,,,,
ABW,Aruba,AW,1971,,,,,
ABW,Aruba,AW,1972,,,,,
ABW,Aruba,AW,1973,,,,,
ABW,Aruba,AW,1974,,,,,
ABW,Aruba,AW,1975,,,,,
ABW,Aruba,AW,1976,,,,,
ABW,Aruba,AW,1977,,,,,
ABW,Aruba,AW,1978,,,,,
ABW,Aruba,AW,1979,,,,,
ABW,Aruba,AW,1980,,,,,
ABW,Aruba,AW,1981,,,,,
ABW,Aruba,AW,1982,,,,,
ABW,Aruba,AW,1983,,,,,
ABW,Aruba,AW,1984,,,,,
ABW,Aruba,AW,1985,,,,,
ABW,Aruba,AW,1986,405586592.178771,6767.55922942669,,,
ABW,Aruba,AW,1987,487709497.206704,8244.04566011433,,,
ABW,Aruba,AW,1988,596648044.692737,10056.2613927414,,,
ABW,Aruba,AW,1989,695530726.256983,11507.2171509849,,,
ABW,Aruba,AW,1990,764804469.273743,12187.5363611898,1363802057.82932,,
ABW,Aruba,AW,1991,872067039.106145,13233.9905169683,1522193651.8637,,
ABW,Aruba,AW,1992,958659217.877095,13892.6051427736,1648463551.4576,,
ABW,Aruba,AW,1993,1083240223.46369,14700.9598081521,1810857555.70578,,
ABW,Aruba,AW,1994,1245810055.86592,16055.2877874337,2001255995.48195,,
ABW,Aruba,AW,1995,1320670391.06145,16548.7173868987,2095259749.45466,,
ABW,Aruba,AW,1996,1379888268.15642,16620.9545555513,2158919231.50221,,
ABW,Aruba,AW,1997,1531843575.41899,17750.0095644198,2350908521.51772,,
ABW,Aruba,AW,1998,1665363128.49162,18828.0870594071,2424685609.58266,,
ABW,Aruba,AW,1999,1722905027.93296,19216.1972354472,2489440705.42339,,
ABW,Aruba,AW,2000,1873452513.96648,20681.0230269625,2739898103.35414,,
ABW,Aruba,AW,2001,1896456983.24022,20740.1325828172,2918754740.61725,,
ABW,Aruba,AW,2002,1961843575.41899,21307.2482505267,2936102553.44684,,
ABW,Aruba,AW,2003,2044111731.84358,21949.4859960868,3027319748.07174,,
ABW,Aruba,AW,2004,2254830726.25698,23700.6319899197,3335469123.95673,,
ABW,Aruba,AW,2005,2360017318.43575,24171.8371325422,3426871110.42673,,
ABW,Aruba,AW,2006,2469782681.56425,24845.65848362,3572376596.74459,,
ABW,Aruba,AW,2007,2677641340.78212,26736.3089444046,3782521886.32566,,
ABW,Aruba,AW,2008,2843024581.00559,28171.9094008501,3926175809.15729,,
ABW,Aruba,AW,2009,2553793296.08939,25134.7712303589,3489075178.00144,,
ABW,Aruba,AW,2010,2453597206.70391,24093.1401510626,3434946033.94178,,
ABW,Aruba,AW,2011,2637859217.87709,25712.3843015186,3623931877.15193,,
ABW,Aruba,AW,2012,2615208379.88827,25119.6655449838,3549697827.01878,,
ABW,Aruba,AW,2013,2727849720.67039,25813.5767274227,3793907213.86807,,
ABW,Aruba,AW,2014,2790849720.67039,26129.8390617693,3808447873.65563,,
ABW,Aruba,AW,2015,2962907262.56983,27458.2253310273,3881688126.57656,,
ABW,Aruba,AW,2016,2983635195.53073,27441.5296617282,3926948315.28476,,
ABW,Aruba,AW,2017,3092429050.27933,28440.051963759,4080273098.09897,,
ABW,Aruba,AW,2018,3276184357.5419,30082.1276448186,4278670721.5542,,
ABW,Aruba,AW,2019,3395798882.68156,31096.2050738676,4270959490.77484,,
ABW,Aruba,AW,2020,2481857122.8401,22855.9323200761,3146467247.47262,,
ABW,Aruba,AW,2021,2929446578.25104,27200.0610793969,3844492519.39592,,
ABW,Aruba,AW,2022,3279343543.60416,30559.5335346581,4469402564.46605,,
ABW,Aruba,AW,2023,3648573136.15155,33984.7906198041,4827649139.53984,,
ABW,Aruba,AW,2024,,,,,
AFG,Afghanistan,AF,1960,,,,,
AFG,Afghanistan,AF,1961,,,,,
AFG,Afghanistan,AF,1962,,,,,
AFG,Afghanistan,AF,1963,,,,,
AFG,Afghanistan,AF,1964,,,,,
AFG,Afghanistan,AF,1965,,,,,
AFG,Afghanistan,AF,1966,,,,,
AFG,Afghanistan,AF,1967,,,,,
AFG,Afghanistan,AF,1968,,,,,
AFG,Afghanistan,AF,1969,,,,,
AFG,Afghanistan,AF,1970,,,,,
AFG,Afghanistan,AF,1971,,,,,
AFG,Afghanistan,AF,1972,,,,,
AFG,Afghanistan,AF,1973,,,,,
AFG,Afghanistan,AF,1974,,,,,
AFG,Afghanistan,AF,1975,,,,,
AFG,Afghanistan,AF,1976,,,,,
AFG,Afghanistan,AF,1977,,,,,
AFG,Afghanistan,AF,1978,,,,,
AFG,Afghanistan,AF,1979,,,,,
AFG,Afghanistan,AF,1980,,,,,
AFG,Afghanistan,AF,1981,,,,,
AFG,Afghanistan,AF,1982,,,,,
AFG,Afghanistan,AF,1983,,,,,
AFG,Afghanistan,AF,1984,,,,,
AFG,Afghanistan,AF,1985,,,,,
AFG,Afghanistan,AF,1986,,,,,
AFG,Afghanistan,AF,1987,,,,,
AFG,Afghanistan,AF,1988,,,,,
AFG,Afghanistan,AF,1989,,,,,
AFG,Afghanistan,AF,1990,,,,,
AFG,Afghanistan,AF,1991,,,,,
AFG,Afghanistan,AF,1992,,,,,
AFG,Afghanistan,AF,1993,,,,,
AFG,Afghanistan,AF,1994,,,,,
AFG,Afghanistan,AF,1995,,,,,
AFG,Afghanistan,AF,1996,,,,,
AFG,Afghanistan,AF,1997,,,,,
AFG,Afghanistan,AF,1998,,,,,
AFG,Afghanistan,AF,1999,,,,,
AFG,Afghanistan,AF,2000,3521418059.92345,174.930991430166,16377032684.0049,,
AFG,Afghanistan,AF,2001,2813571753.87253,138.706821676113,15166333854.9981,,
AFG,Afghanistan,AF,2002,3825701438.99963,178.954088379235,19806995164.3761,,
AFG,Afghanistan,AF,2003,4520946818.54581,198.871115728727,21981995255.8636,,
AFG,Afghanistan,AF,2004,5224896718.67782,221.763653873013,22892320780.0904,,
AFG,Afghanistan,AF,2005,6203256538.70967,254.184249149336,26261445894.5918,,
AFG,Afghanistan,AF,2006,6971758282.29351,274.218553561575,28521625037.4871,,
AFG,Afghanistan,AF,2007,9747886187.39393,376.223152003876,33344679966.8373,,
AFG,Afghanistan,AF,2008,10109297047.5432,381.73323802844,35321124705.4034,,
AFG,Afghanistan,AF,2009,12416152732.0567,452.053705477043,43140953896.0125,,
AFG,Afghanistan,AF,2010,15856668555.8336,560.621505463146,49936634725.4957,,
AFG,Afghanistan,AF,2011,17805098206.3141,606.694676337726,51184181904.4289,,
AFG,Afghanistan,AF,2012,19907329777.5872,651.417134470046,60766467131.1993,,
AFG,Afghanistan,AF,2013,20146416757.5987,637.087099117099,67458857272.9888,,
AFG,Afghanistan,AF,2014,20497128555.6972,625.054941813938,72946664022.0665,,
AFG,Afghanistan,AF,2015,19134221644.7325,565.569730408751,77274315044.0326,,
AFG,Afghanistan,AF,2016,18116572395.0772,522.082215583898,76798750471.4042,,
AFG,Afghanistan,AF,2017,18753456497.8159,525.469770891619,83362066704.4832,,
AFG,Afghanistan,AF,2018,18053222687.4126,491.337221382603,89369237677.5116,,
AFG,Afghanistan,AF,2019,18799444490.1128,496.6025042585,97800733345.013,,
AFG,Afghanistan,AF,2020,19955929052.1496,510.787063366811,100094011602.726,,
AFG,Afghanistan,AF,2021,14259995441.0759,356.496214115892,85767546197.7544,,
AFG,Afghanistan,AF,2022,14497243872.1337,357.261152798144,86148711748.6848,,
AFG,Afghanistan,AF,2023,17152234636.8715,413.757894705303,91271896894.46,,
AFG,Afghanistan,AF,2024,,,,,
AGO,Angola,AO,1960,,,,,
AGO,Angola,AO,1961,,,,,
AGO,Angola,AO,1962,,,,,
AGO,Angola,AO,1963,,,,,
AGO,Angola,AO,1964,,,,,
AGO,Angola,AO,1965,,,,,
AGO,Angola,AO,1966,,,,,
AGO,Angola,AO,1967,,,,,
AGO,Angola,AO,1968,,,,,
AGO,Angola,AO,1969,,,,,
AGO,Angola,AO,1970,,,,,
AGO,Angola,AO,1971,,,,,
AGO,Angola,AO,1972,,,,,
AGO,Angola,AO,1973,,,,,
AGO,Angola,AO,1974,,,,,
AGO,Angola,AO,1975,,,,,
AGO,Angola,AO,1976,,,,,
AGO,Angola,AO,1977,,,,,
AGO,Angola,AO,1978,,,,,
AGO,Angola,AO,1979,,,,,
AGO,Angola,AO,1980,5930503400.96263,729.111965489822,,,
AGO,Angola,AO,1981,5550483035.96497,657.982648547398,,,
AGO,Angola,AO,1982,5550483035.96497,634.221467312782,,,
AGO,Angola,AO,1983,5784341596.36339,636.83281102292,,,
AGO,Angola,AO,1984,6131475065.17815,650.491094413218,,,
AGO,Angola,AO,1985,7554065410.121,772.468832586265,,,
AGO,Angola,AO,1986,7072536108.69711,697.526602399253,,,
AGO,Angola,AO,1987,8084412414.26566,770.10114008645,,,
AGO,Angola,AO,1988,8769836768.83482,807.43962838624,,,
AGO,Angola,AO,1989,10201780976.6696,907.747893072936,,,
AGO,Angola,AO,1990,11229515599.3048,965.866840464665,38839000564.944,,
AGO,Angola,AO,1991,10603784541.197,881.919488130062,40550517455.9205,,
AGO,Angola,AO,1992,8307810973.58848,668.706017459877,39053200833.4571,,
AGO,Angola,AO,1993,5768720421.61367,449.727894936295,30390584820.7386,,
AGO,Angola,AO,1994,4438321017.39068,334.973590276074,31455215609.0036,,
AGO,Angola,AO,1995,5538749259.94714,404.29481849612,36931943526.9877,,
AGO,Angola,AO,1996,7526421519.16979,531.115366543271,42701857933.2046,,
AGO,Angola,AO,1997,7648380195.59902,521.70291489053,46598046523.6291,,
AGO,Angola,AO,1998,6506221615.78722,429.188126933192,49332296061.0467,,
AGO,Angola,AO,1999,6152923310.44546,392.725539027496,51121804410.2602,,
AGO,Angola,AO,2000,9129594970.15301,563.733795571487,53876764896.2744,,
AGO,Angola,AO,2001,8936079117.73136,533.586202412447,57406983088.1413,,
AGO,Angola,AO,2002,15285592370.374,882.147847234303,66266055980.4367,,
AGO,Angola,AO,2003,17812704586.4397,992.698979254665,69594829726.7681,,
AGO,Angola,AO,2004,23552057679.4994,1266.21086410236,79291855043.3756,,
AGO,Angola,AO,2005,36970900883.8109,1916.46842218625,94069250793.3624,,
AGO,Angola,AO,2006,52381025141.4268,2617.05196022633,108170250183.937,,
AGO,Angola,AO,2007,65266415494.2584,3141.0459797605,126666092623.102,,
AGO,Angola,AO,2008,88538665084.8634,4103.0669003635,143527785551.207,,
AGO,Angola,AO,2009,70307196181.6539,3136.64546955947,145654989373.802,,
AGO,Angola,AO,2010,83799474069.7315,3597.34293216332,153909425850.932,,
AGO,Angola,AO,2011,111789747670.59,4615.91059831778,162538811659.181,,
AGO,Angola,AO,2012,128052915766.343,5086.02740086376,185178296910.381,,
AGO,Angola,AO,2013,132339109040.232,5057.74787833163,197839278641.871,,
AGO,Angola,AO,2014,135966802586.713,5005.9997412707,217021998765.783,,
AGO,Angola,AO,2015,90496420506.5957,3213.90261080059,200475818990.044,,
AGO,Angola,AO,2016,52761617225.9253,1807.95294072643,199721223732.138,,
AGO,Angola,AO,2017,73690154990.7312,2437.25971190821,211424030475.15,,
AGO,Angola,AO,2018,79450688259.3664,2538.59139143371,229965233516.952,,
AGO,Angola,AO,2019,70897962732.0277,2189.85571407618,243736138717.595,,
AGO,Angola,AO,2020,48501561203.5686,1449.92286669308,215784887951.053,,
AGO,Angola,AO,2021,66505129987.7235,1925.87466082167,255820605533.992,,
AGO,Angola,AO,2022,104399746853.401,2929.69445467272,282403642417.848,,
AGO,Angola,AO,2023,84875162197.0107,2309.53413042773,295719779328.449,,
AGO,Angola,AO,2024,80396942241.6233,2122.08368991872,316269278905.416,,
ALB,Albania,AL,1960,,,,,
ALB,Albania,AL,1961,,,,,
ALB,Albania,AL,1962,,,,,
ALB,Albania,AL,1963,,,,,
ALB,Albania,AL,1964,,,,,
ALB,Albania,AL,1965,,,,,
ALB,Albania,AL,1966,,,,,
ALB,Albania,AL,1967,,,,,
ALB,Albania,AL,1968,,,,,
ALB,Albania,AL,1969,,,,,
ALB,Albania,AL,1970,,,,,
ALB,Albania,AL,1971,,,,,
ALB,Albania,AL,1972,,,,,
ALB,Albania,AL,1973,,,,,
ALB,Albania,AL,1974,,,,,
ALB,Albania,AL,1975,,,,,
ALB,Albania,AL,1976,,,,,
ALB,Albania,AL,1977,,,,,
ALB,Albania,AL,1978,,,,,
ALB,Albania,AL,1979,,,,,
ALB,Albania,AL,1980,1578102105.26316,590.607738430529,,,
ALB,Albania,AL,1981,1808177156.17716,663.2942082544,,,
ALB,Albania,AL,1982,1861163170.16317,668.454504242454,,,
ALB,Albania,AL,1983,1881412587.41259,661.546782448624,,,
ALB,Albania,AL,1984,1857337995.338,639.484730161417,,,
ALB,Albania,AL,1985,1897050116.55012,639.865903755552,,,
ALB,Albania,AL,1986,2097326250.0,693.873474633887,,,
ALB,Albania,AL,1987,2080796250.0,674.793383069492,,,
ALB,Albania,AL,1988,2051236250.0,652.774321396566,,,
ALB,Albania,AL,1989,2253090000.0,697.995596576519,,,
ALB,Albania,AL,1990,2028553750.0,617.230435515505,8725965875.64673,,
ALB,Albania,AL,1991,1099559027.77778,336.586994504629,6494971136.37932,,
ALB,Albania,AL,1992,652174990.837304,200.852219772323,6165543579.84761,,
ALB,Albania,AL,1993,1185315468.46295,367.279225077581,6915047133.14744,,
ALB,Albania,AL,1994,1880950864.41311,586.416135130865,7649103429.57361,,
ALB,Albania,AL,1995,2905092798.61916,911.320465445326,8849886430.61699,29.4509913700363,
ALB,Albania,AL,1996,3234486232.04392,1020.97618050188,9673050157.49413,37.0772780150153,0.4175121084395619
ALB,Albania,AL,1997,2293666029.99318,728.545523729675,8687454824.8518,52.2939099492755,-0.00019094616543469087
ALB,Albania,AL,1998,2600356999.20614,831.175344077295,9653307058.70828,54.4034191327832,0.22284513243358872
ALB,Albania,AL,1999,3283941510.49964,1056.34481153033,11033937334.6888,,
ALB,Albania,AL,2000,3584570164.85195,1160.42047054038,12284832047.454,,
ALB,Albania,AL,2001,4059064033.13379,1326.41652388077,13620831625.4925,,
ALB,Albania,AL,2002,4515003116.68036,1479.83884572006,14767949791.1299,,
ALB,Albania,AL,2003,5801712040.48463,1908.69900687608,15714336013.2424,,
ALB,Albania,AL,2004,7406645793.44038,2446.90949947798,16937390277.8523,,
ALB,Albania,AL,2005,8256658249.8128,2741.72136549578,18112067040.7321,,
ALB,Albania,AL,2006,9150528132.17633,3057.77257038113,20212730164.5506,,
ALB,Albania,AL,2007,11116937869.8568,3743.05529896187,22527491884.8191,,
ALB,Albania,AL,2008,13258506375.4518,4498.50486763601,24961568935.6313,,
ALB,Albania,AL,2009,12335540656.1006,4213.65007574693,26423570170.6128,,
ALB,Albania,AL,2010,12086545641.299,4149.14469936847,28419225351.3526,,
ALB,Albania,AL,2011,12973755874.5365,4465.70914328865,29846424480.4471,69.1921886031503,
ALB,Albania,AL,2012,12246499747.9714,4222.3470988913,30348654006.3871,64.0504160397904,-2.255724795577566
ALB,Albania,AL,2013,12796985886.1478,4420.23461988353,30653691163.574,70.4662619818776,3.847477377027043
ALB,Albania,AL,2014,13296322588.1684,4602.23051443229,32696809829.5528,72.9442880579616,0.3334854019289912
ALB,Albania,AL,2015,11470171826.9575,3981.72662261867,33840534295.4171,79.2842872907886,-0.5288545308333541
ALB,Albania,AL,2016,11988668784.6628,4168.37544462548,35112520544.852,79.8771647108445,0.37906441830234655
ALB,Albania,AL,2017,13258268435.6048,4614.0479692596,37368669301.9669,74.5233409273812,0.13487403018564917
ALB,Albania,AL,2018,15379508329.7568,5365.48880180298,39259416336.6027,63.6337689521087,-0.04968607068236167
ALB,Albania,AL,2019,15585111614.0376,5460.4305086932,42219281243.0817,74.8082518103115,0.6325926364142588
ALB,Albania,AL,2020,15241455556.3737,5370.77749956875,41182971627.7157,83.4542198469267,-1.0235245056235112
ALB,Albania,AL,2021,18032009220.4405,6413.28280828537,45345719391.0897,81.9201392916816,0.4929938971182417
ALB,Albania,AL,2022,19017244116.7203,6846.42669381643,54015565957.2178,,
ALB,Albania,AL,2023,23547180412.3404,8575.17134637222,58388027078.0145,,
ALB,Albania,AL,2024,27177735527.5667,10011.6279856667,63761192697.8729,,
AND,Andorra,AD,1960,,,,,
AND,Andorra,AD,1961,,,,,
AND,Andorra,AD,1962,,,,,
AND,Andorra,AD,1963,,,,,
AND,Andorra,AD,1964,,,,,
AND,Andorra,AD,1965,,,,,
AND,Andorra,AD,1966,,,,,
AND,Andorra,AD,1967,,,,,
AND,Andorra,AD,1968,,,,,
AND,Andorra,AD,1969,,,,,
AND,Andorra,AD,1970,78617711.0965325,3935.41127779609,,,
AND,Andorra,AD,1971,89406608.1458151,4169.69537103885,,,
AND,Andorra,AD,1972,113414397.365635,4940.29696239207,,,
AND,Andorra,AD,1973,150841639.297444,6151.02717030722,,,
AND,Andorra,AD,1974,186557081.998137,7139.5745119838,,,
AND,Andorra,AD,1975,220112572.205331,7925.41577090452,,,
AND,Andorra,AD,1976,227283850.831271,7721.28858646797,,,
AND,Andorra,AD,1977,253997897.226968,8167.92286159334,,,
AND,Andorra,AD,1978,308020261.164149,9409.50851272793,,,
AND,Andorra,AD,1979,411548748.354729,11996.4072860354,,,
AND,Andorra,AD,1980,446377776.798001,12474.9252919904,,,
AND,Andorra,AD,1981,388983266.199886,10465.2604643624,,,
AND,Andorra,AD,1982,375914743.581006,9697.52201994133,,,
AND,Andorra,AD,1983,327850042.515872,8082.09152017435,,,
AND,Andorra,AD,1984,330073080.637098,7808.13002713549,,,
AND,Andorra,AD,1985,346742714.675152,7911.98436223964,,,
AND,Andorra,AD,1986,481996012.869071,10539.1177869653,,,
AND,Andorra,AD,1987,611299924.540506,12828.1519430152,,,
AND,Andorra,AD,1988,721425939.15155,14599.0355178798,,,
AND,Andorra,AD,1989,795489582.04491,15714.9265516576,,,
AND,Andorra,AD,1990,1028989692.06787,19563.6574722488,1310131885.03024,,
AND,Andorra,AD,1991,1106891361.53948,19533.2620668023,1388922114.71548,,
AND,Andorra,AD,1992,1209992020.29543,20099.5352208543,1433773796.37606,,
AND,Andorra,AD,1993,1007090269.86956,15916.8395162087,1452619188.84507,,
AND,Andorra,AD,1994,1017544068.8408,15748.5307503373,1518993228.47527,,
AND,Andorra,AD,1995,1178745282.8678,18443.2545197741,1593606271.86624,,
AND,Andorra,AD,1996,1224024139.21295,19130.1597151312,1698236547.21999,,
AND,Andorra,AD,1997,1180645571.8643,18247.9995651361,1884167759.81747,,
AND,Andorra,AD,1998,1211953994.05714,18536.5084282698,1966215054.51796,,
AND,Andorra,AD,1999,1240295103.07939,18875.286913398,2075776156.14411,,
AND,Andorra,AD,2000,1432606188.69324,21810.2487431414,2197696491.5043,,
AND,Andorra,AD,2001,1548265808.05802,23511.2951475737,2429638531.0406,,
AND,Andorra,AD,2002,1764279824.29752,26528.130158144,2579571697.17073,,
AND,Andorra,AD,2003,2366941808.94404,34063.5784034776,2859201638.01081,,
AND,Andorra,AD,2004,2900245324.49221,39021.1278101878,3174958697.51878,,
AND,Andorra,AD,2005,3161084091.11674,40829.801876968,3451259350.68147,,
AND,Andorra,AD,2006,3459337986.88383,43467.2109930745,3728768817.98712,,
AND,Andorra,AD,2007,3957625367.21959,48336.2283329823,3889274660.19026,,
AND,Andorra,AD,2008,4102319399.02343,49132.515707808,3743831887.45967,,
AND,Andorra,AD,2009,3688976340.7549,43975.0183668093,3567168967.98064,,
AND,Andorra,AD,2010,3449925738.86069,42746.8309526019,3539214037.97724,,
AND,Andorra,AD,2011,3629133574.27783,46657.1561173756,3611940399.90852,,
AND,Andorra,AD,2012,3188652765.36184,41500.5435791686,3496180919.82724,,
AND,Andorra,AD,2013,3193512950.02419,42470.3161159692,3429540494.942,,
AND,Andorra,AD,2014,3271685596.66321,44369.659691379,3576657555.21929,,
AND,Andorra,AD,2015,2789881258.50362,38654.9347203095,3661620791.67048,,
AND,Andorra,AD,2016,2896610479.73077,40129.8192007698,3833543204.91048,,
AND,Andorra,AD,2017,3000162081.11976,40672.9943348258,3915698820.58319,,
AND,Andorra,AD,2018,3218419896.9641,42819.7745797624,4152298789.83756,,
AND,Andorra,AD,2019,3155149347.80639,41257.8045846483,4395348448.44156,,
AND,Andorra,AD,2020,2891001149.3611,37361.0900666982,4031176207.5678,,
AND,Andorra,AD,2021,3324647529.381,42425.6996756291,4649508748.84024,,
AND,Andorra,AD,2022,3380612573.32922,42414.0590092117,5457407403.46601,,
AND,Andorra,AD,2023,3785067331.7625,46812.4484486309,5799854946.96513,,
AND,Andorra,AD,2024,4039844390.22543,49303.6733899464,6140390670.0909,,
ARE,United Arab Emirates,AE,1960,,,,,
ARE,United Arab Emirates,AE,1961,,,,,
ARE,United Arab Emirates,AE,1962,,,,,
ARE,United Arab Emirates,AE,1963,,,,,
ARE,United Arab Emirates,AE,1964,,,,,
ARE,United Arab Emirates,AE,1965,,,,,
ARE,United Arab Emirates,AE,1966,,,,,
ARE,United Arab Emirates,AE,1967,,,,,
ARE,United Arab Emirates,AE,1968,,,,,
ARE,United Arab Emirates,AE,1969,,,,,
ARE,United Arab Emirates,AE,1970,685986701.316701,2394.06811471055,,,
ARE,United Arab Emirates,AE,1971,939893599.634201,2805.42642722587,,,
ARE,United Arab Emirates,AE,1972,1415086929.3006,3675.41681419534,,,
ARE,United Arab Emirates,AE,1973,4231243615.86089,9695.81418807304,,,
ARE,United Arab Emirates,AE,1974,11651505689.4244,23822.9715560307,,,
ARE,United Arab Emirates,AE,1975,14720728248.5355,27117.1880729614,,,
ARE,United Arab Emirates,AE,1976,19213158778.7928,31196.9791785759,,,
ARE,United Arab Emirates,AE,1977,24871775164.6043,35020.3604355962,,,
ARE,United Arab Emirates,AE,1978,23775764224.6832,29379.1277424991,,,
ARE,United Arab Emirates,AE,1979,31225659620.9951,34238.2864453187,,,
ARE,United Arab Emirates,AE,1980,43599160050.3322,42925.2338784407,,,
ARE,United Arab Emirates,AE,1981,49333424135.1131,44854.4800315615,,,
ARE,United Arab Emirates,AE,1982,46622718605.2847,39972.4946674594,,,
ARE,United Arab Emirates,AE,1983,42803323345.1376,34650.0041245988,,,
ARE,United Arab Emirates,AE,1984,41807954235.903,32012.3141540273,,,
ARE,United Arab Emirates,AE,1985,40603650231.5445,29467.5419758929,,,
ARE,United Arab Emirates,AE,1986,33943612094.7971,23132.0739675988,,,
ARE,United Arab Emirates,AE,1987,36384908744.2114,23112.623420646,,,
ARE,United Arab Emirates,AE,1988,36275674203.2144,21569.7068852997,,,
ARE,United Arab Emirates,AE,1989,41464995913.9199,23166.7305903787,,,
ARE,United Arab Emirates,AE,1990,50701443748.2975,26709.993440327,165048348649.485,,
ARE,United Arab Emirates,AE,1991,51552165622.4462,25690.9686321448,172097529992.161,,
ARE,United Arab Emirates,AE,1992,54239171887.769,25648.2727760844,181907133315.385,,
ARE,United Arab Emirates,AE,1993,55625170253.337,25032.7822702907,188567499466.891,,
ARE,United Arab Emirates,AE,1994,59305093979.842,25472.6396578979,205875343583.227,,
ARE,United Arab Emirates,AE,1995,65743666575.8649,27003.2006807782,224249304381.303,,
ARE,United Arab Emirates,AE,1996,73571233996.1863,28323.1650870532,241595714081.238,,
ARE,United Arab Emirates,AE,1997,78839008444.5655,27982.7957040564,265890786302.607,,
ARE,United Arab Emirates,AE,1998,75674336283.1858,24889.4269192279,269664153026.232,,
ARE,United Arab Emirates,AE,1999,84445473110.9598,25855.8605046587,281417144049.497,,
ARE,United Arab Emirates,AE,2000,104337372362.151,29865.502347066,319024983517.667,,
ARE,United Arab Emirates,AE,2001,103311640571.818,27745.1708087672,330772370346.192,,
ARE,United Arab Emirates,AE,2002,109816201497.617,27753.6089526346,344086842258.602,,
ARE,United Arab Emirates,AE,2003,124346358066.712,29659.5428567811,381759554538.276,,
ARE,United Arab Emirates,AE,2004,147824370319.946,33376.7152295209,429528265203.628,,
ARE,United Arab Emirates,AE,2005,180617467964.602,38719.3138307623,464504006610.807,,
ARE,United Arab Emirates,AE,2006,222116541865.214,44342.6048322482,525932447588.067,,
ARE,United Arab Emirates,AE,2007,257916133424.098,45854.7325158162,557382797831.616,,
ARE,United Arab Emirates,AE,2008,315474615738.598,50054.1700681803,586255468615.885,,
ARE,United Arab Emirates,AE,2009,253547358747.447,37803.0663738777,558944883526.871,,
ARE,United Arab Emirates,AE,2010,300189052688.904,43696.6712590463,574805592711.487,,
ARE,United Arab Emirates,AE,2011,360832739550.715,50789.050540755,623132238927.049,,
ARE,United Arab Emirates,AE,2012,384610125391.423,52034.4762476071,645566759660.909,,
ARE,United Arab Emirates,AE,2013,400218529748.128,52023.5170959441,657868026081.152,1.84568513687581,
ARE,United Arab Emirates,AE,2014,414105366752.893,51381.4069901746,687052388186.095,,
ARE,United Arab Emirates,AE,2015,370275469571.137,43534.9972694631,609998221091.021,,
ARE,United Arab Emirates,AE,2016,369255326235.534,41326.4018161569,604925118660.42,,
ARE,United Arab Emirates,AE,2017,390516804029.952,42340.5917160161,627578031229.294,,
ARE,United Arab Emirates,AE,2018,427049432157.931,45689.8570049401,701667873659.965,,
ARE,United Arab Emirates,AE,2019,417989721742.682,44251.4541398817,726238678138.084,,
ARE,United Arab Emirates,AE,2020,349473015330.157,37173.8754093066,614384479773.466,,
ARE,United Arab Emirates,AE,2021,415178792756.978,43360.0211001327,645375981350.196,,
ARE,United Arab Emirates,AE,2022,502731935194.01,49899.0652975197,743309077886.72,,
ARE,United Arab Emirates,AE,2023,514130432648.06,49040.6947521035,797922323198.497,,
ARE,United Arab Emirates,AE,2024,537078829135.466,49377.5643384379,847957424147.982,,
ARG,Argentina,AR,1960,15865474315.4056,778.251706763404,,,
ARG,Argentina,AR,1961,20132220374.9093,971.338043308372,,,
ARG,Argentina,AR,1962,18337691145.3688,870.217490905403,,,
ARG,Argentina,AR,1963,18272123664.4715,852.972425139433,,,
ARG,Argentina,AR,1964,25605249381.7597,1176.20086190313,,,
ARG,Argentina,AR,1965,28344705966.6389,1281.83337976859,,,
ARG,Argentina,AR,1966,28630474727.9023,1275.07843418966,,,
ARG,Argentina,AR,1967,24256667553.2569,1063.93283833587,,,
ARG,Argentina,AR,1968,26436857247.4982,1141.95211617341,,,
ARG,Argentina,AR,1969,31256284543.6155,1329.56181832409,,,
ARG,Argentina,AR,1970,31584210365.5447,1322.71454216808,,,
ARG,Argentina,AR,1971,33293199095.4881,1372.50746646061,,,
ARG,Argentina,AR,1972,34733000536.2862,1409.37097316211,,,
ARG,Argentina,AR,1973,52544000116.9037,2097.89945010806,,,
ARG,Argentina,AR,1974,72436777342.4554,2844.96990526761,,,
ARG,Argentina,AR,1975,52438647921.9226,2026.68435752865,,,
ARG,Argentina,AR,1976,51169499892.1722,1946.91990388248,,,
ARG,Argentina,AR,1977,56781000101.0848,2126.48546048047,,,
ARG,Argentina,AR,1978,89049453088.3282,3282.06304446289,,,
ARG,Argentina,AR,1979,69252328951.6441,2511.97332905958,,,
ARG,Argentina,AR,1980,76961923741.0701,2747.5022751674,,,
ARG,Argentina,AR,1981,78676842366.5529,2764.08641421079,,,
ARG,Argentina,AR,1982,84307486836.724,2914.76708504176,,,
ARG,Argentina,AR,1983,103979106777.911,3537.7473459832,,,
ARG,Argentina,AR,1984,116915052107.031,3915.03492645691,,,
ARG,Argentina,AR,1985,88150891728.1064,2905.77565536137,,,
ARG,Argentina,AR,1986,105872372613.857,3436.07819471053,,,
ARG,Argentina,AR,1987,108810885301.253,3477.30131979313,,,
ARG,Argentina,AR,1988,126890235049.092,3992.70330179156,,,
ARG,Argentina,AR,1989,76629728760.123,2374.57321551641,,,
ARG,Argentina,AR,1990,141352654305.163,4315.33403111588,234476844277.352,,
ARG,Argentina,AR,1991,189719984268.485,5709.24784079504,264545654095.111,,
ARG,Argentina,AR,1992,228778917308.17,6789.99611136495,292050532479.084,,
ARG,Argentina,AR,1993,236741715015.015,6931.85596375876,323509736778.801,,
ARG,Argentina,AR,1994,257440000000.0,7437.56242327594,349701129033.532,,
ARG,Argentina,AR,1995,258031750000.0,7357.6162773788,346874927371.834,,
ARG,Argentina,AR,1996,272149750000.0,7663.21271287469,372747062317.193,,
ARG,Argentina,AR,1997,292859000000.0,8146.78710021431,409929944205.048,,
ARG,Argentina,AR,1998,298948250000.0,8218.99212764682,430497422050.132,,
ARG,Argentina,AR,1999,283523000000.0,7705.54288252851,421808836974.514,,
ARG,Argentina,AR,2000,284203750000.0,7637.01489203628,427960175928.847,,
ARG,Argentina,AR,2001,268696750000.0,7141.47507662826,418303583400.374,,
ARG,Argentina,AR,2002,97724004251.8602,2569.69963519124,378523791536.921,,
ARG,Argentina,AR,2003,127586973492.177,3320.47775133903,420107758525.601,,
ARG,Argentina,AR,2004,164657930452.787,4242.02099089422,470358838992.398,,
ARG,Argentina,AR,2005,198737095012.282,5067.65342293276,528046724347.489,,
ARG,Argentina,AR,2006,232557260817.308,5869.38028970204,588133949216.688,,
ARG,Argentina,AR,2007,287530508430.568,7185.25155147027,658480356265.582,,
ARG,Argentina,AR,2008,361558037110.419,8944.1102657357,698398185512.872,,
ARG,Argentina,AR,2009,332976484577.619,8150.23527028221,661115953562.315,,
ARG,Argentina,AR,2010,423627422092.49,10260.1313108254,736904550750.838,,
ARG,Argentina,AR,2011,530158122010.442,12704.2831819684,797263881242.037,,
ARG,Argentina,AR,2012,545982375701.128,12949.717486654,819219854484.205,,
ARG,Argentina,AR,2013,552025140252.246,12963.675773326,848625298160.51,,
ARG,Argentina,AR,2014,526319673731.638,12233.1444119186,838428063163.02,,
ARG,Argentina,AR,2015,594749285413.212,13679.6264980954,865155580188.784,,
ARG,Argentina,AR,2016,557532320662.955,12699.9623137756,882649216798.351,,
ARG,Argentina,AR,2017,643628393281.364,14532.5009308511,1035699067575.93,,
ARG,Argentina,AR,2018,524819892360.176,11752.7998922979,1090043170151.08,,
ARG,Argentina,AR,2019,447754683615.225,9955.97478680428,1057633159930.82,,
ARG,Argentina,AR,2020,385740508436.965,8535.59938004389,1011999397129.76,,
ARG,Argentina,AR,2021,486564085480.036,10738.0179223384,1191725417699.43,,
ARG,Argentina,AR,2022,632790070063.124,13935.6811110049,1343969240640.99,,
ARG,Argentina,AR,2023,646075277525.125,14187.4827252965,1369900046451.38,,
ARG,Argentina,AR,2024,633266692533.689,13858.2039802008,1378906089397.47,,
ARM,Armenia,AM,1960,,,,,
ARM,Armenia,AM,1961,,,,,
ARM,Armenia,AM,1962,,,,,
ARM,Armenia,AM,1963,,,,,
ARM,Armenia,AM,1964,,,,,
ARM,Armenia,AM,1965,,,,,
ARM,Armenia,AM,1966,,,,,
ARM,Armenia,AM,1967,,,,,
ARM,Armenia,AM,1968,,,,,
ARM,Armenia,AM,1969,,,,,
ARM,Armenia,AM,1970,,,,,
ARM,Armenia,AM,1971,,,,,
ARM,Armenia,AM,1972,,,,,
ARM,Armenia,AM,1973,,,,,
ARM,Armenia,AM,1974,,,,,
ARM,Armenia,AM,1975,,,,,
ARM,Armenia,AM,1976,,,,,
ARM,Armenia,AM,1977,,,,,
ARM,Armenia,AM,1978,,,,,
ARM,Armenia,AM,1979,,,,,
ARM,Armenia,AM,1980,,,,,
ARM,Armenia,AM,1981,,,,,
ARM,Armenia,AM,1982,,,,,
ARM,Armenia,AM,1983,,,,,
ARM,Armenia,AM,1984,,,,,
ARM,Armenia,AM,1985,,,,,
ARM,Armenia,AM,1986,,,,,
ARM,Armenia,AM,1987,,,,,
ARM,Armenia,AM,1988,,,,,
ARM,Armenia,AM,1989,,,,,
ARM,Armenia,AM,1990,2256863448.77086,635.355327502517,9804759536.81031,,
ARM,Armenia,AM,1991,2069870129.87013,572.740260900977,8950386612.80216,,
ARM,Armenia,AM,1992,1272835453.42634,356.350780006933,5327833129.30445,,
ARM,Armenia,AM,1993,1201312829.27524,347.870644720878,4974157579.66486,,
ARM,Armenia,AM,1994,1315158636.67553,390.879964297655,5354705603.50387,,
ARM,Armenia,AM,1995,1468317435.20148,443.924860857976,5844198432.94977,,
ARM,Armenia,AM,1996,1596968946.23708,487.068624404558,6300253203.34117,,
ARM,Armenia,AM,1997,1639492444.76152,505.035887057966,6621742394.57029,,
ARM,Armenia,AM,1998,1893726437.26462,590.239947333459,7184981697.30371,,
ARM,Armenia,AM,1999,1845482173.02732,582.669886150895,7527115894.1806,,
ARM,Armenia,AM,2000,1911563668.85006,593.450581742282,8151779326.30288,,
ARM,Armenia,AM,2001,2118467913.37873,659.588988535629,9135524003.17559,,
ARM,Armenia,AM,2002,2376335048.39976,742.651118319819,10502118179.3831,,
ARM,Armenia,AM,2003,2807061008.69084,882.030167695474,12208787869.163,,
ARM,Armenia,AM,2004,3576615240.41616,1130.08791444158,13853487621.1931,,
ARM,Armenia,AM,2005,4900469511.10191,1557.48458908655,16273869613.1272,,
ARM,Armenia,AM,2006,6384452066.5146,2041.65267068997,18990125434.4095,,
ARM,Armenia,AM,2007,9206301269.79164,2962.70234594569,22176749551.127,,
ARM,Armenia,AM,2008,11662040713.8753,3777.66859313767,24163709284.131,,
ARM,Armenia,AM,2009,8647937081.2562,2820.5926553347,20884649142.4407,,
ARM,Armenia,AM,2010,9260285755.62424,3041.34450723339,21603503567.4249,,
ARM,Armenia,AM,2011,10142111824.5835,3349.55309771906,23085520248.3701,,
ARM,Armenia,AM,2012,10619320682.9474,3511.56399687426,27043423649.5481,,
ARM,Armenia,AM,2013,11121464437.0415,3680.16692158886,28572642912.7207,,
ARM,Armenia,AM,2014,11609513246.7958,3852.11800610384,29343064966.5336,,
ARM,Armenia,AM,2015,10553337518.414,3512.39350276709,29315404012.9832,,
ARM,Armenia,AM,2016,10546136235.5219,3524.42476874707,31629425029.462,,
ARM,Armenia,AM,2017,11527458709.0158,3869.05373867752,35949453239.3726,,
ARM,Armenia,AM,2018,12457940694.7395,4196.00562301769,38233278956.681,,
ARM,Armenia,AM,2019,13619290539.2116,4597.22887399548,44365671088.179,50.0284206863703,
ARM,Armenia,AM,2020,12641698583.2152,4268.68093304583,43552758696.8095,63.4012140067668,-1.4779875668456282
ARM,Armenia,AM,2021,13878908628.9378,4685.17997128509,47164867556.762,60.080359768226,0.08956204695856558
ARM,Armenia,AM,2022,19513506553.1251,6571.97445545099,56893939956.673,46.5518225541677,0.07661518774845472
ARM,Armenia,AM,2023,24085749592.3359,8125.27395754003,63833326718.2115,48.2562845172053,0.36588174055161515
ARM,Armenia,AM,2024,25786585949.6346,8500.60522486719,69234115090.8141,,
ASM,American Samoa,AS,1960,,,,,
ASM,American Samoa,AS,1961,,,,,
ASM,American Samoa,AS,1962,,,,,
ASM,American Samoa,AS,1963,,,,,
ASM,American Samoa,AS,1964,,,,,
ASM,American Samoa,AS,1965,,,,,
ASM,American Samoa,AS,1966,,,,,
ASM,American Samoa,AS,1967,,,,,
ASM,American Samoa,AS,1968,,,,,
ASM,American Samoa,AS,1969,,,,,
ASM,American Samoa,AS,1970,,,,,
ASM,American Samoa,AS,1971,,,,,
ASM,American Samoa,AS,1972,,,,,
ASM,American Samoa,AS,1973,,,,,
ASM,American Samoa,AS,1974,,,,,
ASM,American Samoa,AS,1975,,,,,
ASM,American Samoa,AS,1976,,,,,
ASM,American Samoa,AS,1977,,,,,
ASM,American Samoa,AS,1978,,,,,
ASM,American Samoa,AS,1979,,,,,
ASM,American Samoa,AS,1980,,,,,
ASM,American Samoa,AS,1981,,,,,
ASM,American Samoa,AS,1982,,,,,
ASM,American Samoa,AS,1983,,,,,
ASM,American Samoa,AS,1984,,,,,
ASM,American Samoa,AS,1985,,,,,
ASM,American Samoa,AS,1986,,,,,
ASM,American Samoa,AS,1987,,,,,
ASM,American Samoa,AS,1988,,,,,
ASM,American Samoa,AS,1989,,,,,
ASM,American Samoa,AS,1990,,,,,
ASM,American Samoa,AS,1991,,,,,
ASM,American Samoa,AS,1992,,,,,
ASM,American Samoa,AS,1993,,,,,
ASM,American Samoa,AS,1994,,,,,
ASM,American Samoa,AS,1995,,,,,
ASM,American Samoa,AS,1996,,,,,
ASM,American Samoa,AS,1997,,,,,
ASM,American Samoa,AS,1998,,,,,
ASM,American Samoa,AS,1999,,,,,
ASM,American Samoa,AS,2000,,,,,
ASM,American Samoa,AS,2001,,,,,
ASM,American Samoa,AS,2002,512000000.0,8972.69636535698,,,
ASM,American Samoa,AS,2003,524000000.0,9197.66196836987,,,
ASM,American Samoa,AS,2004,509000000.0,8958.42866697173,,,
ASM,American Samoa,AS,2005,500000000.0,8831.26975996609,,,
ASM,American Samoa,AS,2006,493000000.0,8745.16621137404,,,
ASM,American Samoa,AS,2007,518000000.0,9231.37240924563,,,
ASM,American Samoa,AS,2008,560000000.0,10030.8089130902,,,
ASM,American Samoa,AS,2009,675000000.0,12156.0293905777,,,
ASM,American Samoa,AS,2010,573000000.0,10375.1720141957,,,
ASM,American Samoa,AS,2011,570000000.0,10383.459331451,,,
ASM,American Samoa,AS,2012,640000000.0,11745.4899153958,,,
ASM,American Samoa,AS,2013,638000000.0,11813.5022034589,,,
ASM,American Samoa,AS,2014,643000000.0,12026.3344929488,,,
ASM,American Samoa,AS,2015,673000000.0,12727.4102651386,,,
ASM,American Samoa,AS,2016,671000000.0,12843.3342903627,,,
ASM,American Samoa,AS,2017,612000000.0,11863.6839452565,,,
ASM,American Samoa,AS,2018,639000000.0,12552.0546868861,,,
ASM,American Samoa,AS,2019,647000000.0,12886.1359517218,,,
ASM,American Samoa,AS,2020,721000000.0,14489.2586563775,,,
ASM,American Samoa,AS,2021,750000000.0,15236.1604875571,,,
ASM,American Samoa,AS,2022,871000000.0,18017.4589383973,,,
ASM,American Samoa,AS,2023,,,,,
ASM,American Samoa,AS,2024,,,,,
ATG,Antigua and Barbuda,AG,1960,,,,,
ATG,Antigua and Barbuda,AG,1961,,,,,
ATG,Antigua and Barbuda,AG,1962,,,,,
ATG,Antigua and Barbuda,AG,1963,,,,,
ATG,Antigua and Barbuda,AG,1964,,,,,
ATG,Antigua and Barbuda,AG,1965,,,,,
ATG,Antigua and Barbuda,AG,1966,,,,,
ATG,Antigua and Barbuda,AG,1967,,,,,
ATG,Antigua and Barbuda,AG,1968,,,,,
ATG,Antigua and Barbuda,AG,1969,,,,,
ATG,Antigua and Barbuda,AG,1970,,,,,
ATG,Antigua and Barbuda,AG,1971,,,,,
ATG,Antigua and Barbuda,AG,1972,,,,,
ATG,Antigua and Barbuda,AG,1973,,,,,
ATG,Antigua and Barbuda,AG,1974,,,,,
ATG,Antigua and Barbuda,AG,1975,,,,,
ATG,Antigua and Barbuda,AG,1976,,,,,
ATG,Antigua and Barbuda,AG,1977,77507407.4074074,1213.67021714646,,,
ATG,Antigua and Barbuda,AG,1978,88040740.7407407,1374.82027453607,,,
ATG,Antigua and Barbuda,AG,1979,109596296.296296,1705.14199048287,,,
ATG,Antigua and Barbuda,AG,1980,132451851.851852,2053.10327921275,,,
ATG,Antigua and Barbuda,AG,1981,149388888.888889,2310.19699820442,,,
ATG,Antigua and Barbuda,AG,1982,166444444.444444,2569.18182363887,,,
ATG,Antigua and Barbuda,AG,1983,184866666.666667,2846.99335735773,,,
ATG,Antigua and Barbuda,AG,1984,212214814.814815,3270.7810304062,,,
ATG,Antigua and Barbuda,AG,1985,246370370.37037,3814.3142290779,,,
ATG,Antigua and Barbuda,AG,1986,297562962.962963,4629.45676400154,,,
ATG,Antigua and Barbuda,AG,1987,346866666.666667,5424.36847756962,,,
ATG,Antigua and Barbuda,AG,1988,411396296.296296,6466.15683473424,,,
ATG,Antigua and Barbuda,AG,1989,455174074.074074,7187.90484128028,,,
ATG,Antigua and Barbuda,AG,1990,478718518.518519,7590.75442423046,819608596.224663,,
ATG,Antigua and Barbuda,AG,1991,504337037.037037,7956.47430919648,865771251.663144,,
ATG,Antigua and Barbuda,AG,1992,525133333.333333,8153.73786307269,895759895.279394,,
ATG,Antigua and Barbuda,AG,1993,565662962.962963,8624.62016806628,965408471.006148,,
ATG,Antigua and Barbuda,AG,1994,625081481.481481,9351.48753768505,1051852685.30775,,
ATG,Antigua and Barbuda,AG,1995,616051851.851852,9034.47552907143,1027086737.24417,,
ATG,Antigua and Barbuda,AG,1996,679140740.740741,9756.08717951992,1114970753.50882,,
ATG,Antigua and Barbuda,AG,1997,734422222.222222,10336.2591617838,1196252709.36757,,
ATG,Antigua and Barbuda,AG,1998,789788888.888889,10906.8785406961,1266931123.39748,,
ATG,Antigua and Barbuda,AG,1999,835544444.444444,11342.3349230913,1332498765.77347,,
ATG,Antigua and Barbuda,AG,2000,901003703.703704,12027.4949768222,1447217180.44904,,
ATG,Antigua and Barbuda,AG,2001,877774074.074074,11539.1825063308,1412500912.42759,,
ATG,Antigua and Barbuda,AG,2002,898092592.592592,11658.6949915956,1449186282.88348,,
ATG,Antigua and Barbuda,AG,2003,948100000.0,12173.2319860305,1567598182.54281,,
ATG,Antigua and Barbuda,AG,2004,1026329629.62963,13037.8895772257,1702588348.57241,,
ATG,Antigua and Barbuda,AG,2005,1143896296.2963,14368.5708796058,1869648421.17262,,
ATG,Antigua and Barbuda,AG,2006,1303674074.07407,16173.8136329968,2172230129.35438,,
ATG,Antigua and Barbuda,AG,2007,1487381481.48148,18204.5124043068,2438910773.02227,,
ATG,Antigua and Barbuda,AG,2008,1557640740.74074,18786.6743142216,2485553313.20349,,
ATG,Antigua and Barbuda,AG,2009,1386518518.51852,16472.2478528568,2201706020.73879,,
ATG,Antigua and Barbuda,AG,2010,1298348148.14815,15217.3950790922,2053740262.1647,,
ATG,Antigua and Barbuda,AG,2011,1287359259.25926,14911.7275084471,2055053749.15776,,
ATG,Antigua and Barbuda,AG,2012,1364729629.62963,15639.8078114787,2008004315.57078,,
ATG,Antigua and Barbuda,AG,2013,1325496296.2963,15051.5113587425,1916318722.69576,,
ATG,Antigua and Barbuda,AG,2014,1378707407.40741,15532.1062063584,1923668370.58425,,
ATG,Antigua and Barbuda,AG,2015,1437485185.18519,16077.6340769406,1876287100.28153,,
ATG,Antigua and Barbuda,AG,2016,1489603703.7037,16556.8551801588,1918178442.04757,,
ATG,Antigua and Barbuda,AG,2017,1534855555.55556,16965.7288273816,1938005691.19943,,
ATG,Antigua and Barbuda,AG,2018,1661529629.62963,18273.4270684912,2229888663.55951,,
ATG,Antigua and Barbuda,AG,2019,1726448148.14815,18896.3721832248,2425768090.57419,,
ATG,Antigua and Barbuda,AG,2020,1411637037.03704,15369.6082250401,2054603457.83519,,
ATG,Antigua and Barbuda,AG,2021,1602125925.92593,17348.6006987182,2377570792.25983,,
ATG,Antigua and Barbuda,AG,2022,1866566666.66667,20105.1989085164,2779062289.10061,,
ATG,Antigua and Barbuda,AG,2023,2005785185.18518,21494.5474000727,2948949156.32379,,
ATG,Antigua and Barbuda,AG,2024,2224814814.81481,23725.7903725506,3150959938.89349,,
AUS,Australia,AU,1960,18607682977.2293,1810.7064295701,,,
AUS,Australia,AU,1961,19684003149.4405,1877.70706376424,,,
AUS,Australia,AU,1962,19923683187.7893,1854.74615414162,,,
AUS,Australia,AU,1963,21540963446.5541,1967.21127365791,,,
AUS,Australia,AU,1964,23801123808.1798,2131.38029982805,,,
AUS,Australia,AU,1965,25977284156.3655,2281.11030526567,,,
AUS,Australia,AU,1966,27308964369.4343,2343.9159187567,,,
AUS,Australia,AU,1967,30442724870.836,2580.11059164641,,,
AUS,Australia,AU,1968,32714085234.2536,2724.1306715175,,,
AUS,Australia,AU,1969,36684485869.5177,2991.47727876684,,,
AUS,Australia,AU,1970,41334726613.5563,3304.92736975744,,,
AUS,Australia,AU,1971,45217767234.8428,3495.2282008845,,,
AUS,Australia,AU,1972,52042056074.7664,3949.46164337606,,,
AUS,Australia,AU,1973,63833440102.4984,4770.81017208508,,,
AUS,Australia,AU,1974,88965364775.2395,6482.93848103472,,,
AUS,Australia,AU,1975,97304383449.406,7003.84247098582,,,
AUS,Australia,AU,1976,105060616984.856,7486.6826042084,,,
AUS,Australia,AU,1977,110352144987.382,7775.65846867125,,,
AUS,Australia,AU,1978,118492761338.464,8252.73445733837,,,
AUS,Australia,AU,1979,134900602067.477,9294.51578251874,,,
AUS,Australia,AU,1980,149987743732.591,10208.8036844943,,,
AUS,Australia,AU,1981,176895390688.494,11853.6694186454,,,
AUS,Australia,AU,1982,194041708043.694,12779.1459164023,,,
AUS,Australia,AU,1983,177267290706.228,11515.7445121041,,,
AUS,Australia,AU,1984,193525337525.765,12421.8807735017,,,
AUS,Australia,AU,1985,180643265927.279,11441.5819707185,,,
AUS,Australia,AU,1986,182481113598.209,11392.0043948477,,,
AUS,Australia,AU,1987,189495764955.003,11651.3301169821,,,
AUS,Australia,AU,1988,236161314544.153,14284.960791833,,,
AUS,Australia,AU,1989,299875906679.217,17834.4526910252,,,
AUS,Australia,AU,1990,311426665219.971,18249.3014538169,296612834071.745,12.227485341102,
AUS,Australia,AU,1991,325975319455.531,18859.9074576986,308275135699.637,11.9186578448085,0.06621618707962039
AUS,Australia,AU,1992,325525379566.838,18624.1877335866,319054474737.501,14.1452466452466,0.6674328382200945
AUS,Australia,AU,1993,312133923552.558,17699.8764915704,338875878220.141,17.8738893678711,0.4915950755610841
AUS,Australia,AU,1994,322806641300.588,18129.6353064456,359150262656.584,20.1885057766862,0.462621456178814
AUS,Australia,AU,1995,368166023166.023,20448.1219685874,378798712906.686,21.6803200993857,0.7455923854859924
AUS,Australia,AU,1996,401341880620.728,22021.7839065228,403354058864.168,21.8111080233435,0.31429159332130924
AUS,Australia,AU,1997,435642611296.586,23646.6230457327,426032065769.344,20.8599426944392,0.14717730521368114
AUS,Australia,AU,1998,399674421759.479,21479.1142020092,453620247395.633,16.8775032244926,-0.8489046493293085
AUS,Australia,AU,1999,389652212056.649,20712.6697805564,479437912024.365,31.0660703401538,2.075887483638285
AUS,Australia,AU,2000,416167815092.908,21870.4159669594,505056094140.601,29.5228121217974,0.07084077525682178
AUS,Australia,AU,2001,379629301675.108,19695.7297379144,532864799310.005,27.6933059278882,-0.6376614138793153
AUS,Australia,AU,2002,395788696012.059,20301.8431713256,565994508002.305,25.8835396049421,-0.08112899650254868
AUS,Australia,AU,2003,467739079790.332,23718.1338501868,594024458977.883,25.0737136225763,0.5292707609892773
AUS,Australia,AU,2004,614659980082.515,30836.7306824685,633138917180.184,22.8610710239339,0.5941101654705584
AUS,Australia,AU,2005,695692898676.56,34479.7679298388,666573991108.909,22.4060502981278,0.45938125419892767
AUS,Australia,AU,2006,748417562769.636,36595.7071548423,712648996565.745,21.439297308383,0.09936332176133564
AUS,Australia,AU,2007,855007458585.224,41051.6120652288,763412360149.174,20.0957188232021,0.22387067369322838
AUS,Australia,AU,2008,1056112427190.38,49701.2817843335,797546165740.298,18.1805465955822,0.5914112646624372
AUS,Australia,AU,2009,928762122698.05,42816.5674002829,874442486513.615,23.8686549747471,0.38592242616308975
AUS,Australia,AU,2010,1148838233480.72,52144.6654705468,867452812307.34,28.6633975352712,-15.396002749344268
AUS,Australia,AU,2011,1398610616772.97,62605.600458306,938789002628.632,30.0953996273683,1.2843604913046982
AUS,Australia,AU,2012,1547532281116.4,68072.8732340801,974432428747.204,39.441661369273,5.315285542956681
AUS,Australia,AU,2013,1577123329410.88,68190.7010035651,1062294635632.22,37.5600008066242,-0.2049220852544034
AUS,Australia,AU,2014,1468265356427.76,62544.0873773726,1101098183876.09,41.7223304965257,0.5212664882983059
AUS,Australia,AU,2015,1351296372254.31,56739.0265346593,1101816795436.34,46.4820384628409,21.59104554071348
AUS,Australia,AU,2016,1206836962281.84,49888.0410842736,1143265965868.5,54.6779869160885,0.7663375769787899
AUS,Australia,AU,2017,1325582658156.54,53901.7145392154,1189571541596.14,53.3164358193161,1.0123893310120164
AUS,Australia,AU,2018,1427809041019.44,57196.4220783778,1252748396187.98,54.5030658860126,1.13089319889126
AUS,Australia,AU,2019,1392723834562.64,54972.7017885437,1334462906706.38,60.2260851971351,0.7414024807453345
AUS,Australia,AU,2020,1328414058378.38,51791.540179984,1384652202439.55,69.3215748590956,1.6356974441217305
AUS,Australia,AU,2021,1556735770437.26,60607.7788605166,1494437295625.78,70.0109117652417,1.5394381499005305
AUS,Australia,AU,2022,1690858246994.43,64997.0136536475,1713614547048.26,58.0466964106785,-0.49456571148464873
AUS,Australia,AU,2023,1728057316695.61,64835.9199754535,1879379921223.82,,
AUS,Australia,AU,2024,1752193307380.34,64407.484256932,1936797839321.65,,
AUT,Austria,AT,1960,6624086313.14334,939.914814681174,,,
AUT,Austria,AT,1961,7346566037.83392,1036.72820436083,,,
AUT,Austria,AT,1962,7793042529.15992,1093.01419061569,,,
AUT,Austria,AT,1963,8414050621.01716,1172.55744626178,,,
AUT,Austria,AT,1964,9213648655.97511,1275.45715281679,,,
AUT,Austria,AT,1965,10041659445.118,1381.07725824421,,,
AUT,Austria,AT,1966,10939526218.6393,1494.04911382106,,,
AUT,Austria,AT,1967,11634569521.9273,1577.14147705169,,,
AUT,Austria,AT,1968,12499863917.1003,1685.66211669148,,,
AUT,Austria,AT,1969,13647475854.0287,1834.0780781796,,,
AUT,Austria,AT,1970,15312791743.8476,2050.7051537705,,,
AUT,Austria,AT,1971,17788536733.1204,2371.65247955003,,,
AUT,Austria,AT,1972,21973207929.0434,2912.59577111524,,,
AUT,Austria,AT,1973,29399860144.7748,3875.48305618551,,,
AUT,Austria,AT,1974,35051468639.576,4612.61920779656,,,
AUT,Austria,AT,1975,39902300703.1682,5264.91772004051,,,
AUT,Austria,AT,1976,42791707448.0325,5656.1451383787,,,
AUT,Austria,AT,1977,51343861460.328,6783.95142193665,,,
AUT,Austria,AT,1978,61809208755.804,8173.32926347245,,,
AUT,Austria,AT,1979,73647694287.1848,9755.4044562579,,,
AUT,Austria,AT,1980,81737498404.5948,10826.9718274995,,,
AUT,Austria,AT,1981,70755997062.3812,9348.48832395232,,,
AUT,Austria,AT,1982,70996111962.5716,9373.48820626125,,,
AUT,Austria,AT,1983,71838528420.4075,9500.05070417494,,,
AUT,Austria,AT,1984,67719055773.3306,8955.84829191534,,,
AUT,Austria,AT,1985,69114996009.577,9136.17092559695,,,
AUT,Austria,AT,1986,98648254168.5444,13031.8281010744,,,
AUT,Austria,AT,1987,123682091858.946,16328.5613047296,,,
AUT,Austria,AT,1988,132817124707.456,17509.7658683817,,,
AUT,Austria,AT,1989,132584448257.93,17400.5226619741,,,
AUT,Austria,AT,1990,165811372382.912,21596.068219998,148819509148.477,,
AUT,Austria,AT,1991,173113449616.971,22323.1312492943,159147311749.901,,
AUT,Austria,AT,1992,194314032056.098,24782.7118767063,166181925077.453,,
AUT,Austria,AT,1993,189634029338.696,23987.2037240657,171017172382.081,,
AUT,Austria,AT,1994,202738023129.743,25546.2460525087,178864816865.662,,
AUT,Austria,AT,1995,240094169510.031,30207.0674314652,187487608255.905,,
AUT,Austria,AT,1996,235952581232.129,29645.9451251491,194340605239.241,,
AUT,Austria,AT,1997,211724812267.448,26571.7523626508,201549397000.674,,
AUT,Austria,AT,1998,217068085815.918,27212.4642905708,211617683713.168,,
AUT,Austria,AT,1999,216421809125.916,27078.7081612201,219789588984.161,,
AUT,Austria,AT,2000,196181599831.287,24487.2974685956,234055806855.059,,
AUT,Austria,AT,2001,196477206829.33,24430.495982841,237701257456.157,,
AUT,Austria,AT,2002,212837224022.813,26334.862215032,250154113650.079,,
AUT,Austria,AT,2003,260779834340.097,32110.1159661425,259584438571.858,,
AUT,Austria,AT,2004,299210411454.823,36614.2506533707,273948983717.384,,
AUT,Austria,AT,2005,313952317330.776,38157.37022862,286136493567.015,,
AUT,Austria,AT,2006,333905979332.481,40382.2078298575,309214389032.941,,
AUT,Austria,AT,2007,386760177589.497,46622.9622913635,325131802424.247,,
AUT,Austria,AT,2008,429234399096.173,51581.3982361071,341570699090.85,,
AUT,Austria,AT,2009,399290118782.429,47857.4446635266,339285440340.572,,
AUT,Austria,AT,2010,389827789217.634,46611.1393420232,349089444117.312,,
AUT,Austria,AT,2011,428954737064.057,51116.8953522042,370671977954.567,,
AUT,Austria,AT,2012,406750487603.59,48250.4059142637,389098738029.221,,
AUT,Austria,AT,2013,426580502769.417,50305.3545774973,402959936317.639,,
AUT,Austria,AT,2014,438556021078.034,51314.9722616322,413263298435.022,,
AUT,Austria,AT,2015,379546097300.633,43915.228020857,428354580959.906,,
AUT,Austria,AT,2016,393687359770.273,45061.4993920192,457782737463.172,,
AUT,Austria,AT,2017,414926138132.691,47163.7425775142,473923403470.153,,
AUT,Austria,AT,2018,452582294972.775,51194.0749841299,500696126093.052,,
AUT,Austria,AT,2019,442983642371.842,49885.9947355204,535946931732.608,,
AUT,Austria,AT,2020,434397601557.696,48716.4098900349,521841933098.152,,
AUT,Austria,AT,2021,480467037338.783,53648.7190742245,563937063927.258,,
AUT,Austria,AT,2022,471773629830.381,52176.6649141178,639574811164.391,,
AUT,Austria,AT,2023,511685203845.001,56033.573792065,643595441773.677,,
AUT,Austria,AT,2024,521642466921.745,56833.1960472053,657343622086.766,,
AZE,Azerbaijan,AZ,1960,,,,,
AZE,Azerbaijan,AZ,1961,,,,,
AZE,Azerbaijan,AZ,1962,,,,,
AZE,Azerbaijan,AZ,1963,,,,,
AZE,Azerbaijan,AZ,1964,,,,,
AZE,Azerbaijan,AZ,1965,,,,,
AZE,Azerbaijan,AZ,1966,,,,,
AZE,Azerbaijan,AZ,1967,,,,,
AZE,Azerbaijan,AZ,1968,,,,,
AZE,Azerbaijan,AZ,1969,,,,,
AZE,Azerbaijan,AZ,1970,,,,,
AZE,Azerbaijan,AZ,1971,,,,,
AZE,Azerbaijan,AZ,1972,,,,,
AZE,Azerbaijan,AZ,1973,,,,,
AZE,Azerbaijan,AZ,1974,,,,,
AZE,Azerbaijan,AZ,1975,,,,,
AZE,Azerbaijan,AZ,1976,,,,,
AZE,Azerbaijan,AZ,1977,,,,,
AZE,Azerbaijan,AZ,1978,,,,,
AZE,Azerbaijan,AZ,1979,,,,,
AZE,Azerbaijan,AZ,1980,,,,,
AZE,Azerbaijan,AZ,1981,,,,,
AZE,Azerbaijan,AZ,1982,,,,,
AZE,Azerbaijan,AZ,1983,,,,,
AZE,Azerbaijan,AZ,1984,,,,,
AZE,Azerbaijan,AZ,1985,,,,,
AZE,Azerbaijan,AZ,1986,,,,,
AZE,Azerbaijan,AZ,1987,,,,,
AZE,Azerbaijan,AZ,1988,,,,,
AZE,Azerbaijan,AZ,1989,,,,,
AZE,Azerbaijan,AZ,1990,8884848484.84848,1238.27189274842,38334014156.1952,,
AZE,Azerbaijan,AZ,1991,5344000000.0,734.944232805688,39352985332.7605,,
AZE,Azerbaijan,AZ,1992,444658671.586716,60.2351205405972,31153331563.877,,
AZE,Azerbaijan,AZ,1993,1570392598.14954,209.530954548425,24524769014.6719,,
AZE,Azerbaijan,AZ,1994,1193141110.35043,157.063549947072,20113882150.2631,,
AZE,Azerbaijan,AZ,1995,2417331192.9526,314.55801908334,18112406088.0933,,
AZE,Azerbaijan,AZ,1996,3176507376.31836,409.185543774103,18683773509.5905,,
AZE,Azerbaijan,AZ,1997,3962362387.47922,505.516204188336,20108311485.0318,,
AZE,Azerbaijan,AZ,1998,4446368570.6901,561.906807871869,22367731994.1694,,
AZE,Azerbaijan,AZ,1999,4581248566.50158,573.893528734031,24362892687.9096,,
AZE,Azerbaijan,AZ,2000,5272615722.96892,655.097249579917,27680297877.1662,,
AZE,Azerbaijan,AZ,2001,5707616203.72011,703.670998584686,31105625930.0004,,
AZE,Azerbaijan,AZ,2002,6236087738.28284,763.108895463487,34570665515.3766,,
AZE,Azerbaijan,AZ,2003,7276413079.11451,883.692580745256,38851951591.1894,,
AZE,Azerbaijan,AZ,2004,8680405740.94125,1045.0136328106,43588677309.3803,,
AZE,Azerbaijan,AZ,2005,13245421880.834,1578.36733030667,57525596305.9818,,
AZE,Azerbaijan,AZ,2006,20981929497.6188,2472.95725732287,79737913230.3882,,
AZE,Azerbaijan,AZ,2007,33049419431.2244,3851.33015175141,102752139842.818,,
AZE,Azerbaijan,AZ,2008,48851293785.4483,5574.46810432575,115824486185.483,4.57653797474662,
AZE,Azerbaijan,AZ,2009,44292427184.9492,4950.39949009423,127457981878.843,6.29501240116287,0.047493529665194774
AZE,Azerbaijan,AZ,2010,52909294791.9262,5843.5337683582,135184889342.106,6.38557579182856,0.0764017608077531
AZE,Azerbaijan,AZ,2011,65952796427.9473,7189.81869211976,135803575412.212,,
AZE,Azerbaijan,AZ,2012,69679944504.1972,7495.86527658099,148678132524.431,,
AZE,Azerbaijan,AZ,2013,74160560123.6902,7875.34536661549,162604723251.662,,
AZE,Azerbaijan,AZ,2014,75239785452.1022,7890.84028062087,167470430285.624,,
AZE,Azerbaijan,AZ,2015,53076235354.746,5500.50364628486,145466446321.067,,
AZE,Azerbaijan,AZ,2016,37866996882.9157,3880.6852276838,141837623390.756,,
AZE,Azerbaijan,AZ,2017,40866627351.9817,4147.1981423222,141069643128.845,,
AZE,Azerbaijan,AZ,2018,47112470051.7701,4739.7943123408,151909515454.013,,
AZE,Azerbaijan,AZ,2019,48174235294.1176,4805.75371765917,167158106107.002,,
AZE,Azerbaijan,AZ,2020,42693000000.0,4229.91064904503,153047750160.236,22.1899994626478,
AZE,Azerbaijan,AZ,2021,54825411764.7059,5408.04535175023,203884098954.124,16.8224266977958,-0.0049297750655135746
AZE,Azerbaijan,AZ,2022,78807470588.2353,7770.594223351,228717780540.74,,
AZE,Azerbaijan,AZ,2023,72428470588.2353,7133.02838048328,240157347500.686,,
AZE,Azerbaijan,AZ,2024,74315882352.9412,7283.83562954872,255978795310.91,,
BDI,Burundi,BI,1960,195999990.0,70.9051000304602,,,
BDI,Burundi,BI,1961,202999992.0,71.601929936627,,,
BDI,Burundi,BI,1962,213500006.0,73.4195979769892,,,
BDI,Burundi,BI,1963,232749998.0,78.3711983234119,,,
BDI,Burundi,BI,1964,260750008.0,85.3337286665685,,,
BDI,Burundi,BI,1965,158994962.962963,50.613304005219,,,
BDI,Burundi,BI,1966,165444571.428571,51.4128738171299,,,
BDI,Burundi,BI,1967,178297142.857143,54.0181425269089,,,
BDI,Burundi,BI,1968,183200000.0,54.1949782672812,,,
BDI,Burundi,BI,1969,190205714.285714,55.058838902942,,,
BDI,Burundi,BI,1970,242732571.428571,68.7543539795049,,,
BDI,Burundi,BI,1971,252842285.714286,69.8982817558359,,,
BDI,Burundi,BI,1972,246804571.428571,68.2321917909931,,,
BDI,Burundi,BI,1973,304339523.902476,84.2581069284158,,,
BDI,Burundi,BI,1974,345263492.063492,93.2240048340913,,,
BDI,Burundi,BI,1975,420986666.666667,110.884827490053,,,
BDI,Burundi,BI,1976,448412753.623188,115.492131774523,,,
BDI,Burundi,BI,1977,547535555.555556,137.448044387076,,,
BDI,Burundi,BI,1978,610225555.555556,148.823232512919,,,
BDI,Burundi,BI,1979,782496666.666667,186.152273604962,,,
BDI,Burundi,BI,1980,919726666.666667,209.805736668168,,,
BDI,Burundi,BI,1981,969046666.666667,212.23033189707,,,
BDI,Burundi,BI,1982,1013222222.22222,216.43619143507,,,
BDI,Burundi,BI,1983,1082926304.46477,225.209524508283,,,
BDI,Burundi,BI,1984,987143931.166987,200.375711827241,,,
BDI,Burundi,BI,1985,1149979285.77347,228.440542564696,,,
BDI,Burundi,BI,1986,1201725497.06578,234.281244809988,,,
BDI,Burundi,BI,1987,1131466494.01101,215.608311467483,,,
BDI,Burundi,BI,1988,1082403219.48787,201.740400815807,,,
BDI,Burundi,BI,1989,1113924130.41149,203.578944192449,,,
BDI,Burundi,BI,1990,1132101252.51817,202.629446176297,3341974403.15739,,
BDI,Burundi,BI,1991,1167398478.3459,204.668258398817,3627634055.21179,,
BDI,Burundi,BI,1992,1083037670.60484,184.868970456447,3747776547.11987,,
BDI,Burundi,BI,1993,938632612.026359,165.344120319403,3597206497.23402,,
BDI,Burundi,BI,1994,925030590.153683,161.892584261635,3533299257.75218,,
BDI,Burundi,BI,1995,1000428393.88528,164.915311679326,3321676918.71909,,
BDI,Burundi,BI,1996,869033856.317093,143.156741187159,3111889882.22516,,
BDI,Burundi,BI,1997,972896267.915425,160.278342046962,3115220514.25189,,
BDI,Burundi,BI,1998,893770740.207416,144.456948255536,3299867398.27669,,
BDI,Burundi,BI,1999,808077223.365746,127.51419578119,3312763465.95848,,
BDI,Burundi,BI,2000,870486065.883137,134.537861752389,3358775149.08614,,
BDI,Burundi,BI,2001,876794723.068586,132.159554541932,3505009079.34156,,
BDI,Burundi,BI,2002,825394519.423728,120.952308575468,3717749557.01799,,
BDI,Burundi,BI,2003,784654423.620476,111.406682804391,3744756275.15687,,
BDI,Burundi,BI,2004,915257323.3961,125.194965184533,4031332237.01039,,
BDI,Burundi,BI,2005,1117113079.73645,147.234619294225,4195152422.91806,,
BDI,Burundi,BI,2006,1273375078.44844,161.892755640319,4558645467.73827,,
BDI,Burundi,BI,2007,1356199387.42308,166.162744906755,4843776399.62099,,
BDI,Burundi,BI,2008,1611835857.04588,189.502074570768,5177129800.90188,,
BDI,Burundi,BI,2009,1781455139.85931,199.097633037708,5407669583.83517,,
BDI,Burundi,BI,2010,2032135192.01248,216.727705301976,5753853444.3462,,
BDI,Burundi,BI,2011,2235820809.32006,230.070577369084,6109378663.94635,,
BDI,Burundi,BI,2012,2333341334.45753,231.688496393569,6434109700.67511,,
BDI,Burundi,BI,2013,2451606632.29246,234.843045388828,7175647231.46992,,
BDI,Burundi,BI,2014,2705783329.80483,250.540481111877,7822936123.43009,,
BDI,Burundi,BI,2015,3104003546.26497,280.966831311923,8809630118.7088,,
BDI,Burundi,BI,2016,2644487776.50077,235.286205393908,8676714933.88405,,
BDI,Burundi,BI,2017,2723586962.84034,236.694472592753,8759744160.76216,,
BDI,Burundi,BI,2018,2667182199.51333,224.89939239264,8935565006.18917,,
BDI,Burundi,BI,2019,2576518879.82353,210.236494521532,9549333185.98183,,
BDI,Burundi,BI,2020,2649680261.44299,210.008139902508,9923498550.19194,,
BDI,Burundi,BI,2021,2775798697.46022,214.091455416133,10847771568.5348,,
BDI,Burundi,BI,2022,3338722827.65691,250.634225368744,11836036574.1336,,
BDI,Burundi,BI,2023,2629391599.50157,192.074305359351,12588790450.8385,,
BDI,Burundi,BI,2024,2162378759.3467,153.930217854023,13343073380.4774,,
BEL,Belgium,BE,1960,11810619368.3874,1290.28607216192,,,
BEL,Belgium,BE,1961,12561701694.3319,1367.78885228138,,,
BEL,Belgium,BE,1962,13436827166.5187,1457.26516998378,,,
BEL,Belgium,BE,1963,14445805381.3872,1555.02293182578,,,
BEL,Belgium,BE,1964,16168044450.2523,1724.01894179056,,,
BEL,Belgium,BE,1965,17597783297.4583,1859.50998671639,,,
BEL,Belgium,BE,1966,18894891312.2977,1983.13119821777,,,
BEL,Belgium,BE,1967,20252508995.4745,2113.82194132888,,,
BEL,Belgium,BE,1968,21654856965.4281,2251.31575906782,,,
BEL,Belgium,BE,1969,24019653474.9959,2490.1071730838,,,
BEL,Belgium,BE,1970,26706196046.7931,2765.89099664794,,,
BEL,Belgium,BE,1971,29821661869.912,3082.92798879126,,,
BEL,Belgium,BE,1972,37209418018.5134,3831.63189999433,,,
BEL,Belgium,BE,1973,47743801490.3747,4900.96220075866,,,
BEL,Belgium,BE,1974,56033077879.0389,5733.79813933878,,,
BEL,Belgium,BE,1975,65678189097.2908,6701.37736052433,,,
BEL,Belgium,BE,1976,71113882967.6071,7243.04734119583,,,
BEL,Belgium,BE,1977,82839905458.6382,8426.94695947372,,,
BEL,Belgium,BE,1978,101246526194.441,10289.7684173296,,,
BEL,Belgium,BE,1979,116315456796.918,11810.6158754725,,,
BEL,Belgium,BE,1980,126829314388.191,12864.0025661396,,,
BEL,Belgium,BE,1981,104730018470.23,10622.8024830789,,,
BEL,Belgium,BE,1982,92095926187.5331,9343.86109959618,,,
BEL,Belgium,BE,1983,87184239053.2544,8846.23429846974,,,
BEL,Belgium,BE,1984,83349530159.1734,8457.26880316374,,,
BEL,Belgium,BE,1985,86268264148.3796,8750.81851250536,,,
BEL,Belgium,BE,1986,120018787249.413,12170.0406962702,,,
BEL,Belgium,BE,1987,149394404105.889,15135.8523116968,,,
BEL,Belgium,BE,1988,162299103675.261,16391.093827791,,,
BEL,Belgium,BE,1989,164221056511.057,16525.0617432848,,,
BEL,Belgium,BE,1990,205331747947.851,20600.3752789827,186143914588.878,,
BEL,Belgium,BE,1991,210510999409.333,21041.6606519648,195966424619.526,,
BEL,Belgium,BE,1992,234781652446.675,23372.619171015,203500309947.015,,
BEL,Belgium,BE,1993,224721795708.955,22283.9360213551,206320181481.636,,
BEL,Belgium,BE,1994,244884129491.198,24208.5547931447,217526046011.997,,
BEL,Belgium,BE,1995,288025588396.278,28413.8264387368,227383463991.073,,
BEL,Belgium,BE,1996,279201433224.756,27489.5551770488,230928998259.576,,
BEL,Belgium,BE,1997,252708051420.839,24820.9380503896,241579537994.353,,
BEL,Belgium,BE,1998,258528339631.029,25338.4432934904,248634626792.289,,
BEL,Belgium,BE,1999,258245733221.468,25252.8019066564,260168701709.78,,
BEL,Belgium,BE,2000,236792460312.471,23098.8865077401,284862666666.667,,
BEL,Belgium,BE,2001,236746141604.37,23015.0712632462,296218031614.831,,
BEL,Belgium,BE,2002,258383599375.177,25006.191397109,312900377877.018,,
BEL,Belgium,BE,2003,318082528506.588,30655.2092679024,320981343828.761,,
BEL,Belgium,BE,2004,369214712443.206,35429.4077933344,334143156430.084,,
BEL,Belgium,BE,2005,385714762230.039,36809.7013403619,347658412088.972,,
BEL,Belgium,BE,2006,408259840868.823,38705.1067959147,371910293569.293,,
BEL,Belgium,BE,2007,470922156309.453,44319.165448813,391020785776.548,,
BEL,Belgium,BE,2008,517328087920.078,48303.397956286,405729462246.522,,
BEL,Belgium,BE,2009,485014525992.461,44923.3400135081,409034917983.614,,
BEL,Belgium,BE,2010,481556503720.001,44197.393671162,434128146075.674,,
BEL,Belgium,BE,2011,527196649048.639,47760.8298776546,455271537460.137,,
BEL,Belgium,BE,2012,498414364944.961,44874.1709182123,471861624035.897,,
BEL,Belgium,BE,2013,524097026598.55,46964.5946777056,489497572460.263,,
BEL,Belgium,BE,2014,537987419164.351,47995.7786961339,506062503280.372,,
BEL,Belgium,BE,2015,461044767544.531,40893.804537772,519562781951.127,,
BEL,Belgium,BE,2016,474271566739.729,41854.5498296444,548605717461.086,,
BEL,Belgium,BE,2017,500908767351.53,44035.3239358548,571670659099.524,,
BEL,Belgium,BE,2018,542638913427.921,47487.2100392561,599540192091.147,,
BEL,Belgium,BE,2019,536726344405.489,46716.6227467964,651568428663.064,,
BEL,Belgium,BE,2020,529694473501.791,45906.2875805246,647547562363.422,,
BEL,Belgium,BE,2021,598522422241.851,51658.238294958,702925341289.817,,
BEL,Belgium,BE,2022,593614574325.878,50822.2518538518,796097823446.673,,
BEL,Belgium,BE,2023,644655275111.58,54690.0942734964,814029729290.6,,
BEL,Belgium,BE,2024,664564181486.953,55954.6106261018,856629284653.932,,
BEN,Benin,BJ,1960,226195578.434497,89.8569246539715,,,
BEN,Benin,BJ,1961,235668220.508202,92.085848129765,,,
BEN,Benin,BJ,1962,236434954.038578,90.7738610077473,,,
BEN,Benin,BJ,1963,253927697.25805,95.7167369761973,,,
BEN,Benin,BJ,1964,269819005.87814,99.7850246017255,,,
BEN,Benin,BJ,1965,289908680.426395,105.117986938927,,,
BEN,Benin,BJ,1966,302925235.151997,107.637211853532,,,
BEN,Benin,BJ,1967,306221953.104911,106.58624185995,,,
BEN,Benin,BJ,1968,326323105.26476,111.211494175445,,,
BEN,Benin,BJ,1969,330748244.539574,110.314794748212,,,
BEN,Benin,BJ,1970,333627713.494438,108.848779482547,,,
BEN,Benin,BJ,1971,335073027.54117,106.889292742067,,,
BEN,Benin,BJ,1972,410331856.991218,127.927157014331,,,
BEN,Benin,BJ,1973,504376074.185709,153.609468135703,,,
BEN,Benin,BJ,1974,554654860.702577,164.946594142916,,,
BEN,Benin,BJ,1975,676870140.341529,196.455786019338,,,
BEN,Benin,BJ,1976,698408261.922237,197.726361142541,,,
BEN,Benin,BJ,1977,750049778.84069,207.012962247396,,,
BEN,Benin,BJ,1978,928843469.431727,249.802926180538,,,
BEN,Benin,BJ,1979,1186231019.82044,310.651387084352,,,
BEN,Benin,BJ,1980,1405251846.54048,358.003054209903,,,
BEN,Benin,BJ,1981,1291120188.43104,319.718185970269,,,
BEN,Benin,BJ,1982,1267778670.35902,305.0040635075,,,
BEN,Benin,BJ,1983,1095348199.43911,255.983601560726,,,
BEN,Benin,BJ,1984,1051134008.78979,238.574457355381,,,
BEN,Benin,BJ,1985,1045712789.14884,230.434117218913,,,
BEN,Benin,BJ,1986,1336102025.27763,285.771551064424,,,
BEN,Benin,BJ,1987,1562412227.90058,324.253765166191,,,
BEN,Benin,BJ,1988,1620246083.79478,326.179757700303,,,
BEN,Benin,BJ,1989,1502294416.17129,293.321949550953,,,
BEN,Benin,BJ,1990,1959965330.14765,371.101604332357,6264447110.1242,,
BEN,Benin,BJ,1991,1986437796.53053,364.689296016645,6749974293.25169,,
BEN,Benin,BJ,1992,1695315305.70308,301.77329696287,7107990709.16455,,
BEN,Benin,BJ,1993,2274558082.76135,387.310054813122,7701140674.38752,,
BEN,Benin,BJ,1994,1598075943.86774,262.129807445074,8024491427.21248,,
BEN,Benin,BJ,1995,2169627137.9207,348.435238914394,8688007424.04865,,
BEN,Benin,BJ,1996,2361116449.39308,369.394384135736,9229636576.82599,,
BEN,Benin,BJ,1997,2268301646.46707,344.550491498963,9927215098.12597,,
BEN,Benin,BJ,1998,2455092686.34712,361.601983057505,10436421094.8374,,
BEN,Benin,BJ,1999,3677393998.74486,525.130597245974,11149451394.142,,
BEN,Benin,BJ,2000,3519991440.47913,487.424141384242,12069905284.8706,,
BEN,Benin,BJ,2001,3666222635.13875,492.401499509072,12999880781.759,,
BEN,Benin,BJ,2002,4194342686.2178,546.463829658159,13814866444.8602,,
BEN,Benin,BJ,2003,5349258094.48239,676.002878084282,14572733236.281,,
BEN,Benin,BJ,2004,6190270380.49856,758.695803786371,15627491674.7869,,
BEN,Benin,BJ,2005,6567654954.38903,779.437777753268,16393603609.2827,,
BEN,Benin,BJ,2006,7034111314.88812,809.147072506221,17565614139.7533,,
BEN,Benin,BJ,2007,8169048382.83875,912.338247188342,19121539964.5388,,
BEN,Benin,BJ,2008,9787734526.23965,1060.60254502099,20444297274.8221,,
BEN,Benin,BJ,2009,9738626517.00319,1024.10277858112,21047481282.7312,,
BEN,Benin,BJ,2010,9535345015.78355,973.244254931526,21753633405.3039,,
BEN,Benin,BJ,2011,10693321363.6574,1059.41358852588,22860459982.9645,,
BEN,Benin,BJ,2012,11141358115.8991,1071.5258366283,24393778410.0812,,
BEN,Benin,BJ,2013,12517845123.9315,1168.92699279226,26896876069.4006,,
BEN,Benin,BJ,2014,13284527846.9081,1204.39918670094,29454694903.9928,,
BEN,Benin,BJ,2015,11388160996.7738,1002.41886879614,30961687093.8936,,
BEN,Benin,BJ,2016,11821065853.3838,1010.5338961993,33245555033.1574,,
BEN,Benin,BJ,2017,12701655836.9467,1054.97408066814,34745526935.4768,,
BEN,Benin,BJ,2018,14262408089.9261,1151.7409703472,36720416644.3096,,
BEN,Benin,BJ,2019,14391686313.4641,1130.82135339795,40076293090.6914,,
BEN,Benin,BJ,2020,15686741893.5187,1200.19426631122,42407309934.6404,,
BEN,Benin,BJ,2021,17687623534.6665,1318.65158107487,46467947984.7692,,
BEN,Benin,BJ,2022,17425405083.8797,1266.42710981159,52893642973.6996,,
BEN,Benin,BJ,2023,19673290995.8491,1394.17784663045,58278092338.3684,,
BEN,Benin,BJ,2024,21482643720.2743,1485.38018980894,64135878351.0355,,
BFA,Burkina Faso,BF,1960,330442815.821186,69.1502456087615,,,
BFA,Burkina Faso,BF,1961,350247234.260712,72.2423787062462,,,
BFA,Burkina Faso,BF,1962,379567099.249422,77.1529279288175,,,
BFA,Burkina Faso,BF,1963,394040667.106335,78.9087736712073,,,
BFA,Burkina Faso,BF,1964,410321644.964911,80.9147887718582,,,
BFA,Burkina Faso,BF,1965,422916789.7483,82.0746159924647,,,
BFA,Burkina Faso,BF,1966,433889766.239436,82.8360664864243,,,
BFA,Burkina Faso,BF,1967,450753923.548048,84.6272011419546,,,
BFA,Burkina Faso,BF,1968,460442689.376378,84.9737848392287,,,
BFA,Burkina Faso,BF,1969,478298645.39382,86.7555395725224,,,
BFA,Burkina Faso,BF,1970,458404268.761971,81.707563219742,,,
BFA,Burkina Faso,BF,1971,482411179.121178,84.5149375676447,,,
BFA,Burkina Faso,BF,1972,578595521.990135,99.6335814933813,,,
BFA,Burkina Faso,BF,1973,674773569.877548,114.137669473515,,,
BFA,Burkina Faso,BF,1974,751133430.449301,124.671435503255,,,
BFA,Burkina Faso,BF,1975,939972703.463021,152.901529606747,,,
BFA,Burkina Faso,BF,1976,976547188.054778,155.485422740659,,,
BFA,Burkina Faso,BF,1977,1131224878.18865,175.963864454284,,,
BFA,Burkina Faso,BF,1978,1475583644.93614,223.879111971163,,,
BFA,Burkina Faso,BF,1979,1748480620.52397,258.501729034845,,,
BFA,Burkina Faso,BF,1980,1928719888.20688,277.597531370181,,,
BFA,Burkina Faso,BF,1981,1775842333.57042,248.707973908892,,,
BFA,Burkina Faso,BF,1982,1754450096.23721,239.019483569339,,,
BFA,Burkina Faso,BF,1983,1600278605.25465,211.925740542196,,,
BFA,Burkina Faso,BF,1984,1459880132.14107,187.832224278391,,,
BFA,Burkina Faso,BF,1985,1552493196.28424,194.063226299244,,,
BFA,Burkina Faso,BF,1986,2036303357.68113,247.459134637104,,,
BFA,Burkina Faso,BF,1987,2369834949.73234,280.218092226592,,,
BFA,Burkina Faso,BF,1988,2616040478.99309,301.129214663833,,,
BFA,Burkina Faso,BF,1989,2615587733.97303,293.188703727147,,,
BFA,Burkina Faso,BF,1990,3101300778.56414,338.593759055128,5192843277.16224,,
BFA,Burkina Faso,BF,1991,3135045584.08387,333.70605512636,5855373513.42645,,
BFA,Burkina Faso,BF,1992,3356692505.18266,348.592443894547,6002745550.54567,,
BFA,Burkina Faso,BF,1993,3199536465.23328,324.111576707435,6357733265.99342,,
BFA,Burkina Faso,BF,1994,1895290637.09504,187.21142372606,6578873266.36329,,
BFA,Burkina Faso,BF,1995,2379517975.28056,229.092294496817,7100769815.78973,,
BFA,Burkina Faso,BF,1996,2586550595.41013,242.733171352672,8027218788.85307,,
BFA,Burkina Faso,BF,1997,2447669101.95178,223.853958525611,8681454235.75325,,
BFA,Burkina Faso,BF,1998,2804902367.14687,249.53173292493,9420568438.15163,,
BFA,Burkina Faso,BF,1999,3389566712.66037,292.836958697313,10260410776.0297,,
BFA,Burkina Faso,BF,2000,2968370087.59759,248.908526921752,10690983443.7214,,
BFA,Burkina Faso,BF,2001,3190371080.94768,259.485223380436,11654669659.5725,,
BFA,Burkina Faso,BF,2002,3622350062.96053,285.654087637533,12350989938.8874,,
BFA,Burkina Faso,BF,2003,4740768142.67494,362.373899996953,13577548764.0047,,
BFA,Burkina Faso,BF,2004,5451688537.60959,403.81283743461,14567076341.3202,,
BFA,Burkina Faso,BF,2005,6146353173.34929,441.164148016012,16325164677.7767,,
BFA,Burkina Faso,BF,2006,6547419820.38113,455.513655620024,17880926557.468,,
BFA,Burkina Faso,BF,2007,7625722836.76847,514.684451177238,19120436926.0912,,
BFA,Burkina Faso,BF,2008,9451435490.11467,619.437533256264,20619182899.137,,
BFA,Burkina Faso,BF,2009,9450696873.34326,601.569520671859,21360854972.6256,,
BFA,Burkina Faso,BF,2010,10109619740.6994,624.957252224766,23446574734.3389,,
BFA,Burkina Faso,BF,2011,12080295977.5632,725.024767725475,25515102554.621,,
BFA,Burkina Faso,BF,2012,12561015156.5683,731.470138867833,26992067760.1929,,
BFA,Burkina Faso,BF,2013,13444300485.8412,759.762065168498,29071648205.4878,,
BFA,Burkina Faso,BF,2014,13943016076.7436,764.861675106225,30284926912.3411,,
BFA,Burkina Faso,BF,2015,11832159315.6298,630.124750752312,31763609326.839,,
BFA,Burkina Faso,BF,2016,12833363045.3367,663.742364842886,36383537964.2514,,
BFA,Burkina Faso,BF,2017,14106955615.3442,709.091535894695,40632395597.0095,,
BFA,Burkina Faso,BF,2018,15890066221.2882,777.465618514048,42375183591.2275,45.5738610534927,
BFA,Burkina Faso,BF,2019,16032813503.3707,764.853077774946,46790489892.5012,47.0623633717549,0.06878441221317633
BFA,Burkina Faso,BF,2020,17725010532.5268,825.237038782475,51134807594.6267,73.3851925518101,1.2573003481717993
BFA,Burkina Faso,BF,2021,19697516284.3787,895.535288442991,54689652540.5665,55.5822235545459,-0.579270152302681
BFA,Burkina Faso,BF,2022,18820218690.5948,836.118304593682,59465954759.397,62.5256115534246,0.17150072557813026
BFA,Burkina Faso,BF,2023,20324617844.5265,882.689810086163,63429415199.2733,61.2860389683284,0.1737613862485067
BFA,Burkina Faso,BF,2024,23250214909.5391,987.321378101867,68201683192.8703,,
BGD,Bangladesh,BD,1960,4274894083.33333,82.4812774116354,,,
BGD,Bangladesh,BD,1961,4817580375.0,90.3685786294248,,,
BGD,Bangladesh,BD,1962,5081413541.66667,92.5894211769315,,,
BGD,Bangladesh,BD,1963,5319458562.5,94.1423742967849,,,
BGD,Bangladesh,BD,1964,5386054833.33333,92.5782977938389,,,
BGD,Bangladesh,BD,1965,5906636791.66667,98.6041470420746,,,
BGD,Bangladesh,BD,1966,6439687854.16667,104.42205467886,,,
BGD,Bangladesh,BD,1967,7253575687.5,114.209881696109,,,
BGD,Bangladesh,BD,1968,7483685770.83333,114.414967470375,,,
BGD,Bangladesh,BD,1969,8471006437.5,125.880311698198,,,
BGD,Bangladesh,BD,1970,8992722166.66667,130.218160844955,,,
BGD,Bangladesh,BD,1971,8751843187.5,124.533963099152,,,
BGD,Bangladesh,BD,1972,6288245866.66667,87.773765191476,,,
BGD,Bangladesh,BD,1973,8086725729.3407,109.691726756912,,,
BGD,Bangladesh,BD,1974,12512460519.7088,164.986393602814,,,
BGD,Bangladesh,BD,1975,19448348073.4565,249.804254016022,,,
BGD,Bangladesh,BD,1976,10117113333.3333,126.693044204437,,,
BGD,Bangladesh,BD,1977,9651149301.8746,117.887771379224,,,
BGD,Bangladesh,BD,1978,13281767142.8571,158.324255152285,,,
BGD,Bangladesh,BD,1979,15565480321.9448,181.130706703135,,,
BGD,Bangladesh,BD,1980,18138049095.6072,206.075714312155,,,
BGD,Bangladesh,BD,1981,20249694002.448,224.241392391192,,,
BGD,Bangladesh,BD,1982,18525399201.5968,199.595944646851,,,
BGD,Bangladesh,BD,1983,17609048821.5488,184.70677287459,,,
BGD,Bangladesh,BD,1984,18920840000.0,193.435020976238,,,
BGD,Bangladesh,BD,1985,22278423076.9231,222.22018039634,,,
BGD,Bangladesh,BD,1986,21774033333.3333,212.14899385306,,,
BGD,Bangladesh,BD,1987,24298032258.0645,231.499584520483,,,
BGD,Bangladesh,BD,1988,26579005558.3652,247.901465967332,,,
BGD,Bangladesh,BD,1989,28781715188.8919,263.005720827547,,,
BGD,Bangladesh,BD,1990,31598340778.2164,283.053737055234,105008754992.418,,
BGD,Bangladesh,BD,1991,30957483949.5798,272.064948495878,112343514642.75,,
BGD,Bangladesh,BD,1992,31708874594.1645,273.465072520272,121157504599.86,,
BGD,Bangladesh,BD,1993,33166519417.9894,280.757274450366,129873049504.622,,
BGD,Bangladesh,BD,1994,33768660882.793,280.603031791216,137806197692.128,,
BGD,Bangladesh,BD,1995,37939748768.6567,309.458680823367,147900975216.151,,
BGD,Bangladesh,BD,1996,46438484107.5795,371.917937677345,157420603401.486,,
BGD,Bangladesh,BD,1997,48244309133.4895,379.284917709635,167325146303.572,,
BGD,Bangladesh,BD,1998,49984559471.3656,385.616881752796,177965478384.521,,
BGD,Bangladesh,BD,1999,51270569883.5275,388.095684268235,188912743218.433,,
BGD,Bangladesh,BD,2000,53369787318.6245,396.670730249751,203418206731.376,,
BGD,Bangladesh,BD,2001,53991289844.3291,394.65641001891,218559239143.377,31.4618431575804,
BGD,Bangladesh,BD,2002,54724081490.5102,393.886422327628,230463472736.244,31.863991518402,0.03785390731513587
BGD,Bangladesh,BD,2003,60158929188.2556,426.74880754362,246152172425.973,31.2044521104432,0.0850923014938624
BGD,Bangladesh,BD,2004,65108544250.0425,455.614016909798,266015461711.794,,
BGD,Bangladesh,BD,2005,69476001239.419,480.08585075452,292288029438.599,,
BGD,Bangladesh,BD,2006,71795736172.1561,490.388026533289,321404279211.061,,
BGD,Bangladesh,BD,2007,79611644974.5571,537.955492792911,353413232026.431,,
BGD,Bangladesh,BD,2008,91636997370.9772,613.06204104124,381885501594.424,,
BGD,Bangladesh,BD,2009,102475158190.998,679.211477428056,403626330533.373,,
BGD,Bangladesh,BD,2010,115275540051.262,757.385280361508,431294060080.085,,
BGD,Bangladesh,BD,2011,128607482310.357,837.336944695647,468647816773.515,,
BGD,Bangladesh,BD,2012,133310747603.483,859.680536375497,532553859722.85,,
BGD,Bangladesh,BD,2013,149998957434.186,958.262989798283,577776460458.473,,
BGD,Bangladesh,BD,2014,172886611653.786,1094.46199702838,627516703644.248,,
BGD,Bangladesh,BD,2015,195146608978.131,1224.38647668165,671359529456.477,,
BGD,Bangladesh,BD,2016,265224515675.034,1649.28380858601,736379109928.489,,
BGD,Bangladesh,BD,2017,293732446624.596,1811.08221668646,791891204668.818,,
BGD,Bangladesh,BD,2018,321362752441.78,1965.24372731467,897767805988.755,,
BGD,Bangladesh,BD,2019,351231654603.692,2129.79896954606,997249695284.319,,
BGD,Bangladesh,BD,2020,373979442362.193,2248.85078828233,1104316059486.83,,
BGD,Bangladesh,BD,2021,416271647911.014,2482.84917843357,1247561124482.2,,
BGD,Bangladesh,BD,2022,460131689083.083,2716.48592780431,1431395376250.57,,
BGD,Bangladesh,BD,2023,437415333018.291,2551.01773827307,1568541874255.92,,
BGD,Bangladesh,BD,2024,450119424622.389,2593.41607390407,1674316179059.49,,
BGR,Bulgaria,BG,1960,,,,,
BGR,Bulgaria,BG,1961,,,,,
BGR,Bulgaria,BG,1962,,,,,
BGR,Bulgaria,BG,1963,,,,,
BGR,Bulgaria,BG,1964,,,,,
BGR,Bulgaria,BG,1965,,,,,
BGR,Bulgaria,BG,1966,,,,,
BGR,Bulgaria,BG,1967,,,,,
BGR,Bulgaria,BG,1968,,,,,
BGR,Bulgaria,BG,1969,,,,,
BGR,Bulgaria,BG,1970,,,,,
BGR,Bulgaria,BG,1971,,,,,
BGR,Bulgaria,BG,1972,,,,,
BGR,Bulgaria,BG,1973,,,,,
BGR,Bulgaria,BG,1974,,,,,
BGR,Bulgaria,BG,1975,,,,,
BGR,Bulgaria,BG,1976,,,,,
BGR,Bulgaria,BG,1977,,,,,
BGR,Bulgaria,BG,1978,,,,,
BGR,Bulgaria,BG,1979,,,,,
BGR,Bulgaria,BG,1980,19839230769.2308,2238.80295786574,,,
BGR,Bulgaria,BG,1981,19870000000.0,2234.81481573125,,,
BGR,Bulgaria,BG,1982,19342000000.0,2169.00401089683,,,
BGR,Bulgaria,BG,1983,16563666666.6667,1852.81343442802,,,
BGR,Bulgaria,BG,1984,17594944444.4444,1963.57267618274,,,
BGR,Bulgaria,BG,1985,17155421052.6316,1914.55064658793,,,
BGR,Bulgaria,BG,1986,20249294117.6471,2260.4272811545,,,
BGR,Bulgaria,BG,1987,28101000000.0,3132.30136036246,,,
BGR,Bulgaria,BG,1988,22555941176.4706,2511.39306259489,,,
BGR,Bulgaria,BG,1989,21988444444.4444,2477.0208179596,,,
BGR,Bulgaria,BG,1990,20632090909.0909,2366.52982128614,65784592476.1834,,
BGR,Bulgaria,BG,1991,7628738475.37666,883.736578319325,62265676043.2644,,
BGR,Bulgaria,BG,1992,8602887622.63828,1007.34454544881,59053227447.4579,,
BGR,Bulgaria,BG,1993,10832064941.654,1278.52511370319,59558146751.345,,
BGR,Bulgaria,BG,1994,9709240033.98973,1149.89464008734,61935724579.3027,,
BGR,Bulgaria,BG,1995,18991484420.36,2259.25922555221,65044102236.4453,,
BGR,Bulgaria,BG,1996,12294964837.6235,1470.19259250682,57255610548.1297,,
BGR,Bulgaria,BG,1997,11316127378.9613,1361.40938439884,47789109581.7418,,
BGR,Bulgaria,BG,1998,15031055046.7575,1820.44866449942,51007415177.6061,,
BGR,Bulgaria,BG,1999,13637098579.109,1660.9089125393,47685770372.0117,,
BGR,Bulgaria,BG,2000,13245990274.4581,1621.26210738992,52475293539.858,,
BGR,Bulgaria,BG,2001,14183446025.7389,1770.90704918691,55751957574.1368,,
BGR,Bulgaria,BG,2002,16403043849.8297,2092.98288625558,61023440831.8326,,
BGR,Bulgaria,BG,2003,21144957990.4681,2719.49436859287,65448587463.2394,,
BGR,Bulgaria,BG,2004,26157743368.8716,3389.68743360274,71008537317.7107,,
BGR,Bulgaria,BG,2005,29868657858.0082,3899.82596332878,78821895816.2094,,
BGR,Bulgaria,BG,2006,34380536495.6739,4523.1465578805,86712835345.0697,,
BGR,Bulgaria,BG,2007,44431257128.8618,5888.57081403932,96748685896.1293,,
BGR,Bulgaria,BG,2008,54480684188.4442,7271.30338858025,107494842686.593,,
BGR,Bulgaria,BG,2009,52023801230.12,6988.27316296465,105567621819.823,,
BGR,Bulgaria,BG,2010,50689051382.4361,6853.94805511171,110607955777.981,,
BGR,Bulgaria,BG,2011,57681293006.9721,7849.58061302818,115717208524.997,,
BGR,Bulgaria,BG,2012,54297052002.2338,7431.95789508871,119285335551.293,,
BGR,Bulgaria,BG,2013,55819262374.9039,7795.98092108928,120959811960.839,,
BGR,Bulgaria,BG,2014,57080897012.1077,8069.60005667684,127259409825.144,,
BGR,Bulgaria,BG,2015,50765918159.1476,7268.65445473873,132010035906.559,,
BGR,Bulgaria,BG,2016,53929397039.2106,7822.49923292968,143021674686.199,,
BGR,Bulgaria,BG,2017,59167647387.606,8696.68930427924,151832826641.707,,
BGR,Bulgaria,BG,2018,66251582035.9412,9872.38507789106,161416529330.849,,
BGR,Bulgaria,BG,2019,68634004792.1,10372.8044341114,177424012151.293,,
BGR,Bulgaria,BG,2020,70550652466.6251,10769.9475699414,179336952546.507,,
BGR,Bulgaria,BG,2021,84414122840.1687,12972.2173356002,201555151287.05,,
BGR,Bulgaria,BG,2022,90509236929.2237,13999.6719197289,231557092922.466,,
BGR,Bulgaria,BG,2023,102396840296.147,15883.8618545581,241796730275.678,,
BGR,Bulgaria,BG,2024,112211952703.831,17412.4115085691,264775178278.769,,
BHR,Bahrain,BH,1960,,,,,
BHR,Bahrain,BH,1961,,,,,
BHR,Bahrain,BH,1962,,,,,
BHR,Bahrain,BH,1963,,,,,
BHR,Bahrain,BH,1964,,,,,
BHR,Bahrain,BH,1965,,,,,
BHR,Bahrain,BH,1966,,,,,
BHR,Bahrain,BH,1967,,,,,
BHR,Bahrain,BH,1968,,,,,
BHR,Bahrain,BH,1969,,,,,
BHR,Bahrain,BH,1970,391577364.077364,1741.82245407152,,,
BHR,Bahrain,BH,1971,422181562.186708,1829.74070543315,,,
BHR,Bahrain,BH,1972,534081183.680728,2205.917004377,,,
BHR,Bahrain,BH,1973,761132545.104221,2981.09253134976,,,
BHR,Bahrain,BH,1974,1042176883.51827,3873.71629107511,,,
BHR,Bahrain,BH,1975,1099107600.50569,3880.44047162927,,,
BHR,Bahrain,BH,1976,1581709518.98261,5310.19132615533,,,
BHR,Bahrain,BH,1977,1989060283.04271,6358.42084195442,,,
BHR,Bahrain,BH,1978,2272042965.21126,6925.98893207436,,,
BHR,Bahrain,BH,1979,2710160739.18742,7890.82982494874,,,
BHR,Bahrain,BH,1980,3493834468.02865,9732.72587186027,,,
BHR,Bahrain,BH,1981,3943109531.91489,10556.5091718735,,,
BHR,Bahrain,BH,1982,4145421079.78723,10712.1529364009,,,
BHR,Bahrain,BH,1983,4247030468.08511,10598.8427157127,,,
BHR,Bahrain,BH,1984,4440874566.48936,10696.9331055208,,,
BHR,Bahrain,BH,1985,4152376484.04255,9648.65643032674,,,
BHR,Bahrain,BH,1986,3470746843.08511,7776.95657736318,,,
BHR,Bahrain,BH,1987,3856922694.14894,8332.91425406054,,,
BHR,Bahrain,BH,1988,4209834172.87234,8771.7853534009,,,
BHR,Bahrain,BH,1989,4393093962.76596,8833.41134256929,,,
BHR,Bahrain,BH,1990,4809511005.31915,9342.53891401688,13849100371.6826,7.67539435426901,
BHR,Bahrain,BH,1991,5248911170.21277,10434.1323962786,15925300297.0046,14.4052165631514,0.18638286245307803
BHR,Bahrain,BH,1992,5402232446.80851,10460.1583222808,17377895954.1868,18.732405446645,0.17613371110175063
BHR,Bahrain,BH,1993,5913001063.82979,11151.871495742,20079358095.9532,17.0153363819107,-0.0021658877758538443
BHR,Bahrain,BH,1994,6330627925.53191,11629.3595219612,20456821719.1415,15.7248022647076,-0.028183637359504278
BHR,Bahrain,BH,1995,6651180851.06383,11900.9317778335,21706545441.9508,14.9389566082491,-0.0014896909562297474
BHR,Bahrain,BH,1996,6938166755.31915,12091.7802188235,23012414560.7456,13.9070398716136,-0.021995622564253674
BHR,Bahrain,BH,1997,7219407712.76596,12254.6662583128,24133299648.4367,14.916205663568,0.09989256377478398
BHR,Bahrain,BH,1998,7031309042.55319,11625.0343768343,25573503154.9677,18.6135552828644,0.16102925216147457
BHR,Bahrain,BH,1999,7528469148.93617,12123.3534715368,27050614774.8075,20.8358032721467,0.17591116476363308
BHR,Bahrain,BH,2000,9062898936.17021,14214.4836839343,29129541486.3927,25.7450148929614,0.3677992376130603
BHR,Bahrain,BH,2001,8976196808.51064,13573.2339887597,30527388692.4569,27.1047836328351,0.07134831483764952
BHR,Bahrain,BH,2002,9593510638.29787,13501.4708801425,32039893083.1749,28.3796671065326,0.19148880581892389
BHR,Bahrain,BH,2003,11074813829.7872,14486.0269029822,34729663754.4617,32.4533576041094,0.3240211377479727
BHR,Bahrain,BH,2004,13150159574.4681,15963.9493171617,38153235357.4752,29.3985591955441,0.0793932600676611
BHR,Bahrain,BH,2005,15968723404.2553,17966.1657837625,42013080198.8788,,
BHR,Bahrain,BH,2006,18504760638.2979,19267.282615072,46109468096.963,20.2540605565848,
BHR,Bahrain,BH,2007,21730000000.0,20908.4042548073,51286604420.6927,7.54545632569935,-0.4072401486307724
BHR,Bahrain,BH,2008,25710904255.3191,23299.4992780392,55539312164.1959,7.2926256555605,0.05534646503397827
BHR,Bahrain,BH,2009,22938218085.1064,19465.3140745038,57301203503.1051,15.6294022913075,0.9706083146066609
BHR,Bahrain,BH,2010,26805984042.5532,21819.3291098099,60511365801.66,29.0713708137176,1.3107625867365207
BHR,Bahrain,BH,2011,29914680851.0638,25032.7867743333,62950607636.3072,34.5689325404164,1.0447175780654328
BHR,Bahrain,BH,2012,31963404255.3191,26438.6733230428,68563454589.6353,35.6065986264045,0.18527054560517786
BHR,Bahrain,BH,2013,33823324468.0851,26989.7601148469,70567575887.0546,42.2700248553772,1.4550250041266826
BHR,Bahrain,BH,2014,34772526595.7447,26451.7965647453,71379476259.9094,43.5275770260668,1.0327752841762143
BHR,Bahrain,BH,2015,32523297872.3404,23734.0551143019,65822385264.1269,60.7584088656577,-0.8322699778553376
BHR,Bahrain,BH,2016,33884680851.0638,23800.001440631,67525760773.3312,70.5694533398636,2.43727570476822
BHR,Bahrain,BH,2017,37204813829.7872,24784.7693514607,75332756767.7388,77.5251429515026,0.6315939021054832
BHR,Bahrain,BH,2018,39567978723.4043,26324.4066549559,78150406940.0445,84.3014580347853,1.6017949696882567
BHR,Bahrain,BH,2019,40446808510.6383,27259.7438599327,83979879528.4482,91.3598106259863,0.6168216123022622
BHR,Bahrain,BH,2020,35837632978.7234,24342.8444554718,78668739612.8244,111.598089477141,-0.5727557750007767
BHR,Bahrain,BH,2021,40840212765.9574,27147.8083882286,82671890844.1512,,
BHR,Bahrain,BH,2022,46458191489.3617,30470.5219276023,94039487080.4043,,
BHR,Bahrain,BH,2023,46192260638.2979,29290.1284215098,101201588299.581,,
BHR,Bahrain,BH,2024,47736702127.6596,30048.2177718844,106776082045.154,,
BHS,"Bahamas, The",BS,1960,169736027.157764,1459.25382495907,,,
BHS,"Bahamas, The",BS,1961,190022030.403525,1555.04660837439,,,
BHS,"Bahamas, The",BS,1962,212170033.947205,1651.21861850222,,,
BHS,"Bahamas, The",BS,1963,237650038.024006,1759.23692156911,,,
BHS,"Bahamas, The",BS,1964,266560042.649607,1883.44386022276,,,
BHS,"Bahamas, The",BS,1965,300272048.043528,2029.52341329301,,,
BHS,"Bahamas, The",BS,1966,346800000.0,2239.23963996539,,,
BHS,"Bahamas, The",BS,1967,398000000.0,2452.74763198925,,,
BHS,"Bahamas, The",BS,1968,453800000.0,2668.01498039262,,,
BHS,"Bahamas, The",BS,1969,538700000.0,3026.72757204421,,,
BHS,"Bahamas, The",BS,1970,539500000.0,2916.49998378221,,,
BHS,"Bahamas, The",BS,1971,573400000.0,3004.34356612542,,,
BHS,"Bahamas, The",BS,1972,590900000.0,3013.95016704496,,,
BHS,"Bahamas, The",BS,1973,670900000.0,3341.2852169669,,,
BHS,"Bahamas, The",BS,1974,632400000.0,3079.74014083821,,,
BHS,"Bahamas, The",BS,1975,596200000.0,2840.58965343091,,,
BHS,"Bahamas, The",BS,1976,642100000.0,2993.45923795227,,,
BHS,"Bahamas, The",BS,1977,713000000.0,3253.37543404956,,,
BHS,"Bahamas, The",BS,1978,832400000.0,3720.04057901064,,,
BHS,"Bahamas, The",BS,1979,1139800100.0,4994.08535249529,,,
BHS,"Bahamas, The",BS,1980,1335300000.0,5742.58362505698,,,
BHS,"Bahamas, The",BS,1981,1426500000.0,6028.80641044063,,,
BHS,"Bahamas, The",BS,1982,1578300000.0,6559.46869259478,,,
BHS,"Bahamas, The",BS,1983,1732800000.0,7081.38194836084,,,
BHS,"Bahamas, The",BS,1984,2041100000.0,8201.70133768379,,,
BHS,"Bahamas, The",BS,1985,2320699900.0,9167.14687502469,,,
BHS,"Bahamas, The",BS,1986,2472500000.0,9600.599527833,,,
BHS,"Bahamas, The",BS,1987,2713999900.0,10361.3488079104,,,
BHS,"Bahamas, The",BS,1988,2817900000.0,10575.797153666,,,
BHS,"Bahamas, The",BS,1989,3062000000.0,11291.4764472044,,,
BHS,"Bahamas, The",BS,1990,3166000000.0,11473.3008389353,5468495824.01783,24.4188250157928,
BHS,"Bahamas, The",BS,1991,3111160000.0,11082.3528573617,5417015744.7824,27.9767032232351,-1.890051480982121
BHS,"Bahamas, The",BS,1992,3109000000.0,10873.4047501635,5328506724.058,30.6304277902863,-0.9253294108294374
BHS,"Bahamas, The",BS,1993,3092000000.0,10613.0658785813,5471599905.99104,34.4340232858991,0.7855021356125542
BHS,"Bahamas, The",BS,1994,3259000000.0,10991.2346674131,5764404367.40712,34.8665234734581,0.24453179317597423
BHS,"Bahamas, The",BS,1995,3429000000.0,11374.6056703852,6142967173.62644,33.9982502187227,0.07792630315327673
BHS,"Bahamas, The",BS,1996,3609000000.0,11783.797197226,6519630443.08902,34.2227763923525,0.18398396025945654
BHS,"Bahamas, The",BS,1997,6332360000.0,20367.5732702056,6717462617.5648,21.7237964992515,0.7103445148514236
BHS,"Bahamas, The",BS,1998,6833220000.0,21667.448821694,7113368009.17399,20.9517328580084,0.14157170169414343
BHS,"Bahamas, The",BS,1999,7683870000.0,24041.0933188158,7729406884.25914,19.6411443712608,0.12583946100687315
BHS,"Bahamas, The",BS,2000,8076470000.0,24940.0775086078,8232404551.30512,18.7520042790972,0.010536828194712166
BHS,"Bahamas, The",BS,2001,8317830000.0,25371.9237667614,8638824315.07493,,
BHS,"Bahamas, The",BS,2002,8881160000.0,26781.6195938652,9010378920.27252,,
BHS,"Bahamas, The",BS,2003,8870090000.0,26429.1247787663,9072048169.55721,,
BHS,"Bahamas, The",BS,2004,9055290000.0,26650.2934234303,9398205460.89875,,
BHS,"Bahamas, The",BS,2005,9836200000.0,28602.4181869995,10022060354.5234,,
BHS,"Bahamas, The",BS,2006,10167250000.0,29184.7865087908,10591116604.2273,22.7774542844919,
BHS,"Bahamas, The",BS,2007,10618340000.0,30051.8489587756,11035364907.0718,22.9908535609144,0.28228870759218516
BHS,"Bahamas, The",BS,2008,10526000000.0,29392.3824416397,10986620781.6859,25.45550066502,-4.886722207326915
BHS,"Bahamas, The",BS,2009,9981960000.0,27512.9130950084,10592816282.8435,30.908208407968,-1.0304580094764173
BHS,"Bahamas, The",BS,2010,10095760000.0,27473.100430502,10886517826.6701,33.6922817103418,1.0767628112527476
BHS,"Bahamas, The",BS,2011,10070450000.0,27090.8376801379,11179248735.1189,35.306429206242,0.5261637755171755
BHS,"Bahamas, The",BS,2012,10720400000.0,28552.0242683151,11652886944.3095,36.4498330286183,0.7432922284745982
BHS,"Bahamas, The",BS,2013,10475300000.0,27642.7419759179,11480182878.3561,44.7663646864529,-4.527068286921327
BHS,"Bahamas, The",BS,2014,11139100000.0,29137.2175632622,12128852901.2596,46.3248467111347,0.7257310857265207
BHS,"Bahamas, The",BS,2015,11837600000.0,30719.405417469,12384087314.253,47.6225079407988,1.8696185769131834
BHS,"Bahamas, The",BS,2016,11880900000.0,30616.5363157284,12528462792.3855,50.2046646297839,2.2677258232144117
BHS,"Bahamas, The",BS,2017,12446900000.0,31875.4881749619,13386673556.9062,52.624565152769,0.6820713794319814
BHS,"Bahamas, The",BS,2018,12819200000.0,32642.3353203452,13834540972.566,56.5027068771842,1.5474847594772294
BHS,"Bahamas, The",BS,2019,13277000000.0,33640.3369861278,14254082379.9356,56.6924606462303,0.6766030599452282
BHS,"Bahamas, The",BS,2020,10363200000.0,26178.7537607708,10769304826.4195,79.0414158203086,-0.19058949792077615
BHS,"Bahamas, The",BS,2021,12037000000.0,30367.8605757708,12313201284.2481,82.5398306524293,1.1296738213880406
BHS,"Bahamas, The",BS,2022,13896800000.0,34957.1613279737,14625921166.6018,77.6639776530748,0.3707704670169135
BHS,"Bahamas, The",BS,2023,15271300000.0,38231.774484278,15614176109.9621,73.7303208143,0.47231824050843385
BHS,"Bahamas, The",BS,2024,15832800000.0,39455.4466548546,16532024282.4816,,
BIH,Bosnia and Herzegovina,BA,1960,,,,,
BIH,Bosnia and Herzegovina,BA,1961,,,,,
BIH,Bosnia and Herzegovina,BA,1962,,,,,
BIH,Bosnia and Herzegovina,BA,1963,,,,,
BIH,Bosnia and Herzegovina,BA,1964,,,,,
BIH,Bosnia and Herzegovina,BA,1965,,,,,
BIH,Bosnia and Herzegovina,BA,1966,,,,,
BIH,Bosnia and Herzegovina,BA,1967,,,,,
BIH,Bosnia and Herzegovina,BA,1968,,,,,
BIH,Bosnia and Herzegovina,BA,1969,,,,,
BIH,Bosnia and Herzegovina,BA,1970,,,,,
BIH,Bosnia and Herzegovina,BA,1971,,,,,
BIH,Bosnia and Herzegovina,BA,1972,,,,,
BIH,Bosnia and Herzegovina,BA,1973,,,,,
BIH,Bosnia and Herzegovina,BA,1974,,,,,
BIH,Bosnia and Herzegovina,BA,1975,,,,,
BIH,Bosnia and Herzegovina,BA,1976,,,,,
BIH,Bosnia and Herzegovina,BA,1977,,,,,
BIH,Bosnia and Herzegovina,BA,1978,,,,,
BIH,Bosnia and Herzegovina,BA,1979,,,,,
BIH,Bosnia and Herzegovina,BA,1980,,,,,
BIH,Bosnia and Herzegovina,BA,1981,,,,,
BIH,Bosnia and Herzegovina,BA,1982,,,,,
BIH,Bosnia and Herzegovina,BA,1983,,,,,
BIH,Bosnia and Herzegovina,BA,1984,,,,,
BIH,Bosnia and Herzegovina,BA,1985,,,,,
BIH,Bosnia and Herzegovina,BA,1986,,,,,
BIH,Bosnia and Herzegovina,BA,1987,,,,,
BIH,Bosnia and Herzegovina,BA,1988,,,,,
BIH,Bosnia and Herzegovina,BA,1989,,,,,
BIH,Bosnia and Herzegovina,BA,1990,7753478260.86957,1742.88262171767,4637921321.41758,,
BIH,Bosnia and Herzegovina,BA,1991,6122959183.67347,1373.37104472973,4346551045.72072,,
BIH,Bosnia and Herzegovina,BA,1992,4735044707.23969,1118.17569934079,4159443276.0317,,
BIH,Bosnia and Herzegovina,BA,1993,3630668949.83246,929.872118717018,4165152997.7464,,
BIH,Bosnia and Herzegovina,BA,1994,1255802469.1358,337.090896023259,4727650806.40403,,
BIH,Bosnia and Herzegovina,BA,1995,1866572953.73665,502.365980975339,5597528861.90815,,
BIH,Bosnia and Herzegovina,BA,1996,2786045321.63743,718.933797141505,8789370034.11271,,
BIH,Bosnia and Herzegovina,BA,1997,3671909673.04401,913.813399054859,12216998778.4022,,
BIH,Bosnia and Herzegovina,BA,1998,4116774300.60671,1006.70479669823,14407138419.3494,,
BIH,Bosnia and Herzegovina,BA,1999,4686256363.04707,1134.60298042083,16002211475.7554,,
BIH,Bosnia and Herzegovina,BA,2000,5567772768.81188,1338.48059636261,17250728970.2581,,
BIH,Bosnia and Herzegovina,BA,2001,5800615466.26648,1387.89365131544,18001354030.7797,,
BIH,Bosnia and Herzegovina,BA,2002,6728220886.64546,1606.54672243362,19535710614.9456,,
BIH,Bosnia and Herzegovina,BA,2003,8498894359.38629,2033.94700935864,20549407935.5108,,
BIH,Bosnia and Herzegovina,BA,2004,10156541538.399,2452.68616839392,22395126485.0637,,
BIH,Bosnia and Herzegovina,BA,2005,11222796336.5426,2739.61076866057,24398053620.218,,
BIH,Bosnia and Herzegovina,BA,2006,12864841905.9543,3166.12865344833,27916736800.9389,,
BIH,Bosnia and Herzegovina,BA,2007,15778734264.3787,3931.48948737505,30848838159.0601,,
BIH,Bosnia and Herzegovina,BA,2008,19112796623.1175,4841.69311934649,33896684161.9712,,
BIH,Bosnia and Herzegovina,BA,2009,17613949091.2294,4539.91863774968,33729448496.7896,,
BIH,Bosnia and Herzegovina,BA,2010,17176315803.7298,4506.47828548389,34633887612.8028,,
BIH,Bosnia and Herzegovina,BA,2011,18644233537.1093,4982.69375768263,36525618036.5649,45.8346942869169,
BIH,Bosnia and Herzegovina,BA,2012,17226735995.6905,4693.78899115381,37145784899.7744,49.0902635279898,-0.14331198841772655
BIH,Bosnia and Herzegovina,BA,2013,18179108530.5261,5034.56616016469,39027289744.1516,49.6097513913455,0.29867605777403694
BIH,Bosnia and Herzegovina,BA,2014,18558733564.4692,5206.06558252,39811537889.8189,53.5008608706996,1.1609484594431745
BIH,Bosnia and Herzegovina,BA,2015,16404348871.4437,4662.25883724069,41689899626.6497,,
BIH,Bosnia and Herzegovina,BA,2016,17116926327.6247,4928.5665251728,44798625490.3582,52.2381277367734,
BIH,Bosnia and Herzegovina,BA,2017,18326373366.1105,5345.01985489192,46722359237.752,47.371562985449,-0.13519144107688352
BIH,Bosnia and Herzegovina,BA,2018,20484053868.9246,6047.84584261133,50324993987.0851,44.8932408077693,0.14280274418303235
BIH,Bosnia and Herzegovina,BA,2019,20482608755.379,6122.3753450882,54961732518.3234,44.0235719186881,-0.03855719556262716
BIH,Bosnia and Herzegovina,BA,2020,20226036564.4129,6130.31133245161,54010125838.4267,45.4216368447367,-0.1784570071974906
BIH,Bosnia and Herzegovina,BA,2021,23672712242.2149,7295.3438240957,59338714265.9436,46.9748191378299,0.3628009388837239
BIH,Bosnia and Herzegovina,BA,2022,24534663636.1778,7655.59421024383,67676711039.9018,41.7435105198961,-0.10537109675484847
BIH,Bosnia and Herzegovina,BA,2023,27592361387.8597,8663.02322987879,71703747014.8435,40.3101187929916,0.21874246039273107
BIH,Bosnia and Herzegovina,BA,2024,28343394203.4694,8957.37294188215,69522273869.1429,,
BLR,Belarus,BY,1960,,,,,
BLR,Belarus,BY,1961,,,,,
BLR,Belarus,BY,1962,,,,,
BLR,Belarus,BY,1963,,,,,
BLR,Belarus,BY,1964,,,,,
BLR,Belarus,BY,1965,,,,,
BLR,Belarus,BY,1966,,,,,
BLR,Belarus,BY,1967,,,,,
BLR,Belarus,BY,1968,,,,,
BLR,Belarus,BY,1969,,,,,
BLR,Belarus,BY,1970,,,,,
BLR,Belarus,BY,1971,,,,,
BLR,Belarus,BY,1972,,,,,
BLR,Belarus,BY,1973,,,,,
BLR,Belarus,BY,1974,,,,,
BLR,Belarus,BY,1975,,,,,
BLR,Belarus,BY,1976,,,,,
BLR,Belarus,BY,1977,,,,,
BLR,Belarus,BY,1978,,,,,
BLR,Belarus,BY,1979,,,,,
BLR,Belarus,BY,1980,,,,,
BLR,Belarus,BY,1981,,,,,
BLR,Belarus,BY,1982,,,,,
BLR,Belarus,BY,1983,,,,,
BLR,Belarus,BY,1984,,,,,
BLR,Belarus,BY,1985,,,,,
BLR,Belarus,BY,1986,,,,,
BLR,Belarus,BY,1987,,,,,
BLR,Belarus,BY,1988,,,,,
BLR,Belarus,BY,1989,,,,,
BLR,Belarus,BY,1990,17389558232.9317,1706.64091882343,53193233762.3329,,
BLR,Belarus,BY,1991,18404907975.4601,1805.45592531527,54332225386.9322,,
BLR,Belarus,BY,1992,16939790093.9054,1658.08641281239,50235620769.4633,25.7608695652174,
BLR,Belarus,BY,1993,16275073526.9819,1589.51011343649,47517963139.9133,5.18781725888325,1.2950550205864797
BLR,Belarus,BY,1994,14931435232.078,1460.00791360458,42854253851.6297,75.9557129208116,-2.2507742995208453
BLR,Belarus,BY,1995,13972683273.5692,1370.69991385664,39202485381.3169,16.8800606245315,2.459816591716289
BLR,Belarus,BY,1996,14756846153.8462,1452.5071047646,41037957751.5213,11.5201288580528,-0.35881211062372004
BLR,Belarus,BY,1997,14130585516.1787,1396.6571872706,46504640735.6481,12.1714690728675,0.0036387977255775586
BLR,Belarus,BY,1998,15221352698.8944,1511.25979105507,50977578797.0522,20.1805426390813,0.3022290286989112
BLR,Belarus,BY,1999,12138243080.6258,1210.5874393672,53456725836.2878,15.103117448937,-0.49956636026026935
BLR,Belarus,BY,2000,12736780455.1539,1276.28038121269,57838349047.3859,15.0144518163306,0.018053733028926496
BLR,Belarus,BY,2001,12354820143.8849,1244.37318523431,61935267888.0986,11.440616774975,-0.12177203354236392
BLR,Belarus,BY,2002,14594900944.7658,1479.38066337175,66071097838.5282,12.3366860124798,0.09358689359283588
BLR,Belarus,BY,2003,17825444724.4878,1819.52653114699,72120938869.55,,
BLR,Belarus,BY,2004,23141566292.9462,2378.33700470129,82540052109.454,,
BLR,Belarus,BY,2005,30210091836.8294,3126.07176665248,93130096681.3365,6.57022058767027,
BLR,Belarus,BY,2006,36961894281.3444,3848.22350300163,105602279424.649,6.64440183178372,0.03776621277672589
BLR,Belarus,BY,2007,45275711995.825,4735.48107556066,117791170660.995,8.9092608163614,0.12944856565592516
BLR,Belarus,BY,2008,60752106347.126,6376.17569162063,132306851781.267,10.6566343685377,0.16812153396078452
BLR,Belarus,BY,2009,50873167326.0414,5352.48809190697,133389134344.402,18.5574619808712,2.7410945546451395
BLR,Belarus,BY,2010,57231904542.8755,6034.67885177216,145473507864.257,18.905245726907,0.11411956943887094
BLR,Belarus,BY,2011,61762382327.9319,6527.6593428786,156715098657.899,39.4168108447656,1.2031152419328228
BLR,Belarus,BY,2012,65685890438.8922,6953.21591683101,171127080561.616,24.4293134230567,-0.5757812784402023
BLR,Belarus,BY,2013,75527558966.4473,7998.0802045456,179553714196.485,23.8372955552391,0.23225352984950914
BLR,Belarus,BY,2014,78813069120.9984,8341.31809294883,179879739572.13,24.5487262642116,4.122001668702844
BLR,Belarus,BY,2015,56454769844.7632,5967.05595058777,171562717858.933,37.5981780556757,-0.22584530292108365
BLR,Belarus,BY,2016,47723545321.259,5039.77560949445,168862491607.69,38.9240984107258,0.9814011474045573
BLR,Belarus,BY,2017,54725405751.1559,5785.54491935194,174175435650.665,39.8801045313301,0.6114480496207639
BLR,Belarus,BY,2018,60031026576.26,6360.037502312,189020934305.568,37.0957369908527,0.02993518259058423
BLR,Belarus,BY,2019,64410170653.4569,6837.77339645635,210075611346.388,33.2442039424903,-0.04067045237677486
BLR,Belarus,BY,2020,61371673344.7424,6542.85579976768,233301042735.647,,
BLR,Belarus,BY,2021,69673747131.87,7489.71894713888,256855349956.29,,
BLR,Belarus,BY,2022,73775179924.603,7994.64806074889,262349397260.188,,
BLR,Belarus,BY,2023,72478760370.4258,7896.75388295584,283005268450.188,,
BLR,Belarus,BY,2024,75961865471.9129,8316.64776291533,301471103995.527,,
BLZ,Belize,BZ,1960,28072478.0724781,307.414508338751,,,
BLZ,Belize,BZ,1961,29964999.965,320.029476728041,,,
BLZ,Belize,BZ,1962,31857591.8575919,331.704794335727,,,
BLZ,Belize,BZ,1963,33750113.7501138,341.932583787017,,,
BLZ,Belize,BZ,1964,36194586.1945862,356.235408350011,,,
BLZ,Belize,BZ,1965,40110040.1100401,383.186435252354,,,
BLZ,Belize,BZ,1966,44450044.4500445,411.933019943696,,,
BLZ,Belize,BZ,1967,47431255.747674,426.264071353746,,,
BLZ,Belize,BZ,1968,44999910.00018,392.282566057727,,,
BLZ,Belize,BZ,1969,47399905.2001896,401.557990513297,,,
BLZ,Belize,BZ,1970,53339893.3202134,441.7894689257,,,
BLZ,Belize,BZ,1971,59074687.1961851,481.04464147376,,,
BLZ,Belize,BZ,1972,65998069.3847631,529.356647508447,,,
BLZ,Belize,BZ,1973,78214767.8301496,618.567502314442,,,
BLZ,Belize,BZ,1974,103160450.445869,804.777863602367,,,
BLZ,Belize,BZ,1975,118194026.251574,906.486277401685,,,
BLZ,Belize,BZ,1976,97094227.2292471,729.488780751524,,,
BLZ,Belize,BZ,1977,117650000.0,865.792901454885,,,
BLZ,Belize,BZ,1978,136300000.0,982.604370174389,,,
BLZ,Belize,BZ,1979,151800000.0,1071.443696269,,,
BLZ,Belize,BZ,1980,257400000.0,1774.4136989701,,,
BLZ,Belize,BZ,1981,260750000.0,1752.51703789335,,,
BLZ,Belize,BZ,1982,248550000.0,1629.32322940976,,,
BLZ,Belize,BZ,1983,262150000.0,1677.25548155115,,,
BLZ,Belize,BZ,1984,290350000.0,1814.18859813551,,,
BLZ,Belize,BZ,1985,287300000.0,1754.01108696183,,,
BLZ,Belize,BZ,1986,311500000.0,1859.10214020555,,,
BLZ,Belize,BZ,1987,371100000.0,2165.89431416265,,,
BLZ,Belize,BZ,1988,421450000.0,2405.81116565818,,,
BLZ,Belize,BZ,1989,491100000.0,2741.93638439592,,,
BLZ,Belize,BZ,1990,547150000.0,2988.64952260263,819064248.99306,21.1854153340035,
BLZ,Belize,BZ,1991,597100000.0,3192.36526946108,946517922.433058,21.3336961982917,0.08997386807684435
BLZ,Belize,BZ,1992,696250000.0,3645.61243670903,1091335343.7096,24.5332136445242,0.29988795282487724
BLZ,Belize,BZ,1993,752850000.0,3862.7104904003,1185777488.24954,26.2706382413495,0.2855293061308651
BLZ,Belize,BZ,1994,772300000.0,3879.01374706801,1210856333.80612,27.9544865984721,0.7222820507879333
BLZ,Belize,BZ,1995,819050000.0,4012.07959009728,1245304989.95145,27.4926439167328,0.2695605878158114
BLZ,Belize,BZ,1996,850850000.0,4045.69445104845,1282130597.2742,29.2723746841394,0.6486111631686324
BLZ,Belize,BZ,1997,873400000.0,4016.62941603892,1359476743.87219,,
BLZ,Belize,BZ,1998,929500000.0,4127.93718607471,1428239879.95579,,
BLZ,Belize,BZ,1999,1000250000.0,4291.83168210625,1584964655.36981,,
BLZ,Belize,BZ,2000,1138900000.0,4729.67080428075,1819268792.5366,,
BLZ,Belize,BZ,2001,1172800000.0,4721.81625660785,1953132524.97571,,
BLZ,Belize,BZ,2002,1244650000.0,4861.74314184267,2090535193.55517,50.4011167798176,
BLZ,Belize,BZ,2003,1308900000.0,4962.08962013799,2337883566.48037,66.584040033616,0.9872755462751658
BLZ,Belize,BZ,2004,1400850000.0,5156.09817143194,2515527393.93269,78.5282507049291,1.286532176646222
BLZ,Belize,BZ,2005,1474950000.0,5272.74417207961,2651984341.59973,69.6530051866165,-0.5328860218787025
BLZ,Belize,BZ,2006,1591150000.0,5527.16775856439,2857099677.93355,67.0722433460076,0.1943930703217018
BLZ,Belize,BZ,2007,1707100000.0,5765.28199932455,3032907162.12651,64.0632944760119,0.15018985182120287
BLZ,Belize,BZ,2008,1738900000.0,5713.28126796797,3039342498.34301,62.0173673011674,-2.362658218387391
BLZ,Belize,BZ,2009,1688500000.0,5401.22963143045,3046182781.32742,64.9312111341427,2.6232101860251773
BLZ,Belize,BZ,2010,1745700000.0,5451.13897172477,3117550615.77091,64.1597353497165,0.3317040538584112
BLZ,Belize,BZ,2011,1827050000.0,5582.22170621269,3174088034.88961,62.5666511589721,0.40835786917557587
BLZ,Belize,BZ,2012,1909400000.0,5709.68918765363,3098710709.99168,61.3845710694459,-0.38410755541147135
BLZ,Belize,BZ,2013,2032750000.0,5950.20299917747,3250377139.13507,61.2077235272414,0.4755370084688461
BLZ,Belize,BZ,2014,2138250000.0,6128.14288539305,3311260718.30445,61.0306091429908,0.9984137074282327
BLZ,Belize,BZ,2015,2193050000.0,6154.49593498217,3398772050.198,,
BLZ,Belize,BZ,2016,2240200000.0,6142.49873185177,3428786070.73689,,
BLZ,Belize,BZ,2017,2266300000.0,6072.58267640581,3404254285.09165,,
BLZ,Belize,BZ,2018,2293250000.0,6031.28139580144,3622682735.48562,,
BLZ,Belize,BZ,2019,2388300000.0,6190.04792278445,4063289991.47876,,
BLZ,Belize,BZ,2020,2042850000.0,5227.19363786168,3758836239.11244,,
BLZ,Belize,BZ,2021,2420550000.0,6122.61158580079,4616637500.26857,,
BLZ,Belize,BZ,2022,2846700000.0,7068.45478269722,5423194808.06664,,
BLZ,Belize,BZ,2023,3066850000.0,7459.99815132837,5682898282.4383,,
BLZ,Belize,BZ,2024,3515783328.91079,8429.67959707387,6294776296.61763,,
BMU,Bermuda,BM,1960,72400000.0,1715.31463229719,,,
BMU,Bermuda,BM,1961,76500000.0,1773.99531572479,,,
BMU,Bermuda,BM,1962,80700000.0,1824.18228260132,,,
BMU,Bermuda,BM,1963,82600000.0,1821.79091310101,,,
BMU,Bermuda,BM,1964,92200000.0,1986.64081017022,,,
BMU,Bermuda,BM,1965,98000000.0,2064.85324792988,,,
BMU,Bermuda,BM,1966,115000000.0,2369.47294680018,,,
BMU,Bermuda,BM,1967,134800000.0,2722.46233388537,,,
BMU,Bermuda,BM,1968,150000000.0,2975.95428934212,,,
BMU,Bermuda,BM,1969,164900000.0,3214.04903909874,,,
BMU,Bermuda,BM,1970,186300000.0,3574.16928861945,,,
BMU,Bermuda,BM,1971,211100000.0,4012.77396544186,,,
BMU,Bermuda,BM,1972,235400000.0,4458.08003333144,,,
BMU,Bermuda,BM,1973,269500000.0,5090.09179163676,,,
BMU,Bermuda,BM,1974,312600000.0,5891.88781664656,,,
BMU,Bermuda,BM,1975,345000000.0,6493.6287150144,,,
BMU,Bermuda,BM,1976,386300000.0,7259.91355008457,,,
BMU,Bermuda,BM,1977,447000000.0,8383.03139417126,,,
BMU,Bermuda,BM,1978,475800000.0,8904.94282345455,,,
BMU,Bermuda,BM,1979,517200000.0,9664.21884634789,,,
BMU,Bermuda,BM,1980,613299968.0,11426.6012333948,,,
BMU,Bermuda,BM,1981,739100032.0,13687.7980628553,,,
BMU,Bermuda,BM,1982,785500032.0,14442.7902256054,,,
BMU,Bermuda,BM,1983,889400000.0,16236.741698158,,,
BMU,Bermuda,BM,1984,985699968.0,17866.9174355163,,,
BMU,Bermuda,BM,1985,1039500032.0,18713.8825139071,,,
BMU,Bermuda,BM,1986,1173500032.0,20996.9767217163,,,
BMU,Bermuda,BM,1987,1296499968.0,23042.7435883764,,,
BMU,Bermuda,BM,1988,1415100032.0,24958.1127004004,,,
BMU,Bermuda,BM,1989,1501500032.0,26282.6240963434,,,
BMU,Bermuda,BM,1990,1592400000.0,27665.525808301,2068931682.90361,,
BMU,Bermuda,BM,1991,1634900000.0,28195.7091611479,2063302183.94067,,
BMU,Bermuda,BM,1992,1679900000.0,28761.9634632835,2109061166.99141,,
BMU,Bermuda,BM,1993,1820359900.0,30950.0799102285,2224009319.29989,,
BMU,Bermuda,BM,1994,1867160100.0,31543.0634861641,2285116526.7961,,
BMU,Bermuda,BM,1995,2030750000.0,34115.3445553204,2435661677.54241,,
BMU,Bermuda,BM,1996,2695390000.0,45063.6149332085,2544751275.64251,,
BMU,Bermuda,BM,1997,2932827000.0,48736.6768034299,2707711381.44924,,
BMU,Bermuda,BM,1998,3130748000.0,51629.2814855126,2844929975.68212,,
BMU,Bermuda,BM,1999,3324433000.0,54388.3417315621,2982784270.00168,,
BMU,Bermuda,BM,2000,3480219000.0,56542.9569455727,3334556050.41131,,
BMU,Bermuda,BM,2001,3680483000.0,59490.2452034202,3655898957.66493,,
BMU,Bermuda,BM,2002,3937228000.0,63358.5658652763,3657845331.61154,,
BMU,Bermuda,BM,2003,4186525000.0,67106.8028083224,3857284207.79327,,
BMU,Bermuda,BM,2004,4484703000.0,71692.1589001679,4052955585.05347,,
BMU,Bermuda,BM,2005,4868136000.0,77628.103522508,4250016553.30314,,
BMU,Bermuda,BM,2006,6144000000.0,97781.4558996721,4623961353.15661,,
BMU,Bermuda,BM,2007,6767000000.0,107395.651483891,4908105011.79343,,
BMU,Bermuda,BM,2008,6980000000.0,110268.562401264,4909322335.7464,,
BMU,Bermuda,BM,2009,6656000000.0,104711.712420357,4661665611.4008,,
BMU,Bermuda,BM,2010,6634526000.0,104111.824244802,4600224450.62097,,
BMU,Bermuda,BM,2011,6312691000.0,99049.0169927667,4519405326.5993,,
BMU,Bermuda,BM,2012,6378188000.0,100213.493385287,4401060438.48103,,
BMU,Bermuda,BM,2013,6465756000.0,101704.40746217,4546789583.9929,,
BMU,Bermuda,BM,2014,6413988000.0,100961.576602811,4573359853.64919,,
BMU,Bermuda,BM,2015,6654541000.0,104855.366822135,4819676018.15066,,
BMU,Bermuda,BM,2016,6899911000.0,108747.356144305,5102072630.22836,,
BMU,Bermuda,BM,2017,7142316000.0,112339.425587467,5447424722.84928,,
BMU,Bermuda,BM,2018,7225977000.0,113204.82210838,5488075615.45772,,
BMU,Bermuda,BM,2019,7423465000.0,115798.040775578,5832740627.90402,,
BMU,Bermuda,BM,2020,6887364000.0,106976.546239632,5481895565.20419,,
BMU,Bermuda,BM,2021,7290037000.0,112765.08167306,5968282122.23481,,
BMU,Bermuda,BM,2022,7874381000.0,121613.939983629,6807865902.96515,,
BMU,Bermuda,BM,2023,8579242000.0,132604.439086216,7399642886.20114,,
BMU,Bermuda,BM,2024,8980200000.0,138934.958846463,7738130438.58606,,
BOL,Bolivia,BO,1960,373250000.0,100.815082854737,,,
BOL,Bolivia,BO,1961,406000000.0,107.443477717784,,,
BOL,Bolivia,BO,1962,443916666.666667,115.079059551545,,,
BOL,Bolivia,BO,1963,478000000.0,121.353276906598,,,
BOL,Bolivia,BO,1964,538583333.333333,133.876179179232,,,
BOL,Bolivia,BO,1965,598333333.333333,145.58711267745,,,
BOL,Bolivia,BO,1966,662500000.0,157.754997559262,,,
BOL,Bolivia,BO,1967,748250000.0,174.31274303611,,,
BOL,Bolivia,BO,1968,849333333.333333,193.51655736171,,,
BOL,Bolivia,BO,1969,920333333.333333,205.054759498469,,,
BOL,Bolivia,BO,1970,1006833333.33333,219.353189499224,,,
BOL,Bolivia,BO,1971,1084666666.66667,231.058296704132,,,
BOL,Bolivia,BO,1972,1286153846.15385,267.89413451881,,,
BOL,Bolivia,BO,1973,1263600000.0,257.341859802045,,,
BOL,Bolivia,BO,1974,2101300000.0,418.379384665927,,,
BOL,Bolivia,BO,1975,2405900000.0,468.298148198972,,,
BOL,Bolivia,BO,1976,2733350000.0,519.994688476886,,,
BOL,Bolivia,BO,1977,3229050000.0,600.288223118602,,,
BOL,Bolivia,BO,1978,3760100000.0,683.142437042195,,,
BOL,Bolivia,BO,1979,4510500000.0,801.033733989315,,,
BOL,Bolivia,BO,1980,4450360000.0,772.779523867405,,,
BOL,Bolivia,BO,1981,5778480000.0,981.381288967307,,,
BOL,Bolivia,BO,1982,5600390625.0,930.593009773204,,,
BOL,Bolivia,BO,1983,5414008620.68966,880.46117954446,,,
BOL,Bolivia,BO,1984,6169304528.06122,982.081210248484,,,
BOL,Bolivia,BO,1985,5377276656.7658,838.080051738814,,,
BOL,Bolivia,BO,1986,3959383519.82718,604.257338303133,,,
BOL,Bolivia,BO,1987,4347956337.93221,649.708769442851,,,
BOL,Bolivia,BO,1988,4597611710.19835,672.607172751221,,,
BOL,Bolivia,BO,1989,4715973437.43673,675.469993900788,,,
BOL,Bolivia,BO,1990,4867582597.51312,682.67681029538,16285334761.5608,,
BOL,Bolivia,BO,1991,5343262457.10226,733.935487602519,17722750387.5174,,
BOL,Bolivia,BO,1992,5643868748.68126,759.57113496365,18425080624.8697,,
BOL,Bolivia,BO,1993,5734699488.84934,756.637016048451,19667081616.6967,,
BOL,Bolivia,BO,1994,5981222858.82727,774.035669644318,21024526972.9655,59.1717241709186,
BOL,Bolivia,BO,1995,6715161732.22658,852.754034861444,22469554059.2447,57.4113793922892,0.21873243056991817
BOL,Bolivia,BO,1996,7396949126.35685,922.113259069714,23878833796.3353,47.8828066229933,-0.22238319651624308
BOL,Bolivia,BO,1997,7925736821.45034,970.351843368594,25494019474.3514,46.5365054086561,0.09069799244095507
BOL,Bolivia,BO,1998,8497494652.12546,1022.14506519545,27077132708.1315,47.0751925934341,0.19698592738695686
BOL,Bolivia,BO,1999,8285064434.56826,979.344494964572,27577524724.93,56.2575829839375,1.320494740648886
BOL,Bolivia,BO,2000,8397855484.76908,975.777060358751,28909467542.1255,60.1091977404058,0.2904828606366808
BOL,Bolivia,BO,2001,8141516928.39489,930.168227214313,30058157187.8209,68.3398527645303,0.44922240250422824
BOL,Bolivia,BO,2002,7905485146.44351,888.221328974352,31283984731.6742,,
BOL,Bolivia,BO,2003,8082399639.54305,893.013760211149,32766590619.5629,,
BOL,Bolivia,BO,2004,8773451751.5121,953.191893246277,35051931465.3983,,
BOL,Bolivia,BO,2005,9549122905.32852,1020.12326200737,37749359760.9916,,
BOL,Bolivia,BO,2006,11451844902.2214,1202.71150446327,40780171855.7844,,
BOL,Bolivia,BO,2007,13120108008.3477,1354.54905949929,43796805026.6176,,
BOL,Bolivia,BO,2008,16674276285.8956,1692.67248455876,47385371261.035,,
BOL,Bolivia,BO,2009,17339992193.7322,1731.18172112209,49278173098.8451,,
BOL,Bolivia,BO,2010,19649723722.1034,1929.78373077158,51935331423.9941,,
BOL,Bolivia,BO,2011,23963164696.592,2315.52121930607,55765337777.5774,,
BOL,Bolivia,BO,2012,27084497481.9103,2575.59857098084,61696072906.0143,,
BOL,Bolivia,BO,2013,30659338885.6729,2870.02377000756,70394877007.2335,,
BOL,Bolivia,BO,2014,32996188017.3661,3041.43503162408,76454300115.4351,,
BOL,Bolivia,BO,2015,33000198248.9146,2996.01289811344,78777661969.4082,,
BOL,Bolivia,BO,2016,33941126193.9219,3035.87347732132,84385715066.6074,,
BOL,Bolivia,BO,2017,37508642170.767,3306.30301224425,96545462750.1116,,
BOL,Bolivia,BO,2018,40287647930.5355,3500.72642189887,103029675562.864,,
BOL,Bolivia,BO,2019,40895322850.9407,3503.89601123129,107078496355.74,,
BOL,Bolivia,BO,2020,36629843806.0781,3099.94219053514,98004280065.3528,,
BOL,Bolivia,BO,2021,40406111693.1983,3384.84486462654,112858166789.685,,
BOL,Bolivia,BO,2022,44008282879.8842,3643.92826984604,125263793321.541,,
BOL,Bolivia,BO,2023,45135398002.8944,3686.27996442176,133770780373.29,,
BOL,Bolivia,BO,2024,49668296743.8495,4001.21133990795,138902580580.686,,
BRA,Brazil,BR,1960,17030465539.3906,235.266009502589,,,
BRA,Brazil,BR,1961,17275940449.3837,231.564063269854,,,
BRA,Brazil,BR,1962,19231747851.5332,250.200572910273,,,
BRA,Brazil,BR,1963,23287712878.2002,294.169619376733,,,
BRA,Brazil,BR,1964,20963733694.9749,257.259726897671,,,
BRA,Brazil,BR,1965,22465522884.0988,268.028760553723,,,
BRA,Brazil,BR,1966,28283323733.1114,328.343791519407,,,
BRA,Brazil,BR,1967,31086389194.961,351.472600370379,,,
BRA,Brazil,BR,1968,33930457425.2613,373.925432639683,,,
BRA,Brazil,BR,1969,37171640818.5863,399.49841913391,,,
BRA,Brazil,BR,1970,42327664793.6934,443.799484982738,,,
BRA,Brazil,BR,1971,48869830901.7878,500.001988983361,,,
BRA,Brazil,BR,1972,58434858374.8696,583.492034946156,,,
BRA,Brazil,BR,1973,83592275862.9982,814.731780553415,,,
BRA,Brazil,BR,1974,109794519727.538,1044.76980947499,,,
BRA,Brazil,BR,1975,129203555238.827,1200.55823714607,,,
BRA,Brazil,BR,1976,153168949208.207,1389.74952306555,,,
BRA,Brazil,BR,1977,176344101401.941,1562.29143045708,,,
BRA,Brazil,BR,1978,200278646123.581,1732.50012204556,,,
BRA,Brazil,BR,1979,221338204480.222,1869.7133759549,,,
BRA,Brazil,BR,1980,237393489892.637,1958.57159232662,,,
BRA,Brazil,BR,1981,258015174748.648,2079.70908377484,,,
BRA,Brazil,BR,1982,271314113768.417,2137.6250359394,,,
BRA,Brazil,BR,1983,189656506321.431,1461.25582714178,,,
BRA,Brazil,BR,1984,188339974086.58,1419.73154606978,,,
BRA,Brazil,BR,1985,210879844638.877,1556.1297180511,,,
BRA,Brazil,BR,1986,256480852471.129,1854.03775211919,,,
BRA,Brazil,BR,1987,283056836893.838,2006.00226235757,,,
BRA,Brazil,BR,1988,307881930752.268,2140.65027561164,,,
BRA,Brazil,BR,1989,412990820287.42,2818.99277980122,,,
BRA,Brazil,BR,1990,384959818181.817,2581.14187449078,997458383708.738,,
BRA,Brazil,BR,1991,342534090909.091,2257.6092968885,1041834385734.37,,
BRA,Brazil,BR,1992,328191909882.232,2127.31642731638,1059778771308.31,,
BRA,Brazil,BR,1993,368292034380.96,2348.88247685352,1138326881848.65,,
BRA,Brazil,BR,1994,525369467295.737,3298.71250747787,1230679787756.24,,
BRA,Brazil,BR,1995,769333050986.905,4756.74840785403,1309554571214.58,,
BRA,Brazil,BR,1996,850426432991.742,5179.13052002464,1362985284346.13,,
BRA,Brazil,BR,1997,883206179730.462,5299.39630404412,1433558431106.01,,
BRA,Brazil,BR,1998,863710759256.435,5105.89099544117,1454571004299.25,,
BRA,Brazil,BR,1999,599642024319.531,3493.57162513699,1482057413835.02,,
BRA,Brazil,BR,2000,655448231983.527,3766.54811466032,1582133937103.64,,
BRA,Brazil,BR,2001,559983634798.981,3176.28935747524,1640243857269.07,,
BRA,Brazil,BR,2002,509795273806.715,2855.94018885769,1716595685835.45,,
BRA,Brazil,BR,2003,558233745651.874,3090.6070097455,1770456746628.16,,
BRA,Brazil,BR,2004,669289424806.307,3663.823188064,1922785831214.13,,
BRA,Brazil,BR,2005,891633839894.183,4827.78173074714,2046574552605.84,,
BRA,Brazil,BR,2006,1107626541434.92,5934.14470924968,2193273153846.69,,
BRA,Brazil,BR,2007,1397114486368.67,7409.69130673473,2389430239836.93,,
BRA,Brazil,BR,2008,1695855083497.52,8908.33176538648,2559535104826.96,,
BRA,Brazil,BR,2009,1666996438581.43,8678.6592244676,2572081759748.52,,
BRA,Brazil,BR,2010,2208837745100.55,11403.2821278747,2799325235367.12,61.3187804643039,
BRA,Brazil,BR,2011,2616156223917.69,13396.6243562986,2970630762031.72,59.3416583028164,1.1560521320596557
BRA,Brazil,BR,2012,2465227802806.76,12521.7213519966,2992140131462.41,59.8494900007969,-3.581891137053746
BRA,Brazil,BR,2013,2472819535557.21,12458.8912138813,3120542014211.78,57.2284093845516,-0.46939327443892376
BRA,Brazil,BR,2014,2456043727198.85,12274.9939689363,3166808963772.23,58.4572711058609,0.444828395491801
BRA,Brazil,BR,2015,1802212206814.5,8936.19661712113,2989121457677.6,67.5375540310909,1.23005889360878
BRA,Brazil,BR,2016,1795693482853.01,8836.28652735657,2907889886422.24,73.4188038014782,-1.245902677437688
BRA,Brazil,BR,2017,2063514977365.65,10080.5092819305,2980287463645.1,83.669202649666,5.637617565710724
BRA,Brazil,BR,2018,1916933898010.99,9300.66164923219,3187189640213.37,86.6078841211512,-0.32049270892019976
BRA,Brazil,BR,2019,1873288205059.69,9029.83326681073,3333775621511.96,92.5652531945418,0.503445693474879
BRA,Brazil,BR,2020,1476107231310.49,7074.19378337644,3359777233364.89,98.7098819468714,-10.6512729367569
BRA,Brazil,BR,2021,1670647398904.9,7972.5366498646,3787769507585.78,85.0115036768016,-0.08603246532058607
BRA,Brazil,BR,2022,1951923942083.32,9281.33334441234,4180229770180.59,79.1023218878495,0.31538144501041937
BRA,Brazil,BR,2023,2191131765684.63,10377.5892792557,4471035569136.8,83.0317498523878,0.9467413921418355
BRA,Brazil,BR,2024,2179412080828.59,10280.3148624429,4734651403044.36,,
BRB,Barbados,BB,1960,80021846.9453826,346.575456793331,,,
BRB,Barbados,BB,1961,85363759.3406016,366.135499084709,,,
BRB,Barbados,BB,1962,88782583.460208,377.438456365881,,,
BRB,Barbados,BB,1963,99893761.2655968,420.504389538497,,,
BRB,Barbados,BB,1964,99252731.4515047,413.625432165232,,,
BRB,Barbados,BB,1965,105021996.861675,433.228679761215,,,
BRB,Barbados,BB,1966,113195122.762193,462.028452555116,,,
BRB,Barbados,BB,1967,125554008.718721,508.128619491284,,,
BRB,Barbados,BB,1968,125733668.5,505.889066146294,,,
BRB,Barbados,BB,1969,141393142.0,566.833205048027,,,
BRB,Barbados,BB,1970,166210203.0,666.475008721385,,,
BRB,Barbados,BB,1971,186826503.031076,749.801351020502,,,
BRB,Barbados,BB,1972,213725216.665339,856.071973120587,,,
BRB,Barbados,BB,1973,260767827.621284,1041.72956280824,,,
BRB,Barbados,BB,1974,311804629.873599,1243.35417471937,,,
BRB,Barbados,BB,1975,402178605.019554,1601.18883256516,,,
BRB,Barbados,BB,1976,435911268.58968,1733.64540764741,,,
BRB,Barbados,BB,1977,495097667.929041,1967.59344395667,,,
BRB,Barbados,BB,1978,552883707.055138,2197.89906243719,,,
BRB,Barbados,BB,1979,670362452.145379,2667.90751006045,,,
BRB,Barbados,BB,1980,1012280614.52792,4024.58856621204,,,
BRB,Barbados,BB,1981,1114204743.20091,4416.71519879857,,,
BRB,Barbados,BB,1982,1163923830.35847,4598.7626399513,,,
BRB,Barbados,BB,1983,1236016506.73694,4866.35999061756,,,
BRB,Barbados,BB,1984,1346890071.09829,5283.57944099441,,,
BRB,Barbados,BB,1985,1409536120.91682,5509.8746029115,,,
BRB,Barbados,BB,1986,1547755183.21484,6031.35860779383,,,
BRB,Barbados,BB,1987,1704370307.76115,6624.59939505809,,,
BRB,Barbados,BB,1988,1812757917.76463,7032.65370811416,,,
BRB,Barbados,BB,1989,2006165166.80754,7772.55022803365,,,
BRB,Barbados,BB,1990,2012131457.26644,7781.40573306125,2862928876.37992,,
BRB,Barbados,BB,1991,2020583702.08323,7790.26229439159,2844320323.15991,,
BRB,Barbados,BB,1992,1957000000.0,7519.20143544898,2743534936.32008,,
BRB,Barbados,BB,1993,2063342117.03873,7904.70762426389,2830839468.51467,,
BRB,Barbados,BB,1994,2151344901.30761,8223.16681181719,2949420932.41646,,
BRB,Barbados,BB,1995,2216974096.35559,8460.47380869104,3071907845.08434,,
BRB,Barbados,BB,1996,2363645403.47039,9011.77884838722,3252537281.33703,,
BRB,Barbados,BB,1997,2498384129.66738,9521.57127377123,3465457865.92776,,
BRB,Barbados,BB,1998,2817083478.34734,10734.3637242884,3635065443.38295,,
BRB,Barbados,BB,1999,2951822204.54432,11244.3087668392,3698842299.0679,,
BRB,Barbados,BB,2000,3059500000.0,11674.6736471764,3950848949.62105,,
BRB,Barbados,BB,2001,3054500000.0,11639.5160522054,3944249543.33907,,
BRB,Barbados,BB,2002,3106500000.0,11760.4524736133,4037082697.19863,,
BRB,Barbados,BB,2003,3209500000.0,12075.9587020649,4206347334.0997,,
BRB,Barbados,BB,2004,3444500000.0,12886.3665272467,4380433118.68128,,
BRB,Barbados,BB,2005,3819500000.0,14214.4202213572,4696478447.7666,63.7916238643802,
BRB,Barbados,BB,2006,4217323400.0,15619.6005955511,5135204147.06954,62.3690591999655,0.44169706677289566
BRB,Barbados,BB,2007,4675767950.0,17235.4396434785,5383993121.508,66.8016267359889,1.9823391535463535
BRB,Barbados,BB,2008,4790410400.0,17565.6929970592,5522489627.30581,71.0883224744168,2.035671141130392
BRB,Barbados,BB,2009,4466809600.0,16294.9099491834,5277763798.8087,86.8542626598636,-1.9376465181957774
BRB,Barbados,BB,2010,5191188500.0,18860.3833703309,5223435779.82793,83.5324383616584,-8.40656074099926
BRB,Barbados,BB,2011,5342183800.0,19345.9953139542,5292206731.94635,87.4018651698206,4.839862438240847
BRB,Barbados,BB,2012,5271257500.0,19034.0708028512,4967435168.48394,98.6286874336911,-1.6313121624680758
BRB,Barbados,BB,2013,5361158350.0,19308.0091116993,4999266451.28791,105.110599279352,13.702670708753711
BRB,Barbados,BB,2014,5365976700.0,19277.9423599235,4941377803.45956,113.452822344532,-7.820295679427755
BRB,Barbados,BB,2015,5288057750.0,18954.2913724506,4967346924.58039,126.369906238259,22.898796044469762
BRB,Barbados,BB,2016,5330761500.0,19065.8069800213,5036587066.92182,133.202197631614,6.039529005268754
BRB,Barbados,BB,2017,5517340450.0,19692.7606711615,5014752559.24251,,
BRB,Barbados,BB,2018,5629916200.0,20055.915870771,5207517102.66114,,
BRB,Barbados,BB,2019,5788288000.0,20583.7265786414,5275547370.24394,,
BRB,Barbados,BB,2020,5168344450.0,18347.1109131055,4457727484.3495,,
BRB,Barbados,BB,2021,5275242050.0,18696.7858952957,4425161020.06509,,
BRB,Barbados,BB,2022,6257303500.0,22164.0260273876,5586046010.36701,,
BRB,Barbados,BB,2023,6720733200.0,23804.0249914995,6023965379.53364,,
BRB,Barbados,BB,2024,7165000000.0,25365.7949424181,6404076764.65263,,
BRN,Brunei Darussalam,BN,1960,,,,,
BRN,Brunei Darussalam,BN,1961,,,,,
BRN,Brunei Darussalam,BN,1962,,,,,
BRN,Brunei Darussalam,BN,1963,,,,,
BRN,Brunei Darussalam,BN,1964,,,,,
BRN,Brunei Darussalam,BN,1965,114039500.591268,1028.88450343084,,,
BRN,Brunei Darussalam,BN,1966,132757528.044374,1145.70592233266,,,
BRN,Brunei Darussalam,BN,1967,139029537.243321,1148.84303232869,,,
BRN,Brunei Darussalam,BN,1968,160818235.866746,1274.0903793851,,,
BRN,Brunei Darussalam,BN,1969,161210236.44168,1226.43698889034,,,
BRN,Brunei Darussalam,BN,1970,179078929.315763,1325.15598362979,,,
BRN,Brunei Darussalam,BN,1971,197525767.791735,1432.16600656705,,,
BRN,Brunei Darussalam,BN,1972,270822782.026674,1904.66760457331,,,
BRN,Brunei Darussalam,BN,1973,433095526.686136,2938.85095702716,,,
BRN,Brunei Darussalam,BN,1974,2319576214.21329,15194.792305663,,,
BRN,Brunei Darussalam,BN,1975,2496420257.54042,15793.1312553958,,,
BRN,Brunei Darussalam,BN,1976,3054765590.29214,18671.3624129294,,,
BRN,Brunei Darussalam,BN,1977,3681242528.32494,21746.8559126458,,,
BRN,Brunei Darussalam,BN,1978,4100423673.58759,23446.5341231193,,,
BRN,Brunei Darussalam,BN,1979,6044367628.28515,33501.2782714145,,,
BRN,Brunei Darussalam,BN,1980,10795432293.6119,58005.3424763282,,,
BRN,Brunei Darussalam,BN,1981,9367218664.31094,48793.4422577232,,,
BRN,Brunei Darussalam,BN,1982,8932198185.72876,45074.5499241983,,,
BRN,Brunei Darussalam,BN,1983,7927590750.39502,38720.0939254718,,,
BRN,Brunei Darussalam,BN,1984,7632788075.1621,36061.3815259405,,,
BRN,Brunei Darussalam,BN,1985,6967623884.42343,31827.4059557344,,,
BRN,Brunei Darussalam,BN,1986,4190280002.67381,18500.5408625966,,,
BRN,Brunei Darussalam,BN,1987,4918010080.03047,21029.7189772961,,,
BRN,Brunei Darussalam,BN,1988,4535130304.71096,18824.7637309359,,,
BRN,Brunei Darussalam,BN,1989,4983622880.99938,20090.0690184766,,,
BRN,Brunei Darussalam,BN,1990,6039881086.68157,23658.7166330381,17921687474.4918,,
BRN,Brunei Darussalam,BN,1991,6284497300.38401,23932.1897530199,19067044677.6784,,
BRN,Brunei Darussalam,BN,1992,6327966444.87488,23450.8964414887,18892985663.7313,,
BRN,Brunei Darussalam,BN,1993,6203339925.05349,22397.073791312,19218257779.3485,,
BRN,Brunei Darussalam,BN,1994,6467782521.31603,22766.5871897245,19823465687.0425,,
BRN,Brunei Darussalam,BN,1995,7700144056.74744,26443.2564321071,20511782181.3959,,
BRN,Brunei Darussalam,BN,1996,7663377277.00351,25692.235637475,20881599199.4807,,
BRN,Brunei Darussalam,BN,1997,7793034389.75098,25522.3975481543,22589252780.0633,,
BRN,Brunei Darussalam,BN,1998,5550846024.98159,17769.2463626025,21322422325.7629,,
BRN,Brunei Darussalam,BN,1999,6309070374.83966,19752.2013169229,22545500772.1022,,
BRN,Brunei Darussalam,BN,2000,6570999059.70575,20130.2571493081,23857328686.0901,,
BRN,Brunei Darussalam,BN,2001,6096155747.56182,18287.8271687345,24752160201.7369,,
BRN,Brunei Darussalam,BN,2002,6333082878.97992,18621.2922677806,26132586771.4691,,
BRN,Brunei Darussalam,BN,2003,7167725264.75135,20677.9001224663,27603457273.8332,,
BRN,Brunei Darussalam,BN,2004,8619178799.47025,24423.0947731021,28375370613.6455,,
BRN,Brunei Darussalam,BN,2005,10547202612.4295,29386.2703597208,29263918756.1241,,
BRN,Brunei Darussalam,BN,2006,12644616446.1918,34674.7995990594,31402712554.2805,,
BRN,Brunei Darussalam,BN,2007,13432029495.6785,36217.3291010089,31039593166.7671,,
BRN,Brunei Darussalam,BN,2008,15926456491.5178,42156.5685216979,30403543327.2196,,
BRN,Brunei Darussalam,BN,2009,11912904529.0722,30946.4674272953,30009758595.6517,,
BRN,Brunei Darussalam,BN,2010,13707121031.2552,34937.5555174068,31207137896.5988,,
BRN,Brunei Darussalam,BN,2011,18524791070.6802,46382.8274456238,33043605269.3591,,
BRN,Brunei Darussalam,BN,2012,19048443339.9457,46968.5971144517,35387298719.9512,,
BRN,Brunei Darussalam,BN,2013,18094148099.4922,44003.0644293856,34227281358.4521,,
BRN,Brunei Darussalam,BN,2014,17097797371.9718,41026.508391054,33850747328.2802,,
BRN,Brunei Darussalam,BN,2015,12930296852.4882,30625.128732694,26475996782.3664,,
BRN,Brunei Darussalam,BN,2016,11400266055.3232,26663.2973199878,24234121680.0571,,
BRN,Brunei Darussalam,BN,2017,12128168046.7827,28024.3824618568,26683717610.5579,,
BRN,Brunei Darussalam,BN,2018,13566908401.1864,30988.1190497851,28522807708.9669,,
BRN,Brunei Darussalam,BN,2019,13469235348.2211,30426.5730284202,30701487003.3544,,
BRN,Brunei Darussalam,BN,2020,12005799664.2691,26834.3592463839,31223413949.8832,,
BRN,Brunei Darussalam,BN,2021,14006496614.3195,31006.9636220576,35346624879.392,,
BRN,Brunei Darussalam,BN,2022,16681536442.5498,36632.9280421411,37250061034.253,,
BRN,Brunei Darussalam,BN,2023,15095084686.1651,32890.5492465722,39025627135.7118,,
BRN,Brunei Darussalam,BN,2024,15463134387.2013,33417.8357740437,41648164901.1898,,
BTN,Bhutan,BT,1960,,,,,
BTN,Bhutan,BT,1961,,,,,
BTN,Bhutan,BT,1962,,,,,
BTN,Bhutan,BT,1963,,,,,
BTN,Bhutan,BT,1964,,,,,
BTN,Bhutan,BT,1965,,,,,
BTN,Bhutan,BT,1966,,,,,
BTN,Bhutan,BT,1967,,,,,
BTN,Bhutan,BT,1968,,,,,
BTN,Bhutan,BT,1969,,,,,
BTN,Bhutan,BT,1970,61812113.0666667,200.345229822469,,,
BTN,Bhutan,BT,1971,66289450.3252986,207.666560128876,,,
BTN,Bhutan,BT,1972,70139866.8083136,212.375150813633,,,
BTN,Bhutan,BT,1973,78900289.3165483,230.90176999619,,,
BTN,Bhutan,BT,1974,92901784.4986973,262.777366220031,,,
BTN,Bhutan,BT,1975,86820762.4931172,237.350734416968,,,
BTN,Bhutan,BT,1976,88461262.7788474,233.721532349196,,,
BTN,Bhutan,BT,1977,97884433.8024868,249.935358333789,,,
BTN,Bhutan,BT,1978,94086227.6084972,232.172369685589,,,
BTN,Bhutan,BT,1979,105377995.200713,251.378805345213,,,
BTN,Bhutan,BT,1980,128669200.916451,296.880510831581,,,
BTN,Bhutan,BT,1981,139174178.090189,310.77041169131,,,
BTN,Bhutan,BT,1982,141439317.399271,305.824658960335,,,
BTN,Bhutan,BT,1983,156704289.913612,328.204016909505,,,
BTN,Bhutan,BT,1984,160423493.936194,325.545257021725,,,
BTN,Bhutan,BT,1985,163288815.361294,321.186830951891,,,
BTN,Bhutan,BT,1986,191218115.488485,364.694569557154,,,
BTN,Bhutan,BT,1987,242742766.346488,449.060443850487,,,
BTN,Bhutan,BT,1988,272298066.556045,488.877757351253,,,
BTN,Bhutan,BT,1989,264798626.174848,461.654618792732,,,
BTN,Bhutan,BT,1990,287765007.112863,488.327431477129,965176566.543021,53.3463593270416,
BTN,Bhutan,BT,1991,240294286.015925,400.634705187075,993747163.645532,49.386292649567,-1.2194255260013582
BTN,Bhutan,BT,1992,240233531.160464,415.791522568451,1063156360.58508,47.4833533625875,-0.0662952896526823
BTN,Bhutan,BT,1993,225973692.8371,407.39984249657,1109975371.75386,40.9407963084292,-0.4604007360079834
BTN,Bhutan,BT,1994,258954708.048533,467.008312125283,1189809535.36958,34.4420204367148,-0.041663815045051
BTN,Bhutan,BT,1995,290490983.815778,530.103676927417,1300689410.73931,28.2639492340235,-0.06389806309917753
BTN,Bhutan,BT,1996,303408345.620078,552.873891403681,1398212795.96047,37.853277255727,0.33577359948299557
BTN,Bhutan,BT,1997,352229076.707627,630.447410148304,1498757656.64256,31.9367467746927,-0.023467077020376592
BTN,Bhutan,BT,1998,363458380.903342,638.278962310609,1605234830.82161,31.0826268923135,0.004525891617541596
BTN,Bhutan,BT,1999,399311199.50776,685.419830628567,1757925585.78984,36.0933589086497,0.2040229086706819
BTN,Bhutan,BT,2000,460733418.399276,771.924911410619,1858061640.01543,37.2923933577388,0.27656067071361884
BTN,Bhutan,BT,2001,496110225.710307,812.238210772056,2039131169.07037,67.1679909951713,0.8914186382084968
BTN,Bhutan,BT,2002,559345263.708309,895.799489930972,2287090949.69857,54.1217805841119,-0.12300242935414671
BTN,Bhutan,BT,2003,651935430.314445,1022.38240311018,2513847013.57348,65.6287612724923,0.5518244087578487
BTN,Bhutan,BT,2004,735348490.428435,1130.35934606796,2714578404.78015,71.8993384935838,0.5024303992637574
BTN,Bhutan,BT,2005,860391000.221655,1299.94938578359,2993853472.10641,75.6957100342792,0.43888048303656946
BTN,Bhutan,BT,2006,942879878.538879,1405.6071618158,3260264370.77942,71.297555656776,0.0787176110040473
BTN,Bhutan,BT,2007,1255767964.00491,1850.41570433398,3887877075.97384,59.811072814383,0.12561566153835302
BTN,Bhutan,BT,2008,1317517834.59916,1919.59774896395,4142277505.58571,57.6965298565065,0.03566731191246111
BTN,Bhutan,BT,2009,1331343797.77308,1918.39599211093,4487394036.54647,53.9367496631031,-0.12192548217567407
BTN,Bhutan,BT,2010,1708880730.20989,2435.5798056672,5083865945.59751,50.9195301727763,0.2549499236565995
BTN,Bhutan,BT,2011,1977728658.68259,2787.97967608562,5629238206.58806,57.5496480907902,0.4914475183239934
BTN,Bhutan,BT,2012,1973387227.96519,2751.2128864294,6152394144.3722,67.0148156229242,0.3522581237732407
BTN,Bhutan,BT,2013,1943696951.65411,2679.95217201538,6285876277.6316,88.9492144824279,3.0449120653336355
BTN,Bhutan,BT,2014,2089079570.58285,2849.49998647303,6835344112.57439,84.9990711320017,0.08516432957986926
BTN,Bhutan,BT,2015,2187815803.36833,2954.04081911097,7564534468.08804,81.0505609933361,-0.0033753162728050565
BTN,Bhutan,BT,2016,2357504760.78592,3152.30905106786,8430904600.97512,92.2912012820179,0.46461952761206105
BTN,Bhutan,BT,2017,2591358009.20276,3435.28804735662,8808682290.34117,95.7786849944102,0.8105273797811539
BTN,Bhutan,BT,2018,2583335721.85904,3400.20417245342,9093982075.92963,95.847821202237,-0.020671662821601506
BTN,Bhutan,BT,2019,2735683570.46155,3576.87987100503,9873190251.01731,90.3573525676224,-0.005364105483155866
BTN,Bhutan,BT,2020,2457604333.90927,3191.66906999331,9605861812.92756,111.007884099526,-0.9585337180941436
BTN,Bhutan,BT,2021,2768802960.11204,3570.61257980872,10436528611.9245,,
BTN,Bhutan,BT,2022,2898227743.75576,3711.32767981591,11763540572.3864,,
BTN,Bhutan,BT,2023,3019253885.46989,3839.4093039286,12781872654.6775,,
BTN,Bhutan,BT,2024,,,,,
BWA,Botswana,BW,1960,30411413.6552828,58.9180081084204,,,
BWA,Botswana,BW,1961,32902612.8664855,62.3224006926623,,,
BWA,Botswana,BW,1962,35644956.6430429,65.9864503023827,,,
BWA,Botswana,BW,1963,38091842.8546863,68.8864104749411,,,
BWA,Botswana,BW,1964,41616347.7906865,73.4925773235308,,,
BWA,Botswana,BW,1965,45788696.3343915,79.6790756588049,,,
BWA,Botswana,BW,1966,51465655.3921083,89.0615737768069,,,
BWA,Botswana,BW,1967,58642354.089673,100.945124635152,,,
BWA,Botswana,BW,1968,66248441.4182466,113.445716733931,,,
BWA,Botswana,BW,1969,77361546.5067537,131.776574536345,,,
BWA,Botswana,BW,1970,96243233.6609837,163.031832252562,,,
BWA,Botswana,BW,1971,127448613.505061,212.244206736036,,,
BWA,Botswana,BW,1972,164460914.977201,264.233716807813,,,
BWA,Botswana,BW,1973,244124164.042218,374.189409146144,,,
BWA,Botswana,BW,1974,306044207.530203,446.487855432073,,,
BWA,Botswana,BW,1975,355168571.536751,493.029472690457,,,
BWA,Botswana,BW,1976,372025093.006273,490.469570533565,,,
BWA,Botswana,BW,1977,451624780.274597,564.831748249189,,,
BWA,Botswana,BW,1978,590407374.447116,695.219336897052,,,
BWA,Botswana,BW,1979,819870258.783053,909.207133285411,,,
BWA,Botswana,BW,1980,1060889703.75374,1131.63379014463,,,
BWA,Botswana,BW,1981,1073812830.30052,1107.02810145663,,,
BWA,Botswana,BW,1982,1014945695.71927,1005.62456165727,,,
BWA,Botswana,BW,1983,1172230396.58099,1120.53239354023,,,
BWA,Botswana,BW,1984,1240822167.43571,1145.02903810762,,,
BWA,Botswana,BW,1985,1114783342.71539,993.616748339174,,,
BWA,Botswana,BW,1986,1392602163.53829,1199.84677856226,,,
BWA,Botswana,BW,1987,1965226890.04557,1638.82669390133,,,
BWA,Botswana,BW,1988,2644554158.72794,2140.51439180359,,,
BWA,Botswana,BW,1989,3083822112.02023,2427.68261967121,,,
BWA,Botswana,BW,1990,3790636324.44775,2903.15381562611,7805485973.23642,11.3711032492715,
BWA,Botswana,BW,1991,3942876703.45184,2938.59442659608,8671329800.76592,12.1168020575228,0.0539512944330647
BWA,Botswana,BW,1992,4146464586.61674,3004.61263362306,9127649888.07096,12.5321505732804,0.09180095529109618
BWA,Botswana,BW,1993,4160129174.70569,2929.43119022452,9523045975.61098,12.4450599461028,-0.004832156653372182
BWA,Botswana,BW,1994,4259259604.15623,2917.25514197806,10079246882.9563,12.0423976352474,-0.008654411947027964
BWA,Botswana,BW,1995,4730599121.92704,3156.18194514079,11014047092.62,10.972076070214,0.006555364794962251
BWA,Botswana,BW,1996,4847757217.75815,3156.26865681161,11869540564.4631,11.1567555492122,0.025491121659729665
BWA,Botswana,BW,1997,5020265626.66489,3194.18106145858,13079511380.7333,,
BWA,Botswana,BW,1998,4790481509.17679,2981.19639702109,13285188710.0238,,
BWA,Botswana,BW,1999,5484263346.88105,3339.99596033431,14775672599.4417,,
BWA,Botswana,BW,2000,5788329609.15755,3450.81180622992,15410718625.5464,,
BWA,Botswana,BW,2001,5489608299.66445,3206.07123689853,15797204965.4712,,
BWA,Botswana,BW,2002,5438863982.88692,3117.25087183011,17016408872.3546,,
BWA,Botswana,BW,2003,7511582173.37724,4230.12326909926,18155068538.2803,,
BWA,Botswana,BW,2004,8957467706.5354,4956.69287735214,19147727996.2952,,
BWA,Botswana,BW,2005,9918907108.09702,5391.07076619634,20647947078.7024,,
BWA,Botswana,BW,2006,9919158482.41085,5291.58379144849,23064920596.2806,6.02356808660498,
BWA,Botswana,BW,2007,10567270655.5027,5529.12574632532,25062054309.6832,5.9431764131185,0.015294054723015408
BWA,Botswana,BW,2008,10730829116.4105,5503.07395314313,26375667015.0451,8.00402997376666,0.17574985447430125
BWA,Botswana,BW,2009,10118459242.3183,5082.93388332404,22784700973.1915,19.2517818685668,-0.30328466217341643
BWA,Botswana,BW,2010,12637273429.1339,6215.73216077919,25395370567.1216,21.8862970525722,0.3132711631363047
BWA,Botswana,BW,2011,15110643612.1729,7287.38295334919,27691773328.8192,21.0743622822987,0.18230276628862982
BWA,Botswana,BW,2012,13907464500.1489,6595.53845015424,26303970533.9321,20.6231807851092,0.22792159858093156
BWA,Botswana,BW,2013,14271738933.2042,6666.91219583487,28558577959.6258,19.0163812887175,-0.0683902894423823
BWA,Botswana,BW,2014,15470088500.7414,7122.36423421503,32587870647.0545,18.3257336074772,0.03003974265657518
BWA,Botswana,BW,2015,13530748844.505,6141.20394726616,31162419272.1222,19.086977673602,0.1770640520635014
BWA,Botswana,BW,2016,15082637184.0496,6749.05994339013,36266220081.5912,15.8049523139869,-0.038952812582789285
BWA,Botswana,BW,2017,16105155856.7708,7104.96401088027,35589435395.4775,14.6807691758665,0.028728276929958926
BWA,Botswana,BW,2018,17031943186.1353,7407.95940141786,36293825138.6309,15.2307151442609,0.3261347793596813
BWA,Botswana,BW,2019,16725908148.5481,7172.08956480028,37220081094.0541,16.193904309718,0.12360601799561166
BWA,Botswana,BW,2020,14960251610.8975,6323.29749806946,36179872025.3284,19.6161332426255,-0.21730759297781554
BWA,Botswana,BW,2021,18750182234.5317,7807.88794500125,43131382324.765,,
BWA,Botswana,BW,2022,20321150598.0672,8328.70905682185,48741318383.3474,,
BWA,Botswana,BW,2023,19411266967.1044,7826.35376483298,52115142882.6254,,
BWA,Botswana,BW,2024,19400774882.4495,7695.2420641819,51779485612.7835,,
CAF,Central African Republic,CF,1960,112155598.492157,65.8829629770666,,,
CAF,Central African Republic,CF,1961,123134583.463559,70.988125923024,,,
CAF,Central African Republic,CF,1962,124482773.83306,70.404229268492,,,
CAF,Central African Republic,CF,1963,129379123.76305,71.7551875686265,,,
CAF,Central African Republic,CF,1964,142025078.735754,77.2050398029084,,,
CAF,Central African Republic,CF,1965,150574795.409863,80.184506042463,,,
CAF,Central African Republic,CF,1966,157930018.091087,82.3374694570342,,,
CAF,Central African Republic,CF,1967,163820513.562432,83.562965105064,,,
CAF,Central African Republic,CF,1968,191767441.604577,95.6398392122972,,,
CAF,Central African Republic,CF,1969,188039210.130379,91.6587059467658,,,
CAF,Central African Republic,CF,1970,189106529.207011,90.1578442993038,,,
CAF,Central African Republic,CF,1971,201450799.82635,94.0721472956876,,,
CAF,Central African Republic,CF,1972,230317883.36443,105.468061578138,,,
CAF,Central African Republic,CF,1973,271183082.043062,121.824846111542,,,
CAF,Central African Republic,CF,1974,281398705.570596,124.000349692552,,,
CAF,Central African Republic,CF,1975,378660016.265936,163.644668287845,,,
CAF,Central African Republic,CF,1976,451152461.31276,192.09699080748,,,
CAF,Central African Republic,CF,1977,507298147.526539,213.785550996675,,,
CAF,Central African Republic,CF,1978,610578631.992983,254.624087711594,,,
CAF,Central African Republic,CF,1979,700764747.756462,289.118938225139,,,
CAF,Central African Republic,CF,1980,797048198.534875,325.254770299088,,,
CAF,Central African Republic,CF,1981,694803622.898966,280.343391789938,,,
CAF,Central African Republic,CF,1982,748312390.756606,298.444544895201,,,
CAF,Central African Republic,CF,1983,658679332.681331,259.588394525784,,,
CAF,Central African Republic,CF,1984,637820670.299604,248.313551025498,,,
CAF,Central African Republic,CF,1985,864849836.286193,332.515358450814,,,
CAF,Central African Republic,CF,1986,1122265013.42004,426.02699258009,,,
CAF,Central African Republic,CF,1987,1200991977.80801,449.952130096608,,,
CAF,Central African Republic,CF,1988,1264899287.51261,466.070596898859,,,
CAF,Central African Republic,CF,1989,1233930280.91724,443.226859814307,,,
CAF,Central African Republic,CF,1990,1440711459.16967,501.656200636394,1781707623.71705,,
CAF,Central African Republic,CF,1991,1377374986.58709,464.828283626364,1831783983.92755,,
CAF,Central African Republic,CF,1992,1411917553.12436,461.587303490896,1753170790.18083,,
CAF,Central African Republic,CF,1993,1278781261.55928,404.954546941526,1800743914.77326,,
CAF,Central African Republic,CF,1994,851174356.781737,261.260397409459,1929312915.11141,,
CAF,Central African Republic,CF,1995,1115389673.69197,333.145863233895,2111588545.26029,,
CAF,Central African Republic,CF,1996,1007791127.09913,293.306575328658,2064234890.52897,,
CAF,Central African Republic,CF,1997,937741513.015352,265.5212823896,2211121275.41068,,
CAF,Central African Republic,CF,1998,967338389.650578,266.570544600384,2341065142.24431,,
CAF,Central African Republic,CF,1999,999477510.686632,267.995954011083,2459663881.65548,,
CAF,Central African Republic,CF,2000,916777282.691659,239.154133726071,2452761381.77711,,
CAF,Central African Republic,CF,2001,932648604.751954,237.951702544735,2619965169.22436,,
CAF,Central African Republic,CF,2002,996068144.884889,248.639290978403,2756903876.95614,,
CAF,Central African Republic,CF,2003,1142315522.53864,278.403992150941,2659592507.39177,,
CAF,Central African Republic,CF,2004,1272360517.32373,303.461321152782,2894838239.10494,,
CAF,Central African Republic,CF,2005,1337894378.73743,311.950023138687,3012720151.35312,,
CAF,Central African Republic,CF,2006,1461859762.33459,333.942519903031,3253799664.32576,,
CAF,Central African Republic,CF,2007,1699811294.94935,380.887048839475,3495935180.53637,,
CAF,Central African Republic,CF,2008,1993407888.49838,437.24827472489,3636486380.86625,,
CAF,Central African Republic,CF,2009,2067381665.25454,456.471673898404,3973116132.62416,,
CAF,Central African Republic,CF,2010,2142591540.40068,476.873786950728,4207624657.26252,,
CAF,Central African Republic,CF,2011,2437982705.12093,534.057281471636,4474567487.04114,,
CAF,Central African Republic,CF,2012,2510126512.22831,544.395849142785,4897034572.03065,,
CAF,Central African Republic,CF,2013,1691544110.18543,364.36696260838,3295437288.55,,
CAF,Central African Republic,CF,2014,1894813389.40325,409.8504859647,3231436576.44185,,
CAF,Central African Republic,CF,2015,1695825714.19282,366.322853938121,3559349379.23233,,
CAF,Central African Republic,CF,2016,1825018144.65595,387.176203444318,3893548336.23769,,
CAF,Central African Republic,CF,2017,2072349972.6818,432.324025684263,4236556479.54651,,
CAF,Central African Republic,CF,2018,2220979146.11241,455.243962859534,4419174296.74199,,
CAF,Central African Republic,CF,2019,2221301351.43918,449.228467602439,4869757044.86639,,
CAF,Central African Republic,CF,2020,2326720900.38047,462.879071294011,5359843442.72162,,
CAF,Central African Republic,CF,2021,2516498412.46384,492.263142830507,5769272621.61696,,
CAF,Central African Republic,CF,2022,2382618615.01694,467.359825026238,6208645631.10986,,
CAF,Central African Republic,CF,2023,2555492085.94725,495.978897288721,6477079364.49913,,
CAF,Central African Republic,CF,2024,2751544520.37918,516.170424537757,6735836123.99946,,
CAN,Canada,CA,1960,40563768946.9503,2264.94849658191,,,
CAN,Canada,CA,1961,41038192837.9035,2246.08356619252,,,
CAN,Canada,CA,1962,42336211555.8268,2274.4284708191,,,
CAN,Canada,CA,1963,45140337826.9869,2380.31732899108,,,
CAN,Canada,CA,1964,49503663836.3665,2561.63849088572,,,
CAN,Canada,CA,1965,54649410478.5226,2777.18317301162,,,
CAN,Canada,CA,1966,61252415404.686,3055.28807884507,,,
CAN,Canada,CA,1967,65856924423.9721,3226.38273682011,,,
CAN,Canada,CA,1968,72048833006.1602,3473.23722551871,,,
CAN,Canada,CA,1969,79405011124.8208,3776.15613110238,,,
CAN,Canada,CA,1970,88192257632.3093,4135.82149842006,,,
CAN,Canada,CA,1971,99606454743.5136,4535.39338907773,,,
CAN,Canada,CA,1972,113463848873.624,5106.73708049128,,,
CAN,Canada,CA,1973,131764343565.643,5858.33407318788,,,
CAN,Canada,CA,1974,160949188139.059,7056.70847496589,,,
CAN,Canada,CA,1975,174419757176.563,7536.52009823861,,,
CAN,Canada,CA,1976,207271612576.065,8838.94710677652,,,
CAN,Canada,CA,1977,212325176304.654,8949.10989272982,,,
CAN,Canada,CA,1978,219369542386.254,9154.43325277735,,,
CAN,Canada,CA,1979,243891124295.715,10077.5026707269,,,
CAN,Canada,CA,1980,274776566028.053,11208.2027394178,,,
CAN,Canada,CA,1981,307246642755.859,12379.0368643833,,,
CAN,Canada,CA,1982,314647807408.608,12527.3135323802,,,
CAN,Canada,CA,1983,341866277182.733,13477.1031699599,,,
CAN,Canada,CA,1984,356718400123.543,13930.4745502555,,,
CAN,Canada,CA,1985,366186012449.652,14170.1249406067,,,
CAN,Canada,CA,1986,379006836991.724,14521.1800806,,,
CAN,Canada,CA,1987,433134238310.709,16377.6902109541,,,
CAN,Canada,CA,1988,509380027626.554,19012.5723278349,,,
CAN,Canada,CA,1989,567211993243.243,20794.682233334,,,
CAN,Canada,CA,1990,596075591360.987,21525.8611387148,560184961451.598,61.7622404568793,
CAN,Canada,CA,1991,612527712315.615,21846.7930471354,567048053070.888,67.4447435281779,6.552164398148646
CAN,Canada,CA,1992,594387358318.855,20950.3305287651,585191423921.596,70.7020527924547,0.39277812919277516
CAN,Canada,CA,1993,579053561739.4,20186.7988782965,615002687930.82,75.1877082393509,0.5076282131221828
CAN,Canada,CA,1994,579944346807.264,19997.6237373354,656367194071.933,75.9438464996237,0.12220481867037321
CAN,Canada,CA,1995,605961090061.207,20679.634792669,688183583810.054,77.3126219756355,0.8816953333424925
CAN,Canada,CA,1996,630607994132.747,21296.9723536904,712130924872.247,78.0386679289258,0.9869016996364979
CAN,Canada,CA,1997,654986999855.554,21901.5628548392,755390170461.408,74.9284095733244,-0.03113176275669
CAN,Canada,CA,1998,634000000000.0,21024.5850687045,793674327704.288,72.4827997563099,-0.8157523554890995
CAN,Canada,CA,1999,678412196271.118,22315.2466731545,846412945809.995,66.245831750035,-0.19191151958582434
CAN,Canada,CA,2000,744773415931.587,24271.0020563821,900996986801.064,58.7379742383571,-0.21901978513115983
CAN,Canada,CA,2001,738981792355.372,23822.096210932,937786776176.929,57.4583564504362,-0.3494998217383382
CAN,Canada,CA,2002,760649334098.005,24256.0192337185,971003788233.131,54.1491194927984,-0.38299277165396045
CAN,Canada,CA,2003,895540646634.787,28301.8645937428,1023682523002.92,51.2713370557453,0.8973402032527188
CAN,Canada,CA,2004,1026690238278.25,32145.5412620217,1083609294356.44,46.8009858324025,0.35619288457940446
CAN,Canada,CA,2005,1173108598778.68,36383.6600068095,1171326187910.13,46.0616514241618,0.6823319683614504
CAN,Canada,CA,2006,1319264809590.97,40504.0370977806,1241594039979.59,43.2916781929928,0.43801939832731296
CAN,Canada,CA,2007,1468820407783.26,44660.0838892281,1301593351698.17,39.1585639491399,0.06728581849803429
CAN,Canada,CA,2008,1552989690721.65,46710.2526864484,1342395839240.43,45.3205112731135,3.1530893561506725
CAN,Canada,CA,2009,1374625142157.29,40874.8831932903,1307000908301.48,53.1924466726998,-0.7733841290709013
CAN,Canada,CA,2010,1617343367486.26,47560.6666009406,1363577286343.32,53.1497329605545,2.2697977429321816
CAN,Canada,CA,2011,1793326630174.52,52223.8588398531,1430806739876.64,54.1193858391726,1.6499268049474511
CAN,Canada,CA,2012,1828366481521.6,52670.3447335415,1468097961846.59,55.7251649377054,1.2958245023933903
CAN,Canada,CA,2013,1846597421834.98,52638.1187235237,1554125000000.0,53.200869076551,-0.4237546882322085
CAN,Canada,CA,2014,1805749878439.94,50960.8431174661,1621395561291.92,51.4827081297932,-0.7842499940074235
CAN,Canada,CA,2015,1556508816217.14,43594.1941045394,1594900336857.89,55.9915837788793,2.1941690570773065
CAN,Canada,CA,2016,1527994741907.43,42314.0615817218,1678092366067.55,56.0236243991088,-0.18602626910938533
CAN,Canada,CA,2017,1649265644244.09,45129.628116623,1765762548007.76,54.4625651849142,0.4812849772943151
CAN,Canada,CA,2018,1725329192783.02,46539.1761570405,1852985933143.48,53.1515356456582,0.21561401577017336
CAN,Canada,CA,2019,1743725183672.52,46352.8693445211,1899695367283.6,53.3623246913959,0.2880217578658369
CAN,Canada,CA,2020,1655684730000.19,43537.839298904,1847837502049.2,74.5544073791525,-5.860126384072666
CAN,Canada,CA,2021,2022378748423.23,52886.6616372703,2179485548675.88,68.7795713723483,0.4721797633515725
CAN,Canada,CA,2022,2190411080134.32,56256.8007264015,2475481278941.65,59.9440184640855,-0.2633923547000708
CAN,Canada,CA,2023,2173339670064.33,54220.3285039875,2583898469288.89,62.4731322069255,0.4126000953030097
CAN,Canada,CA,2024,2241253230970.34,54282.6176051733,2702879648009.75,64.9693295910634,0.826801635958101
CHE,Switzerland,CH,1960,10412232620.5258,1954.3113206427,,,
CHE,Switzerland,CH,1961,11713348834.3069,2155.44996908648,,,
CHE,Switzerland,CH,1962,12989649694.2812,2330.47736501501,,,
CHE,Switzerland,CH,1963,14283872299.0456,2508.47430732203,,,
CHE,Switzerland,CH,1964,15833133857.6281,2734.93009044177,,,
CHE,Switzerland,CH,1965,16780226225.085,2865.2448479366,,,
CHE,Switzerland,CH,1966,18019402373.5388,3044.84560389449,,,
CHE,Switzerland,CH,1967,19397044714.0963,3237.27315217356,,,
CHE,Switzerland,CH,1968,20712102793.8026,3413.49358157003,,,
CHE,Switzerland,CH,1969,22442043274.074,3657.20794240553,,,
CHE,Switzerland,CH,1970,24998066773.3821,4044.42068227245,,,
CHE,Switzerland,CH,1971,30040171750.6471,4834.74049399485,,,
CHE,Switzerland,CH,1972,36844318854.2403,5884.77524107186,,,
CHE,Switzerland,CH,1973,49550006319.5147,7855.91887040854,,,
CHE,Switzerland,CH,1974,57103011445.6416,9004.788599,,,
CHE,Switzerland,CH,1975,65466081819.2384,10328.1089388433,,,
CHE,Switzerland,CH,1976,68476524643.943,10864.971231108,,,
CHE,Switzerland,CH,1977,73135771167.048,11643.6467397732,,,
CHE,Switzerland,CH,1978,102280472035.794,16282.1932458492,,,
CHE,Switzerland,CH,1979,114970094424.731,18265.5588649103,,,
CHE,Switzerland,CH,1980,122557843886.137,19393.8805480097,,,
CHE,Switzerland,CH,1981,112244805518.786,17665.0138979789,,,
CHE,Switzerland,CH,1982,115043365512.486,17999.969257078,,,
CHE,Switzerland,CH,1983,114634358534.61,17859.2323695837,,,
CHE,Switzerland,CH,1984,109455312167.511,16991.2458841517,,,
CHE,Switzerland,CH,1985,110980314191.527,17152.0948495991,,,
CHE,Switzerland,CH,1986,159089921062.872,24459.8536348433,,,
CHE,Switzerland,CH,1987,199236370037.554,30440.5108240499,,,
CHE,Switzerland,CH,1988,215540625298.982,32690.4302734561,,,
CHE,Switzerland,CH,1989,208105846934.409,31308.6508343136,,,
CHE,Switzerland,CH,1990,265763573999.424,39574.5398083788,191005018296.087,12.3253217628628,
CHE,Switzerland,CH,1991,268901693863.319,39544.4946826768,195655861759.977,13.0443645232101,0.49889908157951995
CHE,Switzerland,CH,1992,279921425828.474,40713.6881521435,200027191466.873,15.2316390716792,1.7294746946099946
CHE,Switzerland,CH,1993,272237527070.926,39237.1186558781,204510564935.933,18.4445481282332,1.6898793931628247
CHE,Switzerland,CH,1994,301375055202.164,43091.7770970073,211529959212.077,20.0680258700935,1.4626678508661972
CHE,Switzerland,CH,1995,352835806342.495,50113.8321221345,217004091175.056,22.4952087771142,3.4509813356598875
CHE,Switzerland,CH,1996,340103959546.926,48092.6433036512,222747306457.878,22.9044358708838,-0.25634734132287956
CHE,Switzerland,CH,1997,294788198856.198,41584.441782159,232005796537.153,24.923764904958,-0.47810988837069684
CHE,Switzerland,CH,1998,303459014346.806,42680.5867322391,240727947879.243,27.1341876040475,1.016815720793462
CHE,Switzerland,CH,1999,297873643323.126,41695.6912912021,248201049346.696,25.0056548766129,-1.051221246051066
CHE,Switzerland,CH,2000,279216033870.204,38865.021939688,263627541287.892,25.7779061612304,-0.16265577612642684
CHE,Switzerland,CH,2001,286582672434.226,39638.7911061864,273454243730.002,24.7027735782155,-0.12030266707564814
CHE,Switzerland,CH,2002,309301422430.386,42458.7384679187,281956062254.352,29.742984484904,2.4937729896854326
CHE,Switzerland,CH,2003,362075086507.76,49335.7456291067,284293141607.109,28.8028890808021,5.259817753509255
CHE,Switzerland,CH,2004,403912891033.374,54659.4571488233,296889791565.933,29.3653695166451,1.137002891092731
CHE,Switzerland,CH,2005,418284865884.998,56242.8933645639,308825076428.302,29.3971783222549,0.3647533336744441
CHE,Switzerland,CH,2006,441634672196.523,59011.0324592016,346323158154.133,25.7683538859672,-0.24433150398130987
CHE,Switzerland,CH,2007,490740715594.802,64989.1553256031,384574558162.247,23.655829446943,0.059783471783977825
CHE,Switzerland,CH,2008,567267767519.158,74175.1927898555,411512093039.143,23.082653900009,0.5513373373923326
CHE,Switzerland,CH,2009,554212916092.271,71568.3123885672,410201362487.713,21.7016373939593,8.138345451919587
CHE,Switzerland,CH,2010,598851027947.721,76531.3728182297,425928052343.424,20.9935662579475,0.3463481474961454
CHE,Switzerland,CH,2011,715888126682.396,90476.7589651577,454912095759.708,21.1420070501854,0.8843807783432525
CHE,Switzerland,CH,2012,686420221557.99,85836.2076767359,475340741851.246,21.3444959349686,-0.23693111651631454
CHE,Switzerland,CH,2013,706234937370.968,87304.3305813557,498760487993.313,20.218157443689,-0.15906426588269154
CHE,Switzerland,CH,2014,726537809429.524,88724.9910735609,519299912386.162,20.6112427558614,0.33889849693449065
CHE,Switzerland,CH,2015,694118186379.628,83806.4476003837,540696214191.359,20.4392949592688,-0.3680826811231748
CHE,Switzerland,CH,2016,687895460902.713,82153.0745447889,563950610001.631,19.3809926558719,-0.36775389875538295
CHE,Switzerland,CH,2017,695200834102.045,82254.3770471336,576360598319.814,20.2844118030354,0.6201803815147905
CHE,Switzerland,CH,2018,725568717468.001,85217.3691512274,601867859451.371,18.678118566674,-0.21542158868748934
CHE,Switzerland,CH,2019,721369112726.724,84121.9310304414,632274562999.588,18.9542598066682,0.039714612864772576
CHE,Switzerland,CH,2020,741999406005.627,85897.7843338323,630567393919.535,20.8521076737596,-10.539283717059329
CHE,Switzerland,CH,2021,815309330986.719,93664.7736696111,705080509164.276,19.9391907506215,0.10526425594132569
CHE,Switzerland,CH,2022,828508926958.393,94394.5106803525,801577494672.78,17.5861857642239,-0.1747511972121732
CHE,Switzerland,CH,2023,894424821645.205,100631.802755125,804425726191.751,19.8822985282172,11.280366068521312
CHE,Switzerland,CH,2024,936564198048.516,103669.872008144,847567772890.845,,
CHI,Channel Islands,JG,1960,,,,,
CHI,Channel Islands,JG,1961,,,,,
CHI,Channel Islands,JG,1962,,,,,
CHI,Channel Islands,JG,1963,,,,,
CHI,Channel Islands,JG,1964,,,,,
CHI,Channel Islands,JG,1965,,,,,
CHI,Channel Islands,JG,1966,,,,,
CHI,Channel Islands,JG,1967,,,,,
CHI,Channel Islands,JG,1968,,,,,
CHI,Channel Islands,JG,1969,,,,,
CHI,Channel Islands,JG,1970,,,,,
CHI,Channel Islands,JG,1971,,,,,
CHI,Channel Islands,JG,1972,,,,,
CHI,Channel Islands,JG,1973,,,,,
CHI,Channel Islands,JG,1974,,,,,
CHI,Channel Islands,JG,1975,,,,,
CHI,Channel Islands,JG,1976,,,,,
CHI,Channel Islands,JG,1977,,,,,
CHI,Channel Islands,JG,1978,,,,,
CHI,Channel Islands,JG,1979,,,,,
CHI,Channel Islands,JG,1980,,,,,
CHI,Channel Islands,JG,1981,,,,,
CHI,Channel Islands,JG,1982,,,,,
CHI,Channel Islands,JG,1983,,,,,
CHI,Channel Islands,JG,1984,,,,,
CHI,Channel Islands,JG,1985,,,,,
CHI,Channel Islands,JG,1986,,,,,
CHI,Channel Islands,JG,1987,,,,,
CHI,Channel Islands,JG,1988,,,,,
CHI,Channel Islands,JG,1989,,,,,
CHI,Channel Islands,JG,1990,,,,,
CHI,Channel Islands,JG,1991,,,,,
CHI,Channel Islands,JG,1992,,,,,
CHI,Channel Islands,JG,1993,,,,,
CHI,Channel Islands,JG,1994,,,,,
CHI,Channel Islands,JG,1995,,,,,
CHI,Channel Islands,JG,1996,,,,,
CHI,Channel Islands,JG,1997,,,,,
CHI,Channel Islands,JG,1998,5945677376.61477,40472.6653548172,,,
CHI,Channel Islands,JG,1999,6262740656.85164,42443.7199726991,,,
CHI,Channel Islands,JG,2000,6439703434.71024,43479.1940767689,,,
CHI,Channel Islands,JG,2001,6232906290.4851,41873.7406146127,,,
CHI,Channel Islands,JG,2002,6663669064.7482,44459.7318188977,,,
CHI,Channel Islands,JG,2003,7332244897.95918,48570.7796632166,,,
CHI,Channel Islands,JG,2004,8553643354.08275,56259.5344226334,,,
CHI,Channel Islands,JG,2005,8827272727.27273,57647.1188908006,,,
CHI,Channel Islands,JG,2006,9676172953.08188,62745.1006593557,,,
CHI,Channel Islands,JG,2007,11514605842.3369,74139.97799443,,,
CHI,Channel Islands,JG,2008,,,,,
CHI,Channel Islands,JG,2009,9100755725.19084,57778.5407063052,,,
CHI,Channel Islands,JG,2010,8902070457.35476,56121.6387322912,,,
CHI,Channel Islands,JG,2011,9649313892.00449,60419.2321641296,,,
CHI,Channel Islands,JG,2012,9455340126.38231,58813.9364818794,,,
CHI,Channel Islands,JG,2013,9594160856.65155,59304.850854272,,,
CHI,Channel Islands,JG,2014,10528493006.4176,64700.7423916131,,,
CHI,Channel Islands,JG,2015,10109968831.1688,61852.0735568957,,,
CHI,Channel Islands,JG,2016,9169278152.84904,55950.1482938989,,,
CHI,Channel Islands,JG,2017,9170079922.77992,55806.5708942966,,,
CHI,Channel Islands,JG,2018,10026153281.7503,60783.3529257544,,,
CHI,Channel Islands,JG,2019,10032440898.6469,60568.108347955,,,
CHI,Channel Islands,JG,2020,9439810769.23077,56785.9402005039,,,
CHI,Channel Islands,JG,2021,11157003025.7186,66912.1753241171,,,
CHI,Channel Islands,JG,2022,11308300382.1028,67627.3084478235,,,
CHI,Channel Islands,JG,2023,12507927159.7265,74589.1381155014,,,
CHI,Channel Islands,JG,2024,,,,,
CHL,Chile,CL,1960,4211103676.74027,516.487539077836,,,
CHL,Chile,CL,1961,4948564550.91046,594.436306222113,,,
CHL,Chile,CL,1962,5765971144.47142,678.584336588862,,,
CHL,Chile,CL,1963,5702520146.03167,657.719196593697,,,
CHL,Chile,CL,1964,6065708668.32735,685.970202891974,,,
CHL,Chile,CL,1965,6183988944.34606,686.123541995524,,,
CHL,Chile,CL,1966,7256882086.19585,790.361773771396,,,
CHL,Chile,CL,1967,7145068067.64138,764.265128656993,,,
CHL,Chile,CL,1968,7286820526.02462,765.847401648627,,,
CHL,Chile,CL,1969,8456519044.38223,873.581889905917,,,
CHL,Chile,CL,1970,9261006540.15907,940.648345061287,,,
CHL,Chile,CL,1971,10999807567.1235,1098.91469956231,,,
CHL,Chile,CL,1972,12057501634.979,1185.04994801594,,,
CHL,Chile,CL,1973,17237336172.7878,1666.99542750899,,,
CHL,Chile,CL,1974,16584311220.1384,1578.5836760852,,,
CHL,Chile,CL,1975,7812161793.11971,732.054406775965,,,
CHL,Chile,CL,1976,10523479088.8075,970.957314866348,,,
CHL,Chile,CL,1977,14272711436.7475,1296.86854720323,,,
CHL,Chile,CL,1978,16373093553.7155,1465.45605636916,,,
CHL,Chile,CL,1979,22249574627.6911,1962.08185606537,,,
CHL,Chile,CL,1980,29586676576.0951,2570.84311890682,,,
CHL,Chile,CL,1981,35180322211.2903,3012.3447816477,,,
CHL,Chile,CL,1982,19710229067.2864,1663.28043251256,,,
CHL,Chile,CL,1983,20629678694.0684,1715.40345654344,,,
CHL,Chile,CL,1984,19974595028.1582,1636.22476246476,,,
CHL,Chile,CL,1985,17933557359.8036,1446.80604557863,,,
CHL,Chile,CL,1986,19197818084.6757,1524.97809458987,,,
CHL,Chile,CL,1987,22605488850.8981,1767.41389670161,,,
CHL,Chile,CL,1988,26174858613.8456,2013.53987790886,,,
CHL,Chile,CL,1989,30101767991.1135,2277.84764297202,,,
CHL,Chile,CL,1990,33428580448.2715,2487.76829657299,59722497451.3112,,
CHL,Chile,CL,1991,38232330917.2011,2798.34262413795,66749857311.5651,,
CHL,Chile,CL,1992,46538895685.8088,3351.84108855522,77244255172.371,,
CHL,Chile,CL,1993,49934943320.8828,3540.91377313015,85473205029.4998,,
CHL,Chile,CL,1994,57438273591.0521,4012.10159912285,92707948168.8315,,
CHL,Chile,CL,1995,73820425701.6603,5081.4682771561,105059026552.14,17.2839264386827,
CHL,Chile,CL,1996,78584098983.6374,5333.50438729711,116331728720.132,14.5844761379403,-0.11514443397599378
CHL,Chile,CL,1997,85741415285.165,5741.95842989596,127084973049.292,12.7798231847422,-0.046821022524251105
CHL,Chile,CL,1998,81990010704.0602,5419.82417297191,133888459732.974,12.1152964039874,-0.15055051897704202
CHL,Chile,CL,1999,75578685735.5219,4933.55581516755,135403718285.286,13.2770070103556,0.0668233053873783
CHL,Chile,CL,2000,78339750721.364,5052.99245766325,145355726570.147,13.1456400046218,0.02649457268939895
CHL,Chile,CL,2001,71574739561.4329,4563.5952986689,153318300830.111,,
CHL,Chile,CL,2002,70264045939.2773,4430.84741157984,160694762437.77,,
CHL,Chile,CL,2003,76492579644.0605,4773.40177520754,171606243155.843,,
CHL,Chile,CL,2004,99075985773.6682,6120.59152055344,187973652899.487,,
CHL,Chile,CL,2005,122294145163.192,7480.32330998636,205184272361.174,,
CHL,Chile,CL,2006,153843518170.864,9318.65655296121,256070327750.926,,
CHL,Chile,CL,2007,172491076033.863,10346.4138184533,278373990855.263,,
CHL,Chile,CL,2008,179894594475.405,10683.2188772511,275754675658.211,,
CHL,Chile,CL,2009,171777900623.892,10098.8017167286,271327840689.37,,
CHL,Chile,CL,2010,217051209238.534,12632.8704724192,307855669989.43,,
CHL,Chile,CL,2011,251382573893.87,14487.3927832032,349147748338.746,,
CHL,Chile,CL,2012,267024782486.855,15241.9069981119,374316599654.072,,
CHL,Chile,CL,2013,277395018842.417,15683.5486369155,392670388758.784,,
CHL,Chile,CL,2014,259560978224.359,14529.6767206336,402902197372.116,,
CHL,Chile,CL,2015,242450355830.884,13433.9202987032,405311397644.144,,
CHL,Chile,CL,2016,249344863928.438,13649.8520452803,424831691025.604,,
CHL,Chile,CL,2017,276154259981.097,14879.9086227187,450891850914.83,,
CHL,Chile,CL,2018,295857562991.709,15659.4808675628,478093905184.167,,
CHL,Chile,CL,2019,278285058719.466,14495.716721687,491687970151.703,,
CHL,Chile,CL,2020,254042159309.311,13114.815470545,491062045094.545,,
CHL,Chile,CL,2021,315325547162.072,16206.8325493421,565981846554.521,,
CHL,Chile,CL,2022,301226575540.242,15405.6165774073,602631465819.443,,
CHL,Chile,CL,2023,335518054097.637,17067.0364799154,644836890413.857,,
CHL,Chile,CL,2024,330267137371.592,16709.8893972307,684594682203.973,,
CHN,China,CN,1960,59846235024.7318,89.7150749167731,,,
CHN,China,CN,1961,50162299349.7871,75.9655011127574,,,
CHN,China,CN,1962,47310737754.2287,71.0616845971262,,,
CHN,China,CN,1963,50812227918.5753,74.4681540864463,,,
CHN,China,CN,1964,59821862703.4023,85.6611074645449,,,
CHN,China,CN,1965,70565994356.1828,98.6681688740435,,,
CHN,China,CN,1966,76854053259.209,104.50646350178,,,
CHN,China,CN,1967,73011350596.2485,96.7614480104016,,,
CHN,China,CN,1968,70980323818.7853,91.6454581848979,,,
CHN,China,CN,1969,79847786729.1898,100.308139479526,,,
CHN,China,CN,1970,92752930873.1912,113.346243039894,,,
CHN,China,CN,1971,99959013879.6308,118.84249157909,,,
CHN,China,CN,1972,113871930713.841,132.097410431007,,,
CHN,China,CN,1973,138764340892.0,157.339888078555,,,
CHN,China,CN,1974,144418433058.472,160.402546852304,,,
CHN,China,CN,1975,163687619735.857,178.621249282085,,,
CHN,China,CN,1976,154196810058.643,165.680987722637,,,
CHN,China,CN,1977,175226595859.778,185.728620718294,,,
CHN,China,CN,1978,149788617886.179,156.655616850835,,,
CHN,China,CN,1979,178573913043.478,184.285853059043,,,
CHN,China,CN,1980,191487500000.0,195.149479992051,,,
CHN,China,CN,1981,196218253968.254,197.425510967822,,,
CHN,China,CN,1982,205480916030.534,203.722788366928,,,
CHN,China,CN,1983,231130268199.234,225.86534696156,,,
CHN,China,CN,1984,260442857142.857,251.192686463827,,,
CHN,China,CN,1985,310064625850.34,295.007445815897,,,
CHN,China,CN,1986,301310144927.536,282.445603096707,,,
CHN,China,CN,1987,273455156950.673,252.256760114454,,,
CHN,China,CN,1988,312888888888.889,284.023573149686,,,
CHN,China,CN,1989,348380566801.619,311.429461227032,,,
CHN,China,CN,1990,361560229445.507,318.50335359039,1124714270244.46,,
CHN,China,CN,1991,384510452961.672,334.130288119078,1271603174925.87,,
CHN,China,CN,1992,428502354788.069,367.822651903542,1486559204370.66,,
CHN,China,CN,1993,446557291212.148,378.939353053314,1733767566844.74,,
CHN,China,CN,1994,566929539493.172,475.677874448369,2002276771718.44,,
CHN,China,CN,1995,738190896227.55,612.680277898627,2269797454129.8,,
CHN,China,CN,1996,868523936530.083,713.337387811657,2541937207865.67,,
CHN,China,CN,1997,967753570434.667,786.743548510999,2825928917621.83,,
CHN,China,CN,1998,1037134141760.35,835.095348597432,3084040130395.79,,
CHN,China,CN,1999,1103843203575.64,881.146614068925,3369671201404.2,,
CHN,China,CN,2000,1223754919971.05,969.199513696287,3741889349546.51,,
CHN,China,CN,2001,1355036590251.52,1065.40597574519,4144198719283.08,,
CHN,China,CN,2002,1489821682050.54,1163.55957673426,4597616734437.15,,
CHN,China,CN,2003,1683903309843.85,1306.97245408557,5162768313736.27,,
CHN,China,CN,2004,1984196551300.44,1530.92726215723,5838726336302.17,,
CHN,China,CN,2005,2317551298052.05,1777.64496828464,6711788800929.8,,
CHN,China,CN,2006,2791498472804.33,2129.25696999613,7795700957640.29,,
CHN,China,CN,2007,3604055822571.63,2734.72709877693,9139882776535.16,,
CHN,China,CN,2008,4667346414521.95,3523.44302065213,10216860129733.1,,
CHN,China,CN,2009,5189577094997.58,3898.24459158811,11246461601887.2,,
CHN,China,CN,2010,6192564874453.29,4629.24551710077,12589326651290.3,,
CHN,China,CN,2011,7671757207851.29,5703.76027973346,14064750800821.1,,
CHN,China,CN,2012,8673664713189.24,6405.0574241349,15465192010738.5,,
CHN,China,CN,2013,9743124247267.24,7147.03518622344,16670208037942.1,,
CHN,China,CN,2014,10674533168257.4,7781.06597484974,17754058548307.5,,
CHN,China,CN,2015,11280814787468.9,8175.33285077393,18577514881891.3,,
CHN,China,CN,2016,11456024084962.0,8254.86859320357,19647292057520.3,,
CHN,China,CN,2017,12537559062282.9,8979.67652709856,20974552138879.6,,
CHN,China,CN,2018,14147765772963.8,10085.6638148819,22862470132646.1,,
CHN,China,CN,2019,14560167101283.4,10342.9009524335,24777565958500.9,,
CHN,China,CN,2020,14996414166715.1,10627.4637989619,25777238693451.8,,
CHN,China,CN,2021,18201698719564.0,12887.4357242941,29438240129870.1,,
CHN,China,CN,2022,18316765021690.2,12970.6056414327,32525464028395.1,,
CHN,China,CN,2023,18270356654533.2,12951.1782397043,35520435397067.7,,
CHN,China,CN,2024,18743803170827.2,13303.1481543868,38190084585497.8,,
CIV,Cote d'Ivoire,CI,1960,546203559.344361,148.680788984181,,,
CIV,Cote d'Ivoire,CI,1961,618245634.179831,162.262764436326,,,
CIV,Cote d'Ivoire,CI,1962,645284473.733691,163.076679659123,,,
CIV,Cote d'Ivoire,CI,1963,761047198.029653,185.076825958966,,,
CIV,Cote d'Ivoire,CI,1964,921063326.589918,215.506240264261,,,
CIV,Cote d'Ivoire,CI,1965,919771228.816095,207.044838566402,,,
CIV,Cote d'Ivoire,CI,1966,1024102880.05862,221.786392228948,,,
CIV,Cote d'Ivoire,CI,1967,1082922724.87189,225.620934131463,,,
CIV,Cote d'Ivoire,CI,1968,1281281276.72357,256.768714344803,,,
CIV,Cote d'Ivoire,CI,1969,1361360293.42665,262.192286003745,,,
CIV,Cote d'Ivoire,CI,1970,1455482795.40691,268.957733574566,,,
CIV,Cote d'Ivoire,CI,1971,1584128509.46873,280.333660150746,,,
CIV,Cote d'Ivoire,CI,1972,1849400401.64724,312.942348100524,,,
CIV,Cote d'Ivoire,CI,1973,2508421426.17572,405.568979472686,,,
CIV,Cote d'Ivoire,CI,1974,3070152309.21903,474.223861362208,,,
CIV,Cote d'Ivoire,CI,1975,3893839190.26806,574.626405877437,,,
CIV,Cote d'Ivoire,CI,1976,4662053824.83955,660.538618229175,,,
CIV,Cote d'Ivoire,CI,1977,6265068189.37782,855.655691363342,,,
CIV,Cote d'Ivoire,CI,1978,7900526298.31993,1039.11498268738,,,
CIV,Cote d'Ivoire,CI,1979,9142933966.79465,1157.00139805383,,,
CIV,Cote d'Ivoire,CI,1980,10175617609.0962,1237.80216768229,,,
CIV,Cote d'Ivoire,CI,1981,8432589942.39434,985.507547907408,,,
CIV,Cote d'Ivoire,CI,1982,7567110848.92228,849.479705391045,,,
CIV,Cote d'Ivoire,CI,1983,6838184772.52063,737.449968695419,,,
CIV,Cote d'Ivoire,CI,1984,6841639246.8996,708.940252199945,,,
CIV,Cote d'Ivoire,CI,1985,6977650643.99488,694.951691466923,,,
CIV,Cote d'Ivoire,CI,1986,9158302099.57957,877.154956751363,,,
CIV,Cote d'Ivoire,CI,1987,10087654464.8168,929.611362954514,,,
CIV,Cote d'Ivoire,CI,1988,10255169805.7996,909.534182158689,,,
CIV,Cote d'Ivoire,CI,1989,9757410644.6679,832.559837958259,,,
CIV,Cote d'Ivoire,CI,1990,10795850582.779,885.647842214928,32831478344.3631,,
CIV,Cote d'Ivoire,CI,1991,10492628580.7484,827.241889166985,33955667728.9533,,
CIV,Cote d'Ivoire,CI,1992,11152971273.9383,844.902223806738,34644533342.1783,,
CIV,Cote d'Ivoire,CI,1993,11045760288.1206,804.149657211252,35397455090.2632,,
CIV,Cote d'Ivoire,CI,1994,8313557510.14757,581.888468577405,36446538660.6394,,
CIV,Cote d'Ivoire,CI,1995,11000146266.5135,740.4730999133,39862249179.0228,171.065442627283,
CIV,Cote d'Ivoire,CI,1996,18071152830.6101,1170.23622049666,43729524252.3578,,
CIV,Cote d'Ivoire,CI,1997,18047558037.7036,1124.65674867927,48775770205.2226,,
CIV,Cote d'Ivoire,CI,1998,19619654755.679,1177.37133815342,51427070911.4958,,
CIV,Cote d'Ivoire,CI,1999,18870992455.568,1096.13520587572,52763388083.7264,,
CIV,Cote d'Ivoire,CI,2000,16577533891.8785,936.636541348798,53815165580.1811,,
CIV,Cote d'Ivoire,CI,2001,16810537043.8407,924.727294962066,53841629590.2099,,
CIV,Cote d'Ivoire,CI,2002,18054383320.8474,967.815864415991,53185319479.1529,,
CIV,Cote d'Ivoire,CI,2003,21251754340.4305,1111.17135087887,51672274067.2947,,
CIV,Cote d'Ivoire,CI,2004,23510575681.3686,1199.82524528546,54751824974.7097,,
CIV,Cote d'Ivoire,CI,2005,24036918703.1747,1197.74616979415,57031007284.5916,,
CIV,Cote d'Ivoire,CI,2006,25281413263.3712,1230.43056838584,60445022065.3369,,
CIV,Cote d'Ivoire,CI,2007,28760090953.3081,1367.53817722326,62766430565.9511,,
CIV,Cote d'Ivoire,CI,2008,34078240293.2559,1583.97066701372,67035504258.6861,,
CIV,Cote d'Ivoire,CI,2009,33886813250.2036,1540.45393569596,69879369469.742,,
CIV,Cote d'Ivoire,CI,2010,34936307980.063,1553.54887048143,75572133892.1689,,
CIV,Cote d'Ivoire,CI,2011,36693710801.3976,1596.62826565998,72988975599.248,,
CIV,Cote d'Ivoire,CI,2012,36302302877.2977,1546.9460184731,77223654948.2285,,
CIV,Cote d'Ivoire,CI,2013,42760235484.6093,1786.15862031324,86638474451.6252,,
CIV,Cote d'Ivoire,CI,2014,48843005613.7091,1991.36539423404,99929867262.254,,
CIV,Cote d'Ivoire,CI,2015,45815005169.2651,1814.71855088017,111175876370.327,,
CIV,Cote d'Ivoire,CI,2016,48407761036.8238,1862.59597081287,117748858729.37,,
CIV,Cote d'Ivoire,CI,2017,52512343996.69,1964.29930338343,125384273717.75,,
CIV,Cote d'Ivoire,CI,2018,58522477786.6889,2130.86619381144,135827506244.13,,
CIV,Cote d'Ivoire,CI,2019,60382894697.3557,2141.76836170115,155523648459.422,,
CIV,Cote d'Ivoire,CI,2020,63027852805.4204,2179.72934832935,160302939789.704,,
CIV,Cote d'Ivoire,CI,2021,72794636649.4342,2455.98127626488,179178274483.428,,
CIV,Cote d'Ivoire,CI,2022,70922824824.0069,2333.37128334477,204237508213.331,,
CIV,Cote d'Ivoire,CI,2023,79618056323.7639,2554.67304885576,225235088913.669,,
CIV,Cote d'Ivoire,CI,2024,86538413923.3943,2709.89511641252,244407043373.227,,
CMR,Cameroon,CM,1960,614206068.497266,119.05394115577,,,
CMR,Cameroon,CM,1961,652777608.320492,124.593165563331,,,
CMR,Cameroon,CM,1962,694247864.3789,130.042569873656,,,
CMR,Cameroon,CM,1963,718320845.044338,131.642014675439,,,
CMR,Cameroon,CM,1964,776650176.904453,139.228109587718,,,
CMR,Cameroon,CM,1965,814083265.511426,142.704307565995,,,
CMR,Cameroon,CM,1966,851112534.552636,145.80598283154,,,
CMR,Cameroon,CM,1967,936175260.030919,156.621290691062,,,
CMR,Cameroon,CM,1968,1046191217.79942,170.782666507465,,,
CMR,Cameroon,CM,1969,1100551488.62689,175.150496434432,,,
CMR,Cameroon,CM,1970,1151216992.88095,178.488982961305,,,
CMR,Cameroon,CM,1971,1236941394.11447,186.724820408777,,,
CMR,Cameroon,CM,1972,1498251889.66287,220.108720960652,,,
CMR,Cameroon,CM,1973,1901393361.02282,271.757290053085,,,
CMR,Cameroon,CM,1974,2157415532.54796,299.908339494791,,,
CMR,Cameroon,CM,1975,2857037371.05886,386.236450275088,,,
CMR,Cameroon,CM,1976,2898090001.8562,381.429915266252,,,
CMR,Cameroon,CM,1977,3394664024.05503,435.408656274786,,,
CMR,Cameroon,CM,1978,4662852583.13256,581.989336032215,,,
CMR,Cameroon,CM,1979,5919002982.602,718.356902030319,,,
CMR,Cameroon,CM,1980,6674569046.6832,784.116227118122,,,
CMR,Cameroon,CM,1981,6610938616.6643,749.847541304586,,,
CMR,Cameroon,CM,1982,6611255963.83584,732.250719743892,,,
CMR,Cameroon,CM,1983,6870200009.90065,745.513189491527,,,
CMR,Cameroon,CM,1984,7311938026.36713,771.702146026357,,,
CMR,Cameroon,CM,1985,8544810497.9889,875.337721693686,,,
CMR,Cameroon,CM,1986,11857056199.0765,1178.59374950439,,,
CMR,Cameroon,CM,1987,13049659981.1373,1258.31412766207,,,
CMR,Cameroon,CM,1988,12236057362.4917,1145.16555992416,,,
CMR,Cameroon,CM,1989,11012566195.0255,1000.89261316386,,,
CMR,Cameroon,CM,1990,12314482627.8454,1086.71700937081,23025240277.2584,35.6686948009612,
CMR,Cameroon,CM,1991,11840192296.3893,1014.82897292999,22897314876.9068,48.8665341962956,-10.892882795353604
CMR,Cameroon,CM,1992,12071775335.0433,1005.44897647465,22693118130.3963,58.646137344434,-6.3357440683427075
CMR,Cameroon,CM,1993,16181814712.5295,1309.93629975506,21388318871.8445,48.5973153695346,-0.6010867804532642
CMR,Cameroon,CM,1994,8902446252.18372,700.70950185009,22254990930.0794,106.500522736019,1.866016391252758
CMR,Cameroon,CM,1995,10864772470.9043,832.006674487689,23379172433.5651,106.280979179561,1.837812458605318
CMR,Cameroon,CM,1996,11093538846.4483,826.965322327363,24810680272.2513,,
CMR,Cameroon,CM,1997,10789458432.6416,783.251601945462,26381154873.172,,
CMR,Cameroon,CM,1998,11298144990.4104,798.745621406677,27938304948.2009,84.8102640173471,
CMR,Cameroon,CM,1999,11565826464.8921,796.262649784591,29611876948.0094,79.4576584012943,-0.23426043917688655
CMR,Cameroon,CM,2000,10566579294.9831,708.565731625965,31443201183.6588,,
CMR,Cameroon,CM,2001,10953485349.1135,715.470296470585,33541506637.7022,,
CMR,Cameroon,CM,2002,12417251350.4882,789.623811072554,35587737861.9363,,
CMR,Cameroon,CM,2003,15970315034.9903,988.241276791846,38269320461.9491,,
CMR,Cameroon,CM,2004,18826214135.6419,1133.39326749673,42068507448.1673,,
CMR,Cameroon,CM,2005,19509852206.9341,1142.62466252106,44354338153.5252,,
CMR,Cameroon,CM,2006,20910512974.933,1191.45458990968,47463977040.9871,,
CMR,Cameroon,CM,2007,23928250433.0378,1325.67248215933,50859594132.2503,,
CMR,Cameroon,CM,2008,27715142032.913,1492.14269801453,53315733154.1031,,
CMR,Cameroon,CM,2009,27932970317.129,1461.38999232337,55028202949.659,,
CMR,Cameroon,CM,2010,27507501821.0296,1398.58702025047,57311621819.4057,,
CMR,Cameroon,CM,2011,30630910495.217,1513.96056994878,60470659956.2005,,
CMR,Cameroon,CM,2012,30155062329.2821,1449.09874362279,63669714457.3458,,
CMR,Cameroon,CM,2013,33728621180.3231,1575.92882118897,69319477137.6358,,
CMR,Cameroon,CM,2014,36386544706.0806,1649.4433905949,75494717689.7735,,
CMR,Cameroon,CM,2015,32210233020.4569,1415.00009710569,79618697991.1036,,
CMR,Cameroon,CM,2016,33814337044.3765,1441.7201725688,85068226004.8733,,
CMR,Cameroon,CM,2017,36098547033.1655,1496.08951771242,90902832851.2771,,
CMR,Cameroon,CM,2018,39955552189.795,1610.69641591017,99492538001.3058,,
CMR,Cameroon,CM,2019,39667757527.6578,1555.22660476477,108174199180.862,,
CMR,Cameroon,CM,2020,40773241177.0505,1555.60370660749,114420802871.501,,
CMR,Cameroon,CM,2021,45011937346.8384,1672.32657340872,129022200845.744,,
CMR,Cameroon,CM,2022,44347206072.5513,1604.87726954895,143385827220.975,,
CMR,Cameroon,CM,2023,49279410982.826,1736.86091073524,153370677810.357,,
CMR,Cameroon,CM,2024,51326764684.8595,1762.3683508844,162845309666.946,,
COD,"Congo, Dem. Rep.",CD,1960,3359404117.64706,220.074550221277,,,
COD,"Congo, Dem. Rep.",CD,1961,3086746857.14286,197.080395165053,,,
COD,"Congo, Dem. Rep.",CD,1962,3779841428.57143,235.127290601122,,,
COD,"Congo, Dem. Rep.",CD,1963,6213185742.57426,376.383370020937,,,
COD,"Congo, Dem. Rep.",CD,1964,2881545272.72727,169.949259765221,,,
COD,"Congo, Dem. Rep.",CD,1965,4043901818.18182,232.037397382746,,,
COD,"Congo, Dem. Rep.",CD,1966,4532660181.81818,252.770361839944,,,
COD,"Congo, Dem. Rep.",CD,1967,3384063371.75792,183.291086454789,,,
COD,"Congo, Dem. Rep.",CD,1968,3909780538.92216,205.645995783134,,,
COD,"Congo, Dem. Rep.",CD,1969,5032434970.05988,257.144636724402,,,
COD,"Congo, Dem. Rep.",CD,1970,4877684910.17964,242.219759763837,,,
COD,"Congo, Dem. Rep.",CD,1971,5594770359.28144,270.336629028245,,,
COD,"Congo, Dem. Rep.",CD,1972,6173712814.37126,290.511803326089,,,
COD,"Congo, Dem. Rep.",CD,1973,7870239461.07784,360.562591604638,,,
COD,"Congo, Dem. Rep.",CD,1974,9596960179.64072,428.074954493294,,,
COD,"Congo, Dem. Rep.",CD,1975,10237343173.6527,444.693899464352,,,
COD,"Congo, Dem. Rep.",CD,1976,9648583224.99212,408.42239095403,,,
COD,"Congo, Dem. Rep.",CD,1977,12344424763.5727,509.488368681423,,,
COD,"Congo, Dem. Rep.",CD,1978,15372608002.3923,615.084195317772,,,
COD,"Congo, Dem. Rep.",CD,1979,15068422236.3663,582.089432219357,,,
COD,"Congo, Dem. Rep.",CD,1980,14394927494.8647,538.911839414196,,,
COD,"Congo, Dem. Rep.",CD,1981,12537821038.2202,455.912227033575,,,
COD,"Congo, Dem. Rep.",CD,1982,13651667371.1676,481.7409782053,,,
COD,"Congo, Dem. Rep.",CD,1983,11006712650.4481,376.285479915589,,,
COD,"Congo, Dem. Rep.",CD,1984,7857729193.20343,259.801889543739,,,
COD,"Congo, Dem. Rep.",CD,1985,7195042616.0071,230.132255248427,,,
COD,"Congo, Dem. Rep.",CD,1986,8095367168.21769,250.900914044275,,,
COD,"Congo, Dem. Rep.",CD,1987,7661625472.57705,230.086415834499,,,
COD,"Congo, Dem. Rep.",CD,1988,8861299976.74158,257.725151748806,,,
COD,"Congo, Dem. Rep.",CD,1989,9021862775.18112,254.231037905154,,,
COD,"Congo, Dem. Rep.",CD,1990,9349764580.41173,254.872656292509,30523722826.1233,289.844727083008,
COD,"Congo, Dem. Rep.",CD,1991,9625436872.51075,253.79642770809,28898632422.7129,113.584666666667,9.948233778390959
COD,"Congo, Dem. Rep.",CD,1992,8227343907.26679,209.726548794417,26453682666.7594,128.444708097928,0.14946422520972674
COD,"Congo, Dem. Rep.",CD,1993,10706259936.7425,263.335582841074,23433204895.1101,104.00210747895,-0.18776767894422322
COD,"Congo, Dem. Rep.",CD,1994,5820382248.28202,136.542547670676,23000142618.8401,169.786611378329,2.8922079950043025
COD,"Congo, Dem. Rep.",CD,1995,5643439376.10491,127.008078734668,23646760374.3749,232.936231054902,5.04685367515797
COD,"Congo, Dem. Rep.",CD,1996,5771456952.1908,127.416132828292,23833300215.3279,243.595506269697,4.896513219875055
COD,"Congo, Dem. Rep.",CD,1997,6090838693.27145,132.323520768553,22882479834.5473,152.187001902338,5.037276314899074
COD,"Congo, Dem. Rep.",CD,1998,6217805820.77104,131.461338858019,22763824627.0272,,
COD,"Congo, Dem. Rep.",CD,1999,4711259427.27273,96.3192243479286,22100152287.3312,,
COD,"Congo, Dem. Rep.",CD,2000,19088046305.7971,377.925421481395,21038841506.4747,,
COD,"Congo, Dem. Rep.",CD,2001,7438189100.33333,142.678142604412,21060769767.3983,,
COD,"Congo, Dem. Rep.",CD,2002,8728038525.14034,162.38052907429,22018522583.8712,,
COD,"Congo, Dem. Rep.",CD,2003,8937567059.87754,161.491553524396,23705639204.8127,,
COD,"Congo, Dem. Rep.",CD,2004,10297483481.223,180.664764963633,25983434024.9635,,
COD,"Congo, Dem. Rep.",CD,2005,11964484465.9388,203.561668860749,28442238745.3675,,
COD,"Congo, Dem. Rep.",CD,2006,14451901696.3878,238.417639415512,30879427624.8673,,
COD,"Congo, Dem. Rep.",CD,2007,16737071816.38,267.88850879878,33701289054.9784,,
COD,"Congo, Dem. Rep.",CD,2008,19788515590.1284,307.319638606745,36489248034.1968,,
COD,"Congo, Dem. Rep.",CD,2009,18648372553.0921,280.798051526498,37762523634.9432,,
COD,"Congo, Dem. Rep.",CD,2010,21565721044.8462,314.53858629844,40938218024.1018,,
COD,"Congo, Dem. Rep.",CD,2011,25839749199.3671,364.714191777632,44655249524.0653,,
COD,"Congo, Dem. Rep.",CD,2012,29306235285.2597,400.059901824342,46311721585.7762,,
COD,"Congo, Dem. Rep.",CD,2013,32679745048.4427,431.191528160935,53995321291.3452,,
COD,"Congo, Dem. Rep.",CD,2014,35909040925.9375,458.004541775676,63082984657.1439,,
COD,"Congo, Dem. Rep.",CD,2015,37917706497.1793,467.9145805459,69621148328.8482,,
COD,"Congo, Dem. Rep.",CD,2016,37134801555.3322,442.310472110228,76732432237.3181,,
COD,"Congo, Dem. Rep.",CD,2017,38019264794.8263,436.584534687385,87367059544.4283,,
COD,"Congo, Dem. Rep.",CD,2018,47568210009.8172,528.256019777898,96286291906.3743,,
COD,"Congo, Dem. Rep.",CD,2019,51775829877.2088,557.044161335917,108499465225.814,,
COD,"Congo, Dem. Rep.",CD,2020,48716961860.1325,507.521230077872,109045443618.14,,
COD,"Congo, Dem. Rep.",CD,2021,55328482783.5393,558.034077296358,130243843399.282,,
COD,"Congo, Dem. Rep.",CD,2022,65801547755.6552,642.612267148918,151981795496.983,15.9896967791738,
COD,"Congo, Dem. Rep.",CD,2023,67006756666.3604,633.395661686298,171005766912.844,,
COD,"Congo, Dem. Rep.",CD,2024,70749355652.1207,647.435704836002,186833135551.667,,
COG,"Congo, Rep.",CG,1960,131731862.783017,124.659670363931,,,
COG,"Congo, Rep.",CG,1961,151675738.926342,139.872074436703,,,
COG,"Congo, Rep.",CG,1962,166521239.650243,149.591249938458,,,
COG,"Congo, Rep.",CG,1963,172233430.657858,150.65075197733,,,
COG,"Congo, Rep.",CG,1964,185693724.905233,158.061964516344,,,
COG,"Congo, Rep.",CG,1965,198318064.028924,164.186892761636,,,
COG,"Congo, Rep.",CG,1966,220613581.972601,177.551344246999,,,
COG,"Congo, Rep.",CG,1967,237397428.13501,185.656603616519,,,
COG,"Congo, Rep.",CG,1968,251247457.765525,190.84225732065,,,
COG,"Congo, Rep.",CG,1969,265040036.417215,195.431023577377,,,
COG,"Congo, Rep.",CG,1970,274960699.885255,196.7324156078,,,
COG,"Congo, Rep.",CG,1971,322128018.955444,223.538723764898,,,
COG,"Congo, Rep.",CG,1972,410669263.651798,276.271849546575,,,
COG,"Congo, Rep.",CG,1973,541973362.610423,353.380993825585,,,
COG,"Congo, Rep.",CG,1974,585364634.473977,369.945183927696,,,
COG,"Congo, Rep.",CG,1975,767102680.239967,471.473628201515,,,
COG,"Congo, Rep.",CG,1976,754549601.391492,452.578147155598,,,
COG,"Congo, Rep.",CG,1977,765224029.286556,448.136782421875,,,
COG,"Congo, Rep.",CG,1978,878771772.202149,502.704251443805,,,
COG,"Congo, Rep.",CG,1979,1198749667.42923,670.245223116511,,,
COG,"Congo, Rep.",CG,1980,1705796852.89473,932.646715470458,,,
COG,"Congo, Rep.",CG,1981,1993512322.62391,1066.18677734612,,,
COG,"Congo, Rep.",CG,1982,2160640564.56041,1130.97081000634,,,
COG,"Congo, Rep.",CG,1983,2097274289.75066,1075.34825792814,,,
COG,"Congo, Rep.",CG,1984,2193581365.34299,1097.04958637388,,,
COG,"Congo, Rep.",CG,1985,2160872540.03175,1049.31821372865,,,
COG,"Congo, Rep.",CG,1986,1849268212.30284,872.048697635314,,,
COG,"Congo, Rep.",CG,1987,2297753652.34929,1052.33893542503,,,
COG,"Congo, Rep.",CG,1988,2212536311.99319,984.376285838246,,,
COG,"Congo, Rep.",CG,1989,2389593025.60339,1032.8649749016,,,
COG,"Congo, Rep.",CG,1990,2798746050.11354,1175.66709098428,8181388861.20526,,
COG,"Congo, Rep.",CG,1991,2724853505.80336,1112.53521242945,8660669804.47275,,
COG,"Congo, Rep.",CG,1992,2933222703.0334,1164.22442980292,9089401098.33082,,
COG,"Congo, Rep.",CG,1993,2684323623.14372,1034.37200809816,9213691382.18273,,
COG,"Congo, Rep.",CG,1994,1769365437.78801,661.904273689712,8893500368.04331,,
COG,"Congo, Rep.",CG,1995,2116003867.75536,769.606794842829,9441835599.15986,,
COG,"Congo, Rep.",CG,1996,2540697539.05773,898.794050151577,10027210024.8818,,
COG,"Congo, Rep.",CG,1997,2322719102.6909,804.304050086499,10136392428.759,,
COG,"Congo, Rep.",CG,1998,1949481379.21951,660.379775085784,10633422673.212,,
COG,"Congo, Rep.",CG,1999,2354772960.28296,776.416349733937,10505434343.3612,,
COG,"Congo, Rep.",CG,2000,3227927697.57921,1024.30159109181,11557321035.3433,,
COG,"Congo, Rep.",CG,2001,2796704604.03812,854.598314408095,12266930679.6649,,
COG,"Congo, Rep.",CG,2002,3034250923.97726,905.538135544704,13028347252.9641,,
COG,"Congo, Rep.",CG,2003,3503723087.74483,1016.82363412143,13393614579.1367,,
COG,"Congo, Rep.",CG,2004,4656974940.12721,1306.10136324599,14231948893.8471,,
COG,"Congo, Rep.",CG,2005,6650001680.48544,1799.05158366154,15816589849.5564,,
COG,"Congo, Rep.",CG,2006,8072305029.06514,2103.5821381211,17606451725.0369,,
COG,"Congo, Rep.",CG,2007,8782703436.70188,2206.47101863414,16887417171.3163,,
COG,"Congo, Rep.",CG,2008,11649857673.4436,2832.09177777643,18298291842.2703,,
COG,"Congo, Rep.",CG,2009,9723299915.25312,2271.15219175966,20553711138.7706,60.2269417189103,
COG,"Congo, Rep.",CG,2010,13148396211.5955,2946.55798067708,22869548224.0282,25.4826844740907,-1.0818903752167355
COG,"Congo, Rep.",CG,2011,15655383576.6515,3396.16505817952,23856263885.5927,,
COG,"Congo, Rep.",CG,2012,17692911296.3044,3732.32737320389,28717951831.4077,,
COG,"Congo, Rep.",CG,2013,17958720699.0868,3697.41705884249,28335651923.6335,,
COG,"Congo, Rep.",CG,2014,17919321078.0284,3601.2365808718,28527635281.5358,,
COG,"Congo, Rep.",CG,2015,12434793867.3568,2439.35189403696,24035779100.7529,,
COG,"Congo, Rep.",CG,2016,10931328150.8478,2093.10728558843,20973960925.5018,,
COG,"Congo, Rep.",CG,2017,11834473039.3645,2211.63309874797,23783312191.5778,,
COG,"Congo, Rep.",CG,2018,14773900288.5135,2694.43413191427,30668141085.6866,,
COG,"Congo, Rep.",CG,2019,13976637779.9763,2488.42466724916,32125052982.7686,,
COG,"Congo, Rep.",CG,2020,11468687464.0046,1993.586671931,27446361623.0188,,
COG,"Congo, Rep.",CG,2021,14825690210.9157,2516.16255145432,36903988991.0873,,
COG,"Congo, Rep.",CG,2022,15817030156.9459,2620.83804304713,40118334632.1584,,
COG,"Congo, Rep.",CG,2023,15321055818.3263,2477.97845477092,42354479275.5663,,
COG,"Congo, Rep.",CG,2024,15719985776.3966,2482.24894743495,44497676671.9019,,
COL,Colombia,CO,1960,4031152976.63904,258.304433616071,,,
COL,Colombia,CO,1961,4540447761.19403,282.099440509948,,,
COL,Colombia,CO,1962,4955538218.81618,298.543861741321,,,
COL,Colombia,CO,1963,4836166666.66667,282.588330302742,,,
COL,Colombia,CO,1964,5973366666.66667,338.675935298365,,,
COL,Colombia,CO,1965,5760761904.7619,317.064563351518,,,
COL,Colombia,CO,1966,5428518518.51852,290.253385958132,,,
COL,Colombia,CO,1967,5825170438.48704,302.832507824134,,,
COL,Colombia,CO,1968,5960212869.12968,301.526502784249,,,
COL,Colombia,CO,1969,6450175213.74923,317.868798055367,,,
COL,Colombia,CO,1970,7198360460.19887,345.879101568471,,,
COL,Colombia,CO,1971,7820380970.53674,366.825167940364,,,
COL,Colombia,CO,1972,8671358732.68486,397.41211740514,,,
COL,Colombia,CO,1973,10315760000.3394,462.064375734059,,,
COL,Colombia,CO,1974,12370029583.6419,541.749901587091,,,
COL,Colombia,CO,1975,13098633901.8673,561.098036100584,,,
COL,Colombia,CO,1976,15341403660.4698,643.007914496566,,,
COL,Colombia,CO,1977,19470960619.1297,798.203021638873,,,
COL,Colombia,CO,1978,23263511958.0509,932.392695058624,,,
COL,Colombia,CO,1979,27940411250.2732,1095.0313839164,,,
COL,Colombia,CO,1980,33400735644.0481,1279.50116658241,,,
COL,Colombia,CO,1981,36388366869.0309,1362.18332520058,,,
COL,Colombia,CO,1982,38968039721.748,1425.39936771371,,,
COL,Colombia,CO,1983,38729822781.5997,1383.7924605368,,,
COL,Colombia,CO,1984,38253120737.9671,1335.52821812362,,,
COL,Colombia,CO,1985,34894419443.4881,1192.21877479377,,,
COL,Colombia,CO,1986,34942489683.9712,1169.46212069392,,,
COL,Colombia,CO,1987,36373307085.0887,1192.58828638182,,,
COL,Colombia,CO,1988,39212550050.4223,1259.6174112078,,,
COL,Colombia,CO,1989,39540080200.3938,1244.3269459081,,,
COL,Colombia,CO,1990,47844090709.9908,1474.8455285342,165749937387.653,,
COL,Colombia,CO,1991,49637993948.8402,1499.71104164399,174785147998.733,,
COL,Colombia,CO,1992,58394443377.5416,1729.66397332384,185999296401.352,,
COL,Colombia,CO,1993,66474101301.1759,1930.05976548029,200662339786.921,,
COL,Colombia,CO,1994,81705497616.5703,2325.97557339326,216863846995.112,,
COL,Colombia,CO,1995,92495970511.3951,2583.34991436018,232929565332.473,,
COL,Colombia,CO,1996,97153389010.9466,2664.45625558215,242070320398.97,,
COL,Colombia,CO,1997,106656492293.614,2873.20018821653,254691613370.804,,
COL,Colombia,CO,1998,98486358581.1639,2605.99938059023,259021506590.755,5.40391549112143,
COL,Colombia,CO,1999,86278947636.962,2243.64204956242,251643517113.581,19.0653508704071,-1.5081702868644888
COL,Colombia,CO,2000,99875074951.0278,2555.00751039968,264870681669.891,17.7090216802298,0.09355856855589628
COL,Colombia,CO,2001,98200641203.3892,2472.99084035833,275379079767.317,,
COL,Colombia,CO,2002,97945812802.8882,2428.92969771584,286661049059.153,,
COL,Colombia,CO,2003,94644969157.0987,2311.94218760291,303774557821.871,52.535419533379,
COL,Colombia,CO,2004,117092416666.245,2818.57195413044,328579327980.956,,
COL,Colombia,CO,2005,145600529605.803,3456.06610874512,355245575263.737,,
COL,Colombia,CO,2006,161792958904.864,3789.85361217027,390797993626.05,,
COL,Colombia,CO,2007,206229540926.312,4769.926147194,428431872801.996,,
COL,Colombia,CO,2008,242504150472.931,5541.83629665898,451024877848.402,65.2450803056946,
COL,Colombia,CO,2009,232468663109.595,5250.97292433518,458978514355.876,68.9990033374936,0.27396686972836687
COL,Colombia,CO,2010,286498534094.963,6398.2958447102,485436645886.159,72.4526699261111,1.7829972830605847
COL,Colombia,CO,2011,334966134804.887,7400.9940695669,529875186711.481,62.8601328222053,0.06715612037126767
COL,Colombia,CO,2012,370691143018.039,8108.59838244229,552844741595.573,65.227695883164,1.3597622741702708
COL,Colombia,CO,2013,382093697077.685,8279.10255642981,589812009091.885,67.1029119456429,0.3950171774994273
COL,Colombia,CO,2014,381240864422.407,8187.20824890084,621898180361.74,47.9761695160459,-2.2904332555627467
COL,Colombia,CO,2015,293492370193.166,6248.51490534512,626205847138.119,53.2785874737167,-6.160219806971303
COL,Colombia,CO,2016,282720100286.228,5959.84250367574,665398390495.011,66.9071609125065,0.8366745416303694
COL,Colombia,CO,2017,311866875156.879,6479.53231292429,693117074956.624,66.7272478472146,0.6833004767963461
COL,Colombia,CO,2018,334198218098.276,6816.96818309544,747103674534.628,71.6505702481056,0.5807875756617087
COL,Colombia,CO,2019,323031701192.84,6472.54544924705,807590595866.731,72.7038785770822,-0.07602227265708902
COL,Colombia,CO,2020,270348342541.465,5339.68711357943,785737564322.414,91.1566069449736,-0.5300774937590368
COL,Colombia,CO,2021,318524633225.395,6222.62164397614,889808627041.398,80.3666516174088,0.09173737691992198
COL,Colombia,CO,2022,345632492851.448,6680.44506854481,1070755175690.69,70.2698217564944,-0.07246474574132718
COL,Colombia,CO,2023,366291836137.916,7000.83660501046,1095839760556.08,71.3300251691521,0.7335470110120148
COL,Colombia,CO,2024,418542042920.189,7913.98801464547,1136771232492.38,,
COM,Comoros,KM,1960,,,,,
COM,Comoros,KM,1961,,,,,
COM,Comoros,KM,1962,,,,,
COM,Comoros,KM,1963,,,,,
COM,Comoros,KM,1964,,,,,
COM,Comoros,KM,1965,,,,,
COM,Comoros,KM,1966,,,,,
COM,Comoros,KM,1967,,,,,
COM,Comoros,KM,1968,,,,,
COM,Comoros,KM,1969,,,,,
COM,Comoros,KM,1970,,,,,
COM,Comoros,KM,1971,,,,,
COM,Comoros,KM,1972,,,,,
COM,Comoros,KM,1973,,,,,
COM,Comoros,KM,1974,,,,,
COM,Comoros,KM,1975,,,,,
COM,Comoros,KM,1976,,,,,
COM,Comoros,KM,1977,,,,,
COM,Comoros,KM,1978,,,,,
COM,Comoros,KM,1979,,,,,
COM,Comoros,KM,1980,212218261.585643,628.383374399706,,,
COM,Comoros,KM,1981,196349931.540286,565.227707654068,,,
COM,Comoros,KM,1982,184009013.562815,515.230802468548,,,
COM,Comoros,KM,1983,191621954.855332,521.799388549863,,,
COM,Comoros,KM,1984,184697225.637076,489.086677515911,,,
COM,Comoros,KM,1985,196726096.329131,506.566456022193,,,
COM,Comoros,KM,1986,279197721.807577,699.186417360542,,,
COM,Comoros,KM,1987,337525852.647575,822.353267227469,,,
COM,Comoros,KM,1988,356500032.676316,845.413855955521,,,
COM,Comoros,KM,1989,341476768.326033,788.44239898138,,,
COM,Comoros,KM,1990,429622177.724885,966.320384629832,616155996.857795,,
COM,Comoros,KM,1991,424108769.502231,930.969561376057,602623386.801974,,
COM,Comoros,KM,1992,457388651.500941,983.392533644385,668937539.45043,,
COM,Comoros,KM,1993,452881475.071813,956.087575782514,705378845.461661,,
COM,Comoros,KM,1994,319189184.255639,662.023188719588,682424023.603232,,
COM,Comoros,KM,1995,398461797.009413,812.215996806703,721885804.920714,,
COM,Comoros,KM,1996,396053805.891754,793.524847160537,725606605.366338,,
COM,Comoros,KM,1997,364445600.525492,717.727664950347,767866656.241727,,
COM,Comoros,KM,1998,370106745.930146,716.432240082977,786455135.153074,,
COM,Comoros,KM,1999,382454989.945311,727.258360072926,812933027.726409,,
COM,Comoros,KM,2000,351136579.648632,655.007796688241,921531120.268494,,
COM,Comoros,KM,2001,378512024.077556,691.699908770798,964263687.33722,,
COM,Comoros,KM,2002,425964681.044378,762.116930318449,1002015276.38258,,
COM,Comoros,KM,2003,546885222.713065,959.787894504834,1043295534.07544,,
COM,Comoros,KM,2004,633706110.795614,1091.27216412426,1091916953.03253,,
COM,Comoros,KM,2005,653845169.168576,1103.20658498402,1158108657.93692,,
COM,Comoros,KM,2006,698431793.872776,1154.90422349749,1225422797.14619,,
COM,Comoros,KM,2007,795673152.867077,1289.73631056361,1268692182.62383,,
COM,Comoros,KM,2008,915659107.965823,1455.02768595586,1344404020.34772,,
COM,Comoros,KM,2009,905341172.70583,1410.30516959473,1440444474.64267,,
COM,Comoros,KM,2010,907979446.419588,1386.57533553376,1527947032.30466,,
COM,Comoros,KM,2011,1023087475.68355,1531.43969320468,1651294241.59917,,
COM,Comoros,KM,2012,1015842906.66403,1490.31425650871,1825883022.49138,,
COM,Comoros,KM,2013,1116223107.03168,1603.32653496691,1971983805.65452,,
COM,Comoros,KM,2014,1149587623.99594,1615.71718460209,2090119635.28651,,
COM,Comoros,KM,2015,966029599.801228,1329.3704808998,2143329245.5437,,
COM,Comoros,KM,2016,1012835492.51575,1365.48403353158,2328363278.32792,,
COM,Comoros,KM,2017,1077439756.12221,1423.92480215551,2532916585.07953,,
COM,Comoros,KM,2018,1188797449.96029,1540.71132331975,2549756539.994,,
COM,Comoros,KM,2019,1195019531.03664,1519.26386326167,2605735931.66902,,
COM,Comoros,KM,2020,1225039195.93742,1527.16990927956,2616330804.01696,,
COM,Comoros,KM,2021,1299039311.76025,1587.72988601478,2821917777.54899,,
COM,Comoros,KM,2022,1279542248.45017,1533.87755332151,3108308931.75495,,
COM,Comoros,KM,2023,1430523435.81695,1682.20285095721,3318845023.61956,,
COM,Comoros,KM,2024,1546164420.32442,1784.11546860293,3514286024.8808,,
CPV,Cabo Verde,CV,1960,,,,,
CPV,Cabo Verde,CV,1961,,,,,
CPV,Cabo Verde,CV,1962,,,,,
CPV,Cabo Verde,CV,1963,,,,,
CPV,Cabo Verde,CV,1964,,,,,
CPV,Cabo Verde,CV,1965,,,,,
CPV,Cabo Verde,CV,1966,,,,,
CPV,Cabo Verde,CV,1967,,,,,
CPV,Cabo Verde,CV,1968,,,,,
CPV,Cabo Verde,CV,1969,,,,,
CPV,Cabo Verde,CV,1970,,,,,
CPV,Cabo Verde,CV,1971,,,,,
CPV,Cabo Verde,CV,1972,,,,,
CPV,Cabo Verde,CV,1973,,,,,
CPV,Cabo Verde,CV,1974,,,,,
CPV,Cabo Verde,CV,1975,,,,,
CPV,Cabo Verde,CV,1976,,,,,
CPV,Cabo Verde,CV,1977,,,,,
CPV,Cabo Verde,CV,1978,,,,,
CPV,Cabo Verde,CV,1979,,,,,
CPV,Cabo Verde,CV,1980,142246815.345007,439.982602420059,,,
CPV,Cabo Verde,CV,1981,139468209.116206,425.407688720331,,,
CPV,Cabo Verde,CV,1982,140630678.983478,422.664667963472,,,
CPV,Cabo Verde,CV,1983,138476175.620363,410.112646734121,,,
CPV,Cabo Verde,CV,1984,132019038.591628,385.451419954827,,,
CPV,Cabo Verde,CV,1985,137728204.813735,396.494191452033,,,
CPV,Cabo Verde,CV,1986,190651167.559385,541.142985647338,,,
CPV,Cabo Verde,CV,1987,235253064.70982,658.415191378217,,,
CPV,Cabo Verde,CV,1988,264308140.285149,729.470012847852,,,
CPV,Cabo Verde,CV,1989,267448571.414611,727.151685588784,,,
CPV,Cabo Verde,CV,1990,306890962.649533,817.442925539738,392118599.493749,,
CPV,Cabo Verde,CV,1991,319827058.592875,831.61388764249,411071432.067085,,
CPV,Cabo Verde,CV,1992,357160985.327413,907.847909529157,466425301.464336,,
CPV,Cabo Verde,CV,1993,490417389.682569,1220.04997868613,519061637.732674,,
CPV,Cabo Verde,CV,1994,406580652.330537,991.108974352157,631840378.824759,,
CPV,Cabo Verde,CV,1995,487148993.533109,1165.13832331934,736765678.027619,,
CPV,Cabo Verde,CV,1996,501979269.843942,1179.51522705182,835381892.756581,,
CPV,Cabo Verde,CV,1997,490608657.924976,1133.57422614008,944270626.784676,,
CPV,Cabo Verde,CV,1998,521910560.524868,1186.74294773086,1074408388.73386,,
CPV,Cabo Verde,CV,1999,592416703.058878,1326.74466945164,1211895681.9297,,
CPV,Cabo Verde,CV,2000,539227277.626411,1189.51479345891,1416386647.12635,,
CPV,Cabo Verde,CV,2001,563090490.377368,1223.33055331575,1480599872.93237,,
CPV,Cabo Verde,CV,2002,620507387.466174,1328.57874270666,1582561152.10677,,
CPV,Cabo Verde,CV,2003,813260468.873834,1717.97565369655,1681202608.62193,,
CPV,Cabo Verde,CV,2004,924940011.836897,1929.49081468781,1902455066.32188,,
CPV,Cabo Verde,CV,2005,972241676.907662,2004.14680417563,2097735410.67232,,
CPV,Cabo Verde,CV,2006,1107571457.90614,2256.99666191075,2335068852.97119,,
CPV,Cabo Verde,CV,2007,1649621738.63689,3324.57675212498,2762175353.74715,,
CPV,Cabo Verde,CV,2008,1959620648.31578,3908.64885822576,3013570387.84164,,
CPV,Cabo Verde,CV,2009,1852334575.17521,3659.72046361628,2986566391.01946,,
CPV,Cabo Verde,CV,2010,1824751467.92957,3579.46006137809,3078374146.42847,,
CPV,Cabo Verde,CV,2011,2046817987.20109,4002.01386888785,3265194483.4151,,
CPV,Cabo Verde,CV,2012,1913081210.41411,3736.81517011087,3234562963.9147,,
CPV,Cabo Verde,CV,2013,2028910915.16446,3960.97596791345,3261480004.77418,,
CPV,Cabo Verde,CV,2014,2041930125.42979,3985.60706548134,3287510389.45475,,
CPV,Cabo Verde,CV,2015,1749857620.35329,3415.06266730931,3470693995.24233,,
CPV,Cabo Verde,CV,2016,1849789985.99572,3608.96605234906,3767658154.16819,,
CPV,Cabo Verde,CV,2017,1996741539.95088,3893.09571382506,4070196657.81328,,
CPV,Cabo Verde,CV,2018,2205099506.99994,4294.96510035729,4064409366.40188,,
CPV,Cabo Verde,CV,2019,2252177124.32402,4380.78117331128,4444817983.52976,,
CPV,Cabo Verde,CV,2020,1821565613.68613,3539.22661248299,3526877323.02085,,
CPV,Cabo Verde,CV,2021,2051842618.70539,3971.44409203423,3970664151.46117,,
CPV,Cabo Verde,CV,2022,2247003344.34242,4323.31362032709,4927702546.11045,,
CPV,Cabo Verde,CV,2023,2539203428.73837,4861.29184126229,5380239592.51596,,
CPV,Cabo Verde,CV,2024,2767599017.44874,5272.85253011419,5911044392.74439,,
CRI,Costa Rica,CR,1960,507513829.994855,382.309121831519,,,
CRI,Costa Rica,CR,1961,490325181.614275,355.844447873806,,,
CRI,Costa Rica,CR,1962,479180824.348506,335.221589042255,,,
CRI,Costa Rica,CR,1963,511902136.809973,345.505369052711,,,
CRI,Costa Rica,CR,1964,542578367.242598,353.710896791701,,,
CRI,Costa Rica,CR,1965,592981162.264151,373.835690063441,,,
CRI,Costa Rica,CR,1966,647305630.188679,395.15249847305,,,
CRI,Costa Rica,CR,1967,699456618.867925,413.996506036274,,,
CRI,Costa Rica,CR,1968,773841494.339623,444.805256869954,,,
CRI,Costa Rica,CR,1969,853630203.773585,477.081346742249,,,
CRI,Costa Rica,CR,1970,984830158.490566,535.539679724977,,,
CRI,Costa Rica,CR,1971,1077147537.52472,570.360229534426,,,
CRI,Costa Rica,CR,1972,1238251695.55388,638.851011611456,,,
CRI,Costa Rica,CR,1973,1528925846.25467,768.944717412776,,,
CRI,Costa Rica,CR,1974,1666544754.09836,817.076691410389,,,
CRI,Costa Rica,CR,1975,1960863465.5776,936.993196686988,,,
CRI,Costa Rica,CR,1976,2412555425.90432,1123.28179124262,,,
CRI,Costa Rica,CR,1977,3072427012.83547,1393.37513762224,,,
CRI,Costa Rica,CR,1978,3523208809.80163,1555.83716115258,,,
CRI,Costa Rica,CR,1979,4035519323.22054,1734.59560248294,,,
CRI,Costa Rica,CR,1980,4831447001.16686,2020.99067534283,,,
CRI,Costa Rica,CR,1981,2623803095.78501,1068.04672232202,,,
CRI,Costa Rica,CR,1982,2606623554.56582,1032.40548167496,,,
CRI,Costa Rica,CR,1983,3146772630.77263,1212.55765296791,,,
CRI,Costa Rica,CR,1984,3660477856.22977,1372.20149843952,,,
CRI,Costa Rica,CR,1985,3919203960.39604,1429.37836415122,,,
CRI,Costa Rica,CR,1986,4418983870.96774,1568.5640969552,,,
CRI,Costa Rica,CR,1987,4532952047.15628,1567.0320510901,,,
CRI,Costa Rica,CR,1988,4614629898.40348,1554.74048522018,,,
CRI,Costa Rica,CR,1989,5251025767.47627,1725.13936155907,,,
CRI,Costa Rica,CR,1990,5711687786.75989,1829.6687089559,15672949340.5948,,
CRI,Costa Rica,CR,1991,7215725487.30549,2253.38191508071,16570082512.9341,,
CRI,Costa Rica,CR,1992,8579754757.93237,2612.38756453737,18507065148.2613,,
CRI,Costa Rica,CR,1993,9564815975.14743,2840.38706479397,20290358301.0491,,
CRI,Costa Rica,CR,1994,10489903725.0032,3039.56328550633,21660102972.2963,,
CRI,Costa Rica,CR,1995,11578594259.8675,3275.25256447416,23032863329.7874,,
CRI,Costa Rica,CR,1996,11678424507.2457,3226.96395598625,23771284900.1496,30.0982111795656,
CRI,Costa Rica,CR,1997,12614602382.2012,3407.776128985,25505411392.3359,30.1790308643986,0.1683659623587257
CRI,Costa Rica,CR,1998,13684255946.5765,3617.45756666726,27637559276.9077,40.2051024300097,0.7948812491027011
CRI,Costa Rica,CR,1999,14254866284.6542,3690.96154778297,29210012861.4266,40.1048028944163,0.13680334245491302
CRI,Costa Rica,CR,2000,15013629661.8969,3812.75388284924,31027327622.0157,38.5018488599169,0.035018135475550445
CRI,Costa Rica,CR,2001,15976174336.9721,3985.12984506207,32833574233.3864,39.3351119117989,0.2788772312096503
CRI,Costa Rica,CR,2002,16578820687.2881,4067.71851429092,34483122864.6207,,
CRI,Costa Rica,CR,2003,17271760506.9483,4173.14856415514,36682018260.0044,,
CRI,Costa Rica,CR,2004,18610594846.2083,4431.0117207843,39335107060.6758,,
CRI,Costa Rica,CR,2005,20040642476.9817,4703.00721784778,42181713036.3585,,
CRI,Costa Rica,CR,2006,22715540324.3032,5256.59640859159,46668360605.7584,,
CRI,Costa Rica,CR,2007,26884700709.3146,6137.71199925542,51870463922.2846,,
CRI,Costa Rica,CR,2008,30801745700.4514,6937.24261596055,55374923472.4127,,
CRI,Costa Rica,CR,2009,30745714312.6417,6832.69829924138,55229806542.8,,
CRI,Costa Rica,CR,2010,37658616951.8182,8265.78820275899,58897493038.2695,,
CRI,Costa Rica,CR,2011,42762613698.9258,9276.39107510528,62759466861.9618,,
CRI,Costa Rica,CR,2012,47231655431.718,10126.999102414,67457930827.6934,,
CRI,Costa Rica,CR,2013,50949668841.575,10803.2401961972,71836714968.5186,,
CRI,Costa Rica,CR,2014,52016408854.212,10911.4978783227,78151240953.9364,,
CRI,Costa Rica,CR,2015,56441920820.5538,11714.7105980803,84436792703.7839,,
CRI,Costa Rica,CR,2016,58847019609.743,12091.0301606335,93454856085.3431,,
CRI,Costa Rica,CR,2017,60516044656.5298,12317.0902771322,100716906502.792,,
CRI,Costa Rica,CR,2018,62420164991.5444,12590.2493781628,106583345257.909,,
CRI,Costa Rica,CR,2019,64417670521.3339,12884.6859951947,116687612853.574,,
CRI,Costa Rica,CR,2020,62395610759.9798,12394.0493969354,111257806526.907,,
CRI,Costa Rica,CR,2021,64960725734.2362,12838.1185359009,120695515793.091,,
CRI,Costa Rica,CR,2022,69243626028.6698,13625.9008491478,131743438291.443,,
CRI,Costa Rica,CR,2023,86497941438.9809,16942.0268119304,143338340238.733,,
CRI,Costa Rica,CR,2024,95350423176.664,18587.1532203614,154219710536.776,,
CUB,Cuba,CU,1960,,,,,
CUB,Cuba,CU,1961,,,,,
CUB,Cuba,CU,1962,,,,,
CUB,Cuba,CU,1963,,,,,
CUB,Cuba,CU,1964,,,,,
CUB,Cuba,CU,1965,,,,,
CUB,Cuba,CU,1966,,,,,
CUB,Cuba,CU,1967,,,,,
CUB,Cuba,CU,1968,,,,,
CUB,Cuba,CU,1969,,,,,
CUB,Cuba,CU,1970,5693005200.0,645.144917797076,,,
CUB,Cuba,CU,1971,6914658400.0,770.084969682323,,,
CUB,Cuba,CU,1972,8135150891.92025,891.631749208781,,,
CUB,Cuba,CU,1973,9987709650.18094,1079.13081526456,,,
CUB,Cuba,CU,1974,11405957317.0732,1216.74148211883,,,
CUB,Cuba,CU,1975,13027415243.9024,1374.2396398274,,,
CUB,Cuba,CU,1976,13789579902.5579,1440.73046137146,,,
CUB,Cuba,CU,1977,14206158674.6988,1472.37881716617,,,
CUB,Cuba,CU,1978,17844705324.6753,1837.39107006762,,,
CUB,Cuba,CU,1979,19584443287.6712,2005.91326318373,,,
CUB,Cuba,CU,1980,19912889861.1111,2030.93362280165,,,
CUB,Cuba,CU,1981,20150254096.3855,2045.85231227999,,,
CUB,Cuba,CU,1982,20953510235.2941,2113.80858874548,,,
CUB,Cuba,CU,1983,22204940512.2235,2222.48851241339,,,
CUB,Cuba,CU,1984,24039383608.4235,2386.44595066854,,,
CUB,Cuba,CU,1985,22920490774.102,2256.56948668495,,,
CUB,Cuba,CU,1986,24226574634.0293,2364.89559789307,,,
CUB,Cuba,CU,1987,25213935012.0819,2439.58400332393,,,
CUB,Cuba,CU,1988,27458999472.2955,2632.04176839158,,,
CUB,Cuba,CU,1989,27023468665.8977,2565.54117909344,,,
CUB,Cuba,CU,1990,28645436569.1489,2694.31697957692,,,
CUB,Cuba,CU,1991,24316556025.6585,2268.83493247194,,,
CUB,Cuba,CU,1992,22085858243.2432,2047.67900346421,,,
CUB,Cuba,CU,1993,22367254864.8649,2063.20366253587,,,
CUB,Cuba,CU,1994,28448326756.7568,2613.28971869122,,,
CUB,Cuba,CU,1995,30429803651.2192,2785.24442954103,,,
CUB,Cuba,CU,1996,25017368700.0,2282.18809324202,,,
CUB,Cuba,CU,1997,25365908100.0,2306.42483397336,,,
CUB,Cuba,CU,1998,25736331200.0,2332.30656133119,,,
CUB,Cuba,CU,1999,28364615200.0,2561.77980406838,,,
CUB,Cuba,CU,2000,30565400000.0,2751.3817714814,,,
CUB,Cuba,CU,2001,31682400000.0,2842.96704310394,,,
CUB,Cuba,CU,2002,33590500000.0,3005.21104247868,,,
CUB,Cuba,CU,2003,35901200000.0,3202.78109865637,,,
CUB,Cuba,CU,2004,38203000000.0,3399.21962893402,,,
CUB,Cuba,CU,2005,42643836100.0,3786.33799225291,,,
CUB,Cuba,CU,2006,48835925925.9259,4329.98265964383,,,
CUB,Cuba,CU,2007,54262870370.3704,4807.43888960684,,,
CUB,Cuba,CU,2008,56302129629.6296,4986.12436479175,,,
CUB,Cuba,CU,2009,57481481481.4815,5089.23519757167,,,
CUB,Cuba,CU,2010,59562962962.963,5272.26755824835,,,
CUB,Cuba,CU,2011,68990000000.0,6104.46105236166,,,
CUB,Cuba,CU,2012,73141000000.0,6470.83673392653,,,
CUB,Cuba,CU,2013,77148000000.0,6828.36428245396,,,
CUB,Cuba,CU,2014,80656100000.0,7146.70459051328,,,
CUB,Cuba,CU,2015,87132800000.0,7727.91997207998,,,
CUB,Cuba,CU,2016,91370407863.7,8110.55873961397,,,
CUB,Cuba,CU,2017,96850649691.7406,8610.60829531998,,,
CUB,Cuba,CU,2018,100050036096.123,8911.46205964193,,,
CUB,Cuba,CU,2019,103427600000.0,9232.26115935183,,,
CUB,Cuba,CU,2020,107351800000.0,9605.26125067263,,,
CUB,Cuba,CU,2021,,,,,
CUB,Cuba,CU,2022,,,,,
CUB,Cuba,CU,2023,,,,,
CUB,Cuba,CU,2024,,,,,
CUW,Curacao,CW,1960,,,,,
CUW,Curacao,CW,1961,,,,,
CUW,Curacao,CW,1962,,,,,
CUW,Curacao,CW,1963,,,,,
CUW,Curacao,CW,1964,,,,,
CUW,Curacao,CW,1965,,,,,
CUW,Curacao,CW,1966,,,,,
CUW,Curacao,CW,1967,,,,,
CUW,Curacao,CW,1968,,,,,
CUW,Curacao,CW,1969,,,,,
CUW,Curacao,CW,1970,,,,,
CUW,Curacao,CW,1971,,,,,
CUW,Curacao,CW,1972,,,,,
CUW,Curacao,CW,1973,,,,,
CUW,Curacao,CW,1974,,,,,
CUW,Curacao,CW,1975,,,,,
CUW,Curacao,CW,1976,,,,,
CUW,Curacao,CW,1977,,,,,
CUW,Curacao,CW,1978,,,,,
CUW,Curacao,CW,1979,,,,,
CUW,Curacao,CW,1980,,,,,
CUW,Curacao,CW,1981,,,,,
CUW,Curacao,CW,1982,,,,,
CUW,Curacao,CW,1983,,,,,
CUW,Curacao,CW,1984,,,,,
CUW,Curacao,CW,1985,,,,,
CUW,Curacao,CW,1986,,,,,
CUW,Curacao,CW,1987,,,,,
CUW,Curacao,CW,1988,,,,,
CUW,Curacao,CW,1989,,,,,
CUW,Curacao,CW,1990,,,,,
CUW,Curacao,CW,1991,,,,,
CUW,Curacao,CW,1992,,,,,
CUW,Curacao,CW,1993,,,,,
CUW,Curacao,CW,1994,,,,,
CUW,Curacao,CW,1995,,,,,
CUW,Curacao,CW,1996,,,,,
CUW,Curacao,CW,1997,,,,,
CUW,Curacao,CW,1998,,,,,
CUW,Curacao,CW,1999,,,,,
CUW,Curacao,CW,2000,,15841.2612359949,2930335331.30988,,
CUW,Curacao,CW,2001,,16609.8454536485,2975470407.33067,,
CUW,Curacao,CW,2002,,16723.6925253468,3033707214.05656,,
CUW,Curacao,CW,2003,,16695.7351137757,3102517491.05891,,
CUW,Curacao,CW,2004,,16671.3403391655,3192588363.33682,,
CUW,Curacao,CW,2005,,17032.3356620744,3314963113.95397,,
CUW,Curacao,CW,2006,,17400.1637780186,3473094179.87941,,
CUW,Curacao,CW,2007,,18005.7165850772,3655297542.13512,,
CUW,Curacao,CW,2008,,19423.3352430175,3807244971.83478,,
CUW,Curacao,CW,2009,,19540.2476579348,3810374354.50255,,
CUW,Curacao,CW,2010,,19847.2310127979,3859855630.23038,,
CUW,Curacao,CW,2011,,19426.326382752,3959519302.37166,,
CUW,Curacao,CW,2012,,19809.8223198624,3818320183.53528,,
CUW,Curacao,CW,2013,,19721.2921646576,3818138347.10794,,
CUW,Curacao,CW,2014,,19623.029993395,3796034989.7069,,
CUW,Curacao,CW,2015,,19361.8130008678,3797467729.8183,,
CUW,Curacao,CW,2016,,18944.0961493998,3775988376.26249,,
CUW,Curacao,CW,2017,,18938.2440469703,3895735784.59277,,
CUW,Curacao,CW,2018,,19119.1243941688,3923336909.93931,,
CUW,Curacao,CW,2019,,19220.6865793075,3998528544.69045,,
CUW,Curacao,CW,2020,,16356.0933254541,3377382703.96868,,
CUW,Curacao,CW,2021,,17979.9982909306,3834193240.62081,,
CUW,Curacao,CW,2022,,20501.7522782219,4432992604.20274,,
CUW,Curacao,CW,2023,,21061.741639092,4785486256.0917,,
CUW,Curacao,CW,2024,,,,,
CYM,Cayman Islands,KY,1960,,,,,
CYM,Cayman Islands,KY,1961,,,,,
CYM,Cayman Islands,KY,1962,,,,,
CYM,Cayman Islands,KY,1963,,,,,
CYM,Cayman Islands,KY,1964,,,,,
CYM,Cayman Islands,KY,1965,,,,,
CYM,Cayman Islands,KY,1966,,,,,
CYM,Cayman Islands,KY,1967,,,,,
CYM,Cayman Islands,KY,1968,,,,,
CYM,Cayman Islands,KY,1969,,,,,
CYM,Cayman Islands,KY,1970,,,,,
CYM,Cayman Islands,KY,1971,,,,,
CYM,Cayman Islands,KY,1972,,,,,
CYM,Cayman Islands,KY,1973,,,,,
CYM,Cayman Islands,KY,1974,,,,,
CYM,Cayman Islands,KY,1975,,,,,
CYM,Cayman Islands,KY,1976,,,,,
CYM,Cayman Islands,KY,1977,,,,,
CYM,Cayman Islands,KY,1978,,,,,
CYM,Cayman Islands,KY,1979,,,,,
CYM,Cayman Islands,KY,1980,,,,,
CYM,Cayman Islands,KY,1981,,,,,
CYM,Cayman Islands,KY,1982,,,,,
CYM,Cayman Islands,KY,1983,,,,,
CYM,Cayman Islands,KY,1984,,,,,
CYM,Cayman Islands,KY,1985,,,,,
CYM,Cayman Islands,KY,1986,,,,,
CYM,Cayman Islands,KY,1987,,,,,
CYM,Cayman Islands,KY,1988,,,,,
CYM,Cayman Islands,KY,1989,,,,,
CYM,Cayman Islands,KY,1990,,,,,
CYM,Cayman Islands,KY,1991,,,,,
CYM,Cayman Islands,KY,1992,,,,,
CYM,Cayman Islands,KY,1993,,,,,
CYM,Cayman Islands,KY,1994,,,,,
CYM,Cayman Islands,KY,1995,,,,,
CYM,Cayman Islands,KY,1996,,,,,
CYM,Cayman Islands,KY,1997,,,,,
CYM,Cayman Islands,KY,1998,,,,,
CYM,Cayman Islands,KY,1999,,,,,
CYM,Cayman Islands,KY,2000,,,,,
CYM,Cayman Islands,KY,2001,,,,,
CYM,Cayman Islands,KY,2002,,,,,
CYM,Cayman Islands,KY,2003,,,,,
CYM,Cayman Islands,KY,2004,,,,,
CYM,Cayman Islands,KY,2005,,,,,
CYM,Cayman Islands,KY,2006,4200288241.15296,87085.0937376216,3626595917.09552,,
CYM,Cayman Islands,KY,2007,4466278065.11226,89888.2618212462,3842652813.34889,,
CYM,Cayman Islands,KY,2008,4585949023.79609,89655.1196222184,3902691282.21207,,
CYM,Cayman Islands,KY,2009,4281714566.85827,81373.5711516642,3644016497.08526,,
CYM,Cayman Islands,KY,2010,4156841107.36443,76837.6699636672,3588140921.56855,,
CYM,Cayman Islands,KY,2011,4186073104.29242,75280.960764889,3704981220.90876,,
CYM,Cayman Islands,KY,2012,4291004524.0181,75101.59136128,3698215081.74604,,
CYM,Cayman Islands,KY,2013,4405796023.18409,75113.7332398618,3733288333.31213,,
CYM,Cayman Islands,KY,2014,4562853611.41445,75845.3060407986,3823800532.93183,,
CYM,Cayman Islands,KY,2015,4708167232.66893,76379.2095108681,3945662306.00326,,
CYM,Cayman Islands,KY,2016,4909322237.28895,77802.2541567187,4144412721.58719,,
CYM,Cayman Islands,KY,2017,5166281305.12522,80053.9444506891,4389520709.86546,,
CYM,Cayman Islands,KY,2018,5530178440.71376,83865.5531568184,4735347953.26175,,
CYM,Cayman Islands,KY,2019,5941896607.58643,88254.2903677044,4894495647.27721,,
CYM,Cayman Islands,KY,2020,5655358021.43209,82338.7982853661,4541293667.09992,,
CYM,Cayman Islands,KY,2021,6060026520.10608,86438.445257404,5198568359.3221,,
CYM,Cayman Islands,KY,2022,6600843963.37585,92202.1478031576,5856365563.73081,,
CYM,Cayman Islands,KY,2023,7139428557.71423,97749.5078960846,6331606438.29745,,
CYM,Cayman Islands,KY,2024,,,,,
CYP,Cyprus,CY,1960,,,,,
CYP,Cyprus,CY,1961,,,,,
CYP,Cyprus,CY,1962,,,,,
CYP,Cyprus,CY,1963,,,,,
CYP,Cyprus,CY,1964,,,,,
CYP,Cyprus,CY,1965,,,,,
CYP,Cyprus,CY,1966,,,,,
CYP,Cyprus,CY,1967,,,,,
CYP,Cyprus,CY,1968,,,,,
CYP,Cyprus,CY,1969,,,,,
CYP,Cyprus,CY,1970,,,,,
CYP,Cyprus,CY,1971,,,,,
CYP,Cyprus,CY,1972,,,,,
CYP,Cyprus,CY,1973,,,,,
CYP,Cyprus,CY,1974,,,,,
CYP,Cyprus,CY,1975,489912574.305146,976.329895019531,,,
CYP,Cyprus,CY,1976,576090073.715036,1157.41162109375,,,
CYP,Cyprus,CY,1977,734876021.128049,1476.24755859375,,,
CYP,Cyprus,CY,1978,964024364.43274,1929.39929199219,,,
CYP,Cyprus,CY,1979,1288699776.05059,2559.22900390625,,,
CYP,Cyprus,CY,1980,2154311276.94859,4232.02294921875,,,
CYP,Cyprus,CY,1981,2087496373.77964,4033.24047851563,,,
CYP,Cyprus,CY,1982,2159242416.76942,4122.78466796875,,,
CYP,Cyprus,CY,1983,2160364071.19021,4091.04858398438,,,
CYP,Cyprus,CY,1984,2278248953.14058,4258.74365234375,,,
CYP,Cyprus,CY,1985,2430411900.19194,4488.287109375,,,
CYP,Cyprus,CY,1986,3090734463.27684,5642.63134765625,,,
CYP,Cyprus,CY,1987,3704813885.50548,6690.578125,,,
CYP,Cyprus,CY,1988,4278792597.23965,7645.6298828125,,,
CYP,Cyprus,CY,1989,4563482603.5503,8038.9140625,,,
CYP,Cyprus,CY,1990,5591130217.66965,9641.5751953125,7735431841.19001,50.6956998515188,
CYP,Cyprus,CY,1991,5770197348.48485,9696.099609375,8056167680.82895,56.411185995744,1.3112789814551171
CYP,Cyprus,CY,1992,6912150456.32334,11310.072265625,9014292992.46887,56.0891425468354,0.6491104622412763
CYP,Cyprus,CY,1993,6590291048.29211,10526.1416015625,9292556789.86764,58.7207992723831,-0.025495032526002957
CYP,Cyprus,CY,1994,7425703928.57143,11617.6923828125,10050938500.058,53.6510804601294,0.15045037344949452
CYP,Cyprus,CY,1995,9933137128.07244,15261.4169921875,11119804823.569,,
CYP,Cyprus,CY,1996,10011914680.0502,15139.220703125,11449832830.792,,
CYP,Cyprus,CY,1997,9547816419.61231,14234.2412109375,11924412797.7696,,
CYP,Cyprus,CY,1998,10248618778.2805,15092.828125,12737844672.6343,,
CYP,Cyprus,CY,1999,10497907227.616,15287.91796875,13501989697.8565,,
CYP,Cyprus,CY,2000,9985847313.85485,14388.3525390625,14776622059.5679,,
CYP,Cyprus,CY,2001,10397898907.1038,14821.44921875,16043379008.738,,
CYP,Cyprus,CY,2002,11420228846.1538,16093.2158203125,16716296209.6722,,
CYP,Cyprus,CY,2003,14547329558.3239,20252.24609375,17441292885.5986,,
CYP,Cyprus,CY,2004,17320551250.0,23792.619140625,18887817587.4656,,
CYP,Cyprus,CY,2005,18433412510.8817,24959.26171875,20504236137.8258,,
CYP,Cyprus,CY,2006,20072754986.8272,26729.28125,22540358370.8812,,
CYP,Cyprus,CY,2007,23968727073.6381,31244.87890625,25230042648.4843,,
CYP,Cyprus,CY,2008,27844646257.507,35397.296875,27398512545.3417,,
CYP,Cyprus,CY,2009,26048179949.1741,32236.44921875,27379234960.5441,,
CYP,Cyprus,CY,2010,25799940077.6075,31105.02734375,27791319507.7979,,
CYP,Cyprus,CY,2011,27641547909.7011,32485.796875,28424626562.305,,
CYP,Cyprus,CY,2012,25047436974.6819,28991.935546875,27580570521.5998,,
CYP,Cyprus,CY,2013,23959712860.8331,27797.45703125,26247556263.9859,,
CYP,Cyprus,CY,2014,23225918259.9824,27244.3515625,25720924348.8721,,
CYP,Cyprus,CY,2015,19909278416.8575,23487.228515625,27066559062.761,,
CYP,Cyprus,CY,2016,21046462280.5979,24715.154296875,30552082853.6673,,
CYP,Cyprus,CY,2017,22946570628.7576,26696.990234375,33018000534.5873,,
CYP,Cyprus,CY,2018,25754001367.5448,29599.986328125,35607200077.1957,,
CYP,Cyprus,CY,2019,26196667099.5303,29703.052734375,39790089303.1683,,
CYP,Cyprus,CY,2020,25555093854.2968,28649.015625,38672028566.7788,,
CYP,Cyprus,CY,2021,30372642502.4897,33734.03515625,43923040810.4633,,
CYP,Cyprus,CY,2022,30935566076.6788,33894.44921875,51062040030.0696,,
CYP,Cyprus,CY,2023,33886930712.3394,36551.41796875,53042918220.7842,,
CYP,Cyprus,CY,2024,36333022329.4981,38654.16796875,57562539070.935,,
CZE,Czechia,CZ,1960,,,,,
CZE,Czechia,CZ,1961,,,,,
CZE,Czechia,CZ,1962,,,,,
CZE,Czechia,CZ,1963,,,,,
CZE,Czechia,CZ,1964,,,,,
CZE,Czechia,CZ,1965,,,,,
CZE,Czechia,CZ,1966,,,,,
CZE,Czechia,CZ,1967,,,,,
CZE,Czechia,CZ,1968,,,,,
CZE,Czechia,CZ,1969,,,,,
CZE,Czechia,CZ,1970,,,,,
CZE,Czechia,CZ,1971,,,,,
CZE,Czechia,CZ,1972,,,,,
CZE,Czechia,CZ,1973,,,,,
CZE,Czechia,CZ,1974,,,,,
CZE,Czechia,CZ,1975,,,,,
CZE,Czechia,CZ,1976,,,,,
CZE,Czechia,CZ,1977,,,,,
CZE,Czechia,CZ,1978,,,,,
CZE,Czechia,CZ,1979,,,,,
CZE,Czechia,CZ,1980,,,,,
CZE,Czechia,CZ,1981,,,,,
CZE,Czechia,CZ,1982,,,,,
CZE,Czechia,CZ,1983,,,,,
CZE,Czechia,CZ,1984,,,,,
CZE,Czechia,CZ,1985,,,,,
CZE,Czechia,CZ,1986,,,,,
CZE,Czechia,CZ,1987,,,,,
CZE,Czechia,CZ,1988,,,,,
CZE,Czechia,CZ,1989,,,,,
CZE,Czechia,CZ,1990,41016881802.4843,3969.36733543794,132329237175.516,,
CZE,Czechia,CZ,1991,30071014282.3218,2917.08655474323,120914566891.057,,
CZE,Czechia,CZ,1992,35051065440.3962,3396.70972430469,123043662093.032,,
CZE,Czechia,CZ,1993,41155654032.1751,3984.1463439879,126038183406.704,15.7297302900884,
CZE,Czechia,CZ,1994,48188478339.4129,4663.28665345469,132474775022.484,13.9974227725367,0.04217630675392221
CZE,Czechia,CZ,1995,60572381311.2283,5865.29460556726,144045164988.908,,
CZE,Czechia,CZ,1996,67804105329.8557,6573.19643136362,152411031059.686,,
CZE,Czechia,CZ,1997,62539765163.1302,6069.38762357837,153610280115.448,,
CZE,Czechia,CZ,1998,67187217327.7326,6526.59635780951,155061690900.552,,
CZE,Czechia,CZ,1999,65586562604.8621,6377.6211077224,159337917754.5,,
CZE,Czechia,CZ,2000,62175642238.0847,6062.92152842793,167452851419.141,,
CZE,Czechia,CZ,2001,68135304463.9641,6669.07494847497,180949719059.407,,
CZE,Czechia,CZ,2002,82607869609.574,8101.26018588111,187052563018.901,,
CZE,Czechia,CZ,2003,100435924704.881,9852.45677945801,199869532999.53,,
CZE,Czechia,CZ,2004,120147899983.657,11782.5546676117,214046662076.254,,
CZE,Czechia,CZ,2005,137264185596.1,13442.4916284309,225819370350.942,,
CZE,Czechia,CZ,2006,156236258386.589,15259.0788162004,244907365718.829,,
CZE,Czechia,CZ,2007,190040702286.917,18452.6532812196,270535436010.461,,
CZE,Czechia,CZ,2008,236506264753.95,22774.7045076205,290123393361.636,,
CZE,Czechia,CZ,2009,206971882704.716,19817.4215836554,289284605320.029,,
CZE,Czechia,CZ,2010,211168667286.27,20160.4355077059,294927810202.591,,
CZE,Czechia,CZ,2011,231429378717.312,22049.1080788682,306876088631.92,,
CZE,Czechia,CZ,2012,210363223087.728,20014.0354015165,309706664288.31,,
CZE,Czechia,CZ,2013,213024360541.119,20260.4954999375,326079204734.886,,
CZE,Czechia,CZ,2014,210911285077.683,20038.4163180257,344636591853.555,,
CZE,Czechia,CZ,2015,189107698561.919,17931.5987670768,359643570544.502,,
CZE,Czechia,CZ,2016,198160659303.939,18753.9686718096,385090482980.625,,
CZE,Czechia,CZ,2017,221563575696.217,20913.197632212,416849081359.126,,
CZE,Czechia,CZ,2018,251992360762.236,23705.9329811299,442610888485.238,,
CZE,Czechia,CZ,2019,256794209028.77,24062.7190013343,486786860810.414,,
CZE,Czechia,CZ,2020,251109660602.536,23472.8915454417,479686413475.523,,
CZE,Czechia,CZ,2021,290972714482.313,27696.4619527544,502134232985.641,,
CZE,Czechia,CZ,2022,301831228325.556,28282.2236715857,551853486423.138,,
CZE,Czechia,CZ,2023,343206568134.637,31591.0568216357,578154104196.061,,
CZE,Czechia,CZ,2024,345036675975.047,31706.6234229743,618168364251.941,,
DEU,Germany,DE,1960,84619845881.2608,1162.12266831735,,,
DEU,Germany,DE,1961,96558204043.1028,1315.90787834504,,,
DEU,Germany,DE,1962,105895435234.343,1430.52095516263,,,
DEU,Germany,DE,1963,112232503744.1,1502.15452905146,,,
DEU,Germany,DE,1964,123330404665.086,1637.45522773672,,,
DEU,Germany,DE,1965,134774688191.161,1774.1986904555,,,
DEU,Germany,DE,1966,143304275683.979,1870.80540291774,,,
DEU,Germany,DE,1967,145100667772.69,1885.61596607874,,,
DEU,Germany,DE,1968,156527292653.157,2025.08159465853,,,
DEU,Germany,DE,1969,177733486326.06,2281.27598218229,,,
DEU,Germany,DE,1970,216629229947.096,2771.28310514754,,,
DEU,Germany,DE,1971,250900942396.699,3203.82884836051,,,
DEU,Germany,DE,1972,300899944795.436,3823.94032602696,,,
DEU,Germany,DE,1973,399833571167.215,5065.24523302283,,,
DEU,Germany,DE,1974,446934971657.471,5659.73787773336,,,
DEU,Germany,DE,1975,492434094920.105,6259.20744498342,,,
DEU,Germany,DE,1976,521658712132.981,6659.16546576017,,,
DEU,Germany,DE,1977,602698323085.993,7711.10232025365,,,
DEU,Germany,DE,1978,743182891918.208,9516.78283228907,,,
DEU,Germany,DE,1979,884574218333.155,11322.3543443813,,,
DEU,Germany,DE,1980,953772499462.019,12182.7800196802,,,
DEU,Germany,DE,1981,803404797057.551,10246.4767623188,,,
DEU,Germany,DE,1982,779421633755.138,9950.05926025365,,,
DEU,Germany,DE,1983,773507930294.906,9900.48559233526,,,
DEU,Germany,DE,1984,727767760978.627,9347.29068412377,,,
DEU,Germany,DE,1985,735218723093.277,9464.11694710857,,,
DEU,Germany,DE,1986,1050092624515.9,13511.1520027486,,,
DEU,Germany,DE,1987,1302932318824.81,16738.6132825523,,,
DEU,Germany,DE,1988,1406367016371.53,17996.9783507619,,,
DEU,Germany,DE,1989,1404092925205.45,17829.4609524705,,,
DEU,Germany,DE,1990,1778162195860.07,22385.6778250275,1550613715629.64,20.8541847518408,
DEU,Germany,DE,1991,1875792575132.59,23443.3350818536,1684938757794.22,,
DEU,Germany,DE,1992,2141377582968.07,26559.8543879632,1758116904816.01,,
DEU,Germany,DE,1993,2078954217437.6,25616.6508772405,1780583740143.84,,
DEU,Germany,DE,1994,2215282632276.73,27201.9593555204,1863860562843.26,,
DEU,Germany,DE,1995,2593053091306.13,31747.2449398447,1928823780227.81,,
DEU,Germany,DE,1996,2506576553158.31,30599.7891048363,1979067789044.2,,
DEU,Germany,DE,1997,2218790886532.82,27046.9565464237,2021638908928.72,,
DEU,Germany,DE,1998,2247760364565.97,27395.9440608051,2087621230186.38,,
DEU,Germany,DE,1999,2213873468586.88,26965.4922773722,2177128848707.55,,
DEU,Germany,DE,2000,1966980701145.1,23925.8559901991,2258167813956.64,,
DEU,Germany,DE,2001,1966381496641.73,23878.3641471651,2361564516458.66,,
DEU,Germany,DE,2002,2102350798305.89,25486.5942008748,2434539237038.42,,
DEU,Germany,DE,2003,2534715518349.01,30711.1022511331,2501219461829.45,,
DEU,Germany,DE,2004,2852317768061.78,34566.7359143735,2620503338140.74,,
DEU,Germany,DE,2005,2893393187361.87,35084.4363546269,2664895195600.89,,
DEU,Germany,DE,2006,3046308753670.58,36980.3349948954,2862479058024.02,,
DEU,Germany,DE,2007,3484056680854.91,42350.9217211489,3036889882250.07,,
DEU,Germany,DE,2008,3808786022312.5,46386.3295924799,3156602685759.77,,
DEU,Germany,DE,2009,3479800820863.28,42487.2137101496,3075795495173.4,,
DEU,Germany,DE,2010,3468154343000.01,42409.9356994694,3249037482302.09,,
DEU,Germany,DE,2011,3824828563521.41,47646.582043143,3483801358877.91,,
DEU,Germany,DE,2012,3597896500945.31,44735.5882319701,3557185428697.0,,
DEU,Germany,DE,2013,3808086291482.36,47220.0102098851,3700747563191.81,,
DEU,Germany,DE,2014,3965800686309.79,48971.0824722599,3882203613560.02,,
DEU,Germany,DE,2015,3423568450957.03,41911.0109851054,3966574668375.51,,
DEU,Germany,DE,2016,3537784107980.55,42961.0356905775,4246712764148.14,,
DEU,Germany,DE,2017,3763092263752.95,45526.5999576533,4472591345398.59,,
DEU,Germany,DE,2018,4052008447223.53,48874.8595028454,4665360433368.5,,
DEU,Germany,DE,2019,3957208055215.68,47623.8656074829,4924980320308.75,,
DEU,Germany,DE,2020,3940142541354.1,47379.765194548,4880368289108.08,,
DEU,Germany,DE,2021,4348297440387.53,52265.6541620571,5202314428956.09,,
DEU,Germany,DE,2022,4163596357879.39,49686.1154582583,5663892390556.96,,
DEU,Germany,DE,2023,4525703903627.53,53940.4073447462,5763465942185.64,,
DEU,Germany,DE,2024,4659929336890.62,55800.2194549412,6037851748487.12,,
DJI,Djibouti,DJ,1960,,,,,
DJI,Djibouti,DJ,1961,,,,,
DJI,Djibouti,DJ,1962,,,,,
DJI,Djibouti,DJ,1963,,,,,
DJI,Djibouti,DJ,1964,,,,,
DJI,Djibouti,DJ,1965,,,,,
DJI,Djibouti,DJ,1966,,,,,
DJI,Djibouti,DJ,1967,,,,,
DJI,Djibouti,DJ,1968,,,,,
DJI,Djibouti,DJ,1969,,,,,
DJI,Djibouti,DJ,1970,,,,,
DJI,Djibouti,DJ,1971,,,,,
DJI,Djibouti,DJ,1972,,,,,
DJI,Djibouti,DJ,1973,,,,,
DJI,Djibouti,DJ,1974,,,,,
DJI,Djibouti,DJ,1975,,,,,
DJI,Djibouti,DJ,1976,,,,,
DJI,Djibouti,DJ,1977,,,,,
DJI,Djibouti,DJ,1978,,,,,
DJI,Djibouti,DJ,1979,,,,,
DJI,Djibouti,DJ,1980,,,,,
DJI,Djibouti,DJ,1981,,,,,
DJI,Djibouti,DJ,1982,,,,,
DJI,Djibouti,DJ,1983,,,,,
DJI,Djibouti,DJ,1984,,,,,
DJI,Djibouti,DJ,1985,340989527.967995,846.785538068015,,,
DJI,Djibouti,DJ,1986,,,,,
DJI,Djibouti,DJ,1987,373371738.286415,821.682570354282,,,
DJI,Djibouti,DJ,1988,395794538.630775,816.874614065329,,,
DJI,Djibouti,DJ,1989,409220087.102818,781.9168386713,,,
DJI,Djibouti,DJ,1990,452328087.282876,780.497719360725,,,
DJI,Djibouti,DJ,1991,462421998.525779,732.733101553782,,,
DJI,Djibouti,DJ,1992,478058304.871118,763.659214503152,,,
DJI,Djibouti,DJ,1993,466048469.22986,758.733842733535,,,
DJI,Djibouti,DJ,1994,491689220.744875,784.556207408331,,,
DJI,Djibouti,DJ,1995,497723960.589913,786.201866748458,,,
DJI,Djibouti,DJ,1996,494004647.73437,761.943659476655,,,
DJI,Djibouti,DJ,1997,502675542.001227,748.232840194914,,,
DJI,Djibouti,DJ,1998,514267869.300758,735.349107889529,,,
DJI,Djibouti,DJ,1999,536080148.097299,740.21930978973,,,
DJI,Djibouti,DJ,2000,551230861.856505,737.612183644052,,,
DJI,Djibouti,DJ,2001,572417440.820162,742.133791107063,,,
DJI,Djibouti,DJ,2002,591122039.601398,743.013270420348,,,
DJI,Djibouti,DJ,2003,622044665.515049,764.634465224597,,,
DJI,Djibouti,DJ,2004,666072101.777505,806.261652944964,,,
DJI,Djibouti,DJ,2005,708633194.726566,844.4483573908,,,
DJI,Djibouti,DJ,2006,768873684.032838,898.464628136774,,,
DJI,Djibouti,DJ,2007,847918929.107984,969.573220191902,,,
DJI,Djibouti,DJ,2008,999105339.267729,1119.15233346969,,,
DJI,Djibouti,DJ,2009,1049110684.72493,1150.9375857489,,,
DJI,Djibouti,DJ,2010,1128611700.3618,1213.23352553429,,,
DJI,Djibouti,DJ,2011,1239144501.77525,1306.34552844977,,,
DJI,Djibouti,DJ,2012,1353632941.5207,1400.19357858954,,,
DJI,Djibouti,DJ,2013,2044440443.16654,2075.94498424748,3705185569.99916,,
DJI,Djibouti,DJ,2014,2220637966.25047,2214.62084142432,3989155838.83044,,
DJI,Djibouti,DJ,2015,2424391785.43897,2376.12554719873,4350576767.06687,,
DJI,Djibouti,DJ,2016,2604955228.70117,2510.4300076241,4598427635.85082,,
DJI,Djibouti,DJ,2017,2762581334.22612,2618.95521147369,4933188997.99709,,
DJI,Djibouti,DJ,2018,2913464658.08768,2718.08338799203,5448494938.69266,,
DJI,Djibouti,DJ,2019,3088851450.30694,2837.16902340932,5876851582.36168,,
DJI,Djibouti,DJ,2020,3144136196.6228,2844.88810647853,6108376123.1385,,
DJI,Djibouti,DJ,2021,3392796953.08939,3025.91126413549,6682759257.72075,,
DJI,Djibouti,DJ,2022,3562814908.76149,3133.25779772463,7529088292.28275,,
DJI,Djibouti,DJ,2023,3917150480.80981,3397.52015779588,8375036988.61577,,
DJI,Djibouti,DJ,2024,4086402718.86834,3496.47111876763,9088246562.64647,,
DMA,Dominica,DM,1960,,,,,
DMA,Dominica,DM,1961,,,,,
DMA,Dominica,DM,1962,,,,,
DMA,Dominica,DM,1963,,,,,
DMA,Dominica,DM,1964,,,,,
DMA,Dominica,DM,1965,,,,,
DMA,Dominica,DM,1966,,,,,
DMA,Dominica,DM,1967,,,,,
DMA,Dominica,DM,1968,,,,,
DMA,Dominica,DM,1969,,,,,
DMA,Dominica,DM,1970,,,,,
DMA,Dominica,DM,1971,,,,,
DMA,Dominica,DM,1972,,,,,
DMA,Dominica,DM,1973,,,,,
DMA,Dominica,DM,1974,,,,,
DMA,Dominica,DM,1975,,,,,
DMA,Dominica,DM,1976,,,,,
DMA,Dominica,DM,1977,45872947.4074074,633.551741670682,,,
DMA,Dominica,DM,1978,57130215.5555556,785.575814800555,,,
DMA,Dominica,DM,1979,55017758.8888889,754.091460805232,,,
DMA,Dominica,DM,1980,72804653.3333333,996.191362332325,,,
DMA,Dominica,DM,1981,82107391.1111111,1124.97453088416,,,
DMA,Dominica,DM,1982,89527576.6666667,1231.66928057818,,,
DMA,Dominica,DM,1983,98665191.4814815,1363.43800844996,,,
DMA,Dominica,DM,1984,109157070.740741,1514.89217748336,,,
DMA,Dominica,DM,1985,119491932.962963,1665.53207185218,,,
DMA,Dominica,DM,1986,135161958.518519,1892.86556477773,,,
DMA,Dominica,DM,1987,151868754.444444,2138.30385149099,,,
DMA,Dominica,DM,1988,171106184.074074,2423.32574317463,,,
DMA,Dominica,DM,1989,185137242.962963,2639.0495483153,,,
DMA,Dominica,DM,1990,201429629.62963,2892.9815966454,324979496.563339,,
DMA,Dominica,DM,1991,219762962.962963,3171.36577815405,340497771.885924,,
DMA,Dominica,DM,1992,234059259.259259,3376.26050139573,355324824.735358,,
DMA,Dominica,DM,1993,245525925.925926,3536.15609185727,371609260.080566,,
DMA,Dominica,DM,1994,264374074.074074,3805.20278759984,379674727.490647,,
DMA,Dominica,DM,1995,274522222.222222,3951.72267086358,399384017.855127,,
DMA,Dominica,DM,1996,292285185.185185,4210.99532034556,419320459.080803,,
DMA,Dominica,DM,1997,302988888.888889,4372.19712966838,435874248.216469,,
DMA,Dominica,DM,1998,322411111.111111,4664.24268142919,457408657.719247,,
DMA,Dominica,DM,1999,331759259.259259,4817.18105502046,465523945.855115,,
DMA,Dominica,DM,2000,333470370.37037,4867.39896323759,487210029.871947,,
DMA,Dominica,DM,2001,377462962.962963,5527.51527300496,497862427.020393,,
DMA,Dominica,DM,2002,375200000.0,5488.02784969357,489989209.599085,,
DMA,Dominica,DM,2003,373318518.518519,5447.44011496284,528668357.400165,,
DMA,Dominica,DM,2004,396711111.111111,5778.83306546506,565131241.223927,,
DMA,Dominica,DM,2005,391455555.555556,5695.22442394675,588185427.872681,,
DMA,Dominica,DM,2006,416674074.074074,6055.78109574854,633007064.624845,,
DMA,Dominica,DM,2007,444685185.185185,6459.03503689609,684991860.943692,,
DMA,Dominica,DM,2008,480003703.703704,6971.32633839289,747909931.243396,,
DMA,Dominica,DM,2009,515618518.518519,7487.49010395154,743976105.704769,,
DMA,Dominica,DM,2010,519859259.259259,7549.61964680375,752222279.953232,,
DMA,Dominica,DM,2011,532081481.481481,7705.40717248319,768069573.236969,,
DMA,Dominica,DM,2012,520355555.555556,7528.51001990155,754831354.250727,,
DMA,Dominica,DM,2013,545325925.925926,7822.21797211398,786822291.960244,,
DMA,Dominica,DM,2014,572255555.555555,8131.74876096735,850337552.355282,,
DMA,Dominica,DM,2015,583177777.777778,8282.59874702141,851449231.904434,,
DMA,Dominica,DM,2016,612711111.111111,8802.56172041363,901049875.836377,,
DMA,Dominica,DM,2017,563355555.555555,8224.64896571414,869638618.013813,,
DMA,Dominica,DM,2018,628244444.444444,9215.3085405645,1027375174.54409,,
DMA,Dominica,DM,2019,644259259.259259,9491.14995962374,1087477952.76083,,
DMA,Dominica,DM,2020,528944444.444444,7827.74842680426,962493750.735115,,
DMA,Dominica,DM,2021,562911111.111111,8376.40414141113,1062394694.29521,,
DMA,Dominica,DM,2022,623062962.962963,9323.66089490562,1256467931.15199,,
DMA,Dominica,DM,2023,659311111.111111,9912.96212766668,1349220673.88532,,
DMA,Dominica,DM,2024,688881481.481481,10405.2787777582,1410211841.8057,,
DNK,Denmark,DK,1960,6361166544.50349,1389.0213943225,,,
DNK,Denmark,DK,1961,7058361229.35415,1530.53779004389,,,
DNK,Denmark,DK,1962,7953274741.29303,1711.2181376602,,,
DNK,Denmark,DK,1963,8466044979.87996,1807.25279179793,,,
DNK,Denmark,DK,1964,9677401337.17309,2049.39724281483,,,
DNK,Denmark,DK,1965,10870670865.3211,2284.22850484956,,,
DNK,Denmark,DK,1966,11931740293.0378,2487.13627144432,,,
DNK,Denmark,DK,1967,13059064805.8774,2700.74637883336,,,
DNK,Denmark,DK,1968,13505574133.3333,2776.13544525805,,,
DNK,Denmark,DK,1969,15414902666.6667,3151.13324311543,,,
DNK,Denmark,DK,1970,17075457733.3333,3464.45518278408,,,
DNK,Denmark,DK,1971,19086192720.4664,3845.59906810072,,,
DNK,Denmark,DK,1972,23230667549.2496,4653.95587889115,,,
DNK,Denmark,DK,1973,30718181337.3006,6116.89199229142,,,
DNK,Denmark,DK,1974,34125712480.9267,6763.86592918646,,,
DNK,Denmark,DK,1975,40418967665.5877,7988.15613263518,,,
DNK,Denmark,DK,1976,44503607444.1687,8773.3396162771,,,
DNK,Denmark,DK,1977,49711709588.2196,9769.57864283968,,,
DNK,Denmark,DK,1978,60320089217.713,11817.6250875179,,,
DNK,Denmark,DK,1979,70393030602.547,13757.2343740839,,,
DNK,Denmark,DK,1980,70811287815.6106,13822.1578405912,,,
DNK,Denmark,DK,1981,61459941460.5385,12000.2103769191,,,
DNK,Denmark,DK,1982,60084214872.0657,11740.2199128271,,,
DNK,Denmark,DK,1983,60331158447.2389,11796.5691955784,,,
DNK,Denmark,DK,1984,58868891334.9941,11516.6821578436,,,
DNK,Denmark,DK,1985,62452421010.9094,12212.7873997293,,,
DNK,Denmark,DK,1986,87748695216.9077,17136.6297376226,,,
DNK,Denmark,DK,1987,109183446340.073,21295.6768566078,,,
DNK,Denmark,DK,1988,115540189705.118,22524.5792595476,,,
DNK,Denmark,DK,1989,112312200760.581,21882.1517463842,,,
DNK,Denmark,DK,1990,138217740684.484,26885.6994188191,93706039466.611,,
DNK,Denmark,DK,1991,139180507777.691,27002.8057705804,98214850334.7566,62.1550956180596,
DNK,Denmark,DK,1992,152966494259.538,29579.4913648682,102485531699.418,66.6053260676425,3.6003750390076927
DNK,Denmark,DK,1993,143111306004.102,27581.7241097459,104829358678.936,78.2852478726662,4.331039983762667
DNK,Denmark,DK,1994,156017919221.457,29967.8303903163,112739320656.372,75.3312600417617,0.6947218984131789
DNK,Denmark,DK,1995,184848481008.139,35321.0980773087,118596384121.706,,
DNK,Denmark,DK,1996,187481157845.724,35621.9878051732,124808248353.89,,
DNK,Denmark,DK,1997,173241365735.483,32779.879045297,131497148470.869,,
DNK,Denmark,DK,1998,176877077513.133,33346.4884298957,136833603871.552,,
DNK,Denmark,DK,1999,177887720535.535,33426.2381077405,141784548049.729,,
DNK,Denmark,DK,2000,164043817223.59,30722.0251837567,152935674479.406,,
DNK,Denmark,DK,2001,164881594415.341,30768.4775471112,157881125433.367,,
DNK,Denmark,DK,2002,178788209558.311,33257.1622586509,164861508226.377,,
DNK,Denmark,DK,2003,218421193436.252,40519.0974905924,166396484113.45,,
DNK,Denmark,DK,2004,251986155630.852,46625.050098011,178457226748.448,,
DNK,Denmark,DK,2005,265150087711.985,48925.8076698784,185552256869.12,,
DNK,Denmark,DK,2006,283386151543.687,52119.1787984282,203355644877.135,,
DNK,Denmark,DK,2007,320213157595.018,58631.6566433635,213605136245.018,,
DNK,Denmark,DK,2008,354979471960.142,64616.6657583663,227806103577.384,,
DNK,Denmark,DK,2009,322619152194.594,58412.7472358513,223703046979.697,,
DNK,Denmark,DK,2010,322345594075.47,58104.5445594981,238785561007.093,,
DNK,Denmark,DK,2011,344315595263.175,61809.737898222,247576922067.284,,
DNK,Denmark,DK,2012,326792574244.963,58443.7747103968,250251713083.953,,
DNK,Denmark,DK,2013,344631016965.12,61377.5940590412,263167333211.328,,
DNK,Denmark,DK,2014,352832602064.452,62520.4509747011,270207300529.4,,
DNK,Denmark,DK,2015,301758922337.637,53094.0133607574,277981042931.118,,
DNK,Denmark,DK,2016,312181849372.233,54500.9260410217,296830932013.306,,
DNK,Denmark,DK,2017,331610593961.988,57521.5514992225,318639654733.581,,
DNK,Denmark,DK,2018,355293374912.393,61324.7665045565,331590779599.814,,
DNK,Denmark,DK,2019,345401473012.615,59404.2663247723,352324705726.531,,
DNK,Denmark,DK,2020,355631021931.621,60985.4885601514,365525756328.655,,
DNK,Denmark,DK,2021,408378204639.999,69727.9873677012,408303200976.802,,
DNK,Denmark,DK,2022,401945576107.963,68091.3191138669,456897040142.032,,
DNK,Denmark,DK,2023,407091920305.404,68453.8769281145,438513061150.911,,
DNK,Denmark,DK,2024,429457372071.869,71851.7562131368,475256247950.47,,
DOM,Dominican Republic,DO,1960,672399700.0,205.731509857004,,,
DOM,Dominican Republic,DO,1961,654100200.0,193.908988795022,,,
DOM,Dominican Republic,DO,1962,824100000.0,236.814700040461,,,
DOM,Dominican Republic,DO,1963,940799900.0,262.186358003136,,,
DOM,Dominican Republic,DO,1964,1025599900.0,277.29715816349,,,
DOM,Dominican Republic,DO,1965,888100000.0,233.160574151022,,,
DOM,Dominican Republic,DO,1966,983900000.0,250.876691518053,,,
DOM,Dominican Republic,DO,1967,1034800000.0,256.20659739416,,,
DOM,Dominican Republic,DO,1968,1079100000.0,259.574438400563,,,
DOM,Dominican Republic,DO,1969,1230500000.0,287.699305710615,,,
DOM,Dominican Republic,DO,1970,1485500000.0,337.668123719964,,,
DOM,Dominican Republic,DO,1971,1666500000.0,368.349647697268,,,
DOM,Dominican Republic,DO,1972,1987400000.0,427.224846368664,,,
DOM,Dominican Republic,DO,1973,2344800000.0,490.3154952703,,,
DOM,Dominican Republic,DO,1974,2925700000.0,595.356677805143,,,
DOM,Dominican Republic,DO,1975,3599200000.0,713.168169144024,,,
DOM,Dominican Republic,DO,1976,3951500000.0,762.778347016951,,,
DOM,Dominican Republic,DO,1977,4587100000.0,862.976049221109,,,
DOM,Dominican Republic,DO,1978,4734400000.0,868.397371769969,,,
DOM,Dominican Republic,DO,1979,5498800000.0,983.739706495351,,,
DOM,Dominican Republic,DO,1980,6761300000.0,1180.18089253045,,,
DOM,Dominican Republic,DO,1981,7561300000.0,1288.46563140235,,,
DOM,Dominican Republic,DO,1982,8267400000.0,1376.26820466534,,,
DOM,Dominican Republic,DO,1983,9220600000.0,1499.95575255789,,,
DOM,Dominican Republic,DO,1984,11594000000.0,1843.52460788928,,,
DOM,Dominican Republic,DO,1985,5044579979.23285,784.488809604008,,,
DOM,Dominican Republic,DO,1986,6122128557.57243,931.659530115685,,,
DOM,Dominican Republic,DO,1987,5827050753.25937,868.087557831807,,,
DOM,Dominican Republic,DO,1988,5374299981.49698,783.913142122635,,,
DOM,Dominican Republic,DO,1989,6686593059.93691,954.914504449885,,,
DOM,Dominican Republic,DO,1990,7073675544.79021,989.163941207659,26036949700.9352,,
DOM,Dominican Republic,DO,1991,9824483339.94518,1345.84673690623,27171608519.8548,,
DOM,Dominican Republic,DO,1992,11605382504.0,1558.29782071075,30913792197.7229,,
DOM,Dominican Republic,DO,1993,13081042400.0,1722.41995993981,33977854355.0679,,
DOM,Dominican Republic,DO,1994,14644734599.4778,1891.67055679,35603478551.4287,,
DOM,Dominican Republic,DO,1995,16637370839.1608,2109.16940728689,38421916878.2713,,
DOM,Dominican Republic,DO,1996,18241622547.5908,2270.86558687203,41457668324.5729,20.9601830753133,
DOM,Dominican Republic,DO,1997,20017450041.3075,2448.89393535363,45925755429.9029,17.5702324990029,-0.06856736720457357
DOM,Dominican Republic,DO,1998,21672215546.7642,2607.85457321405,49556225954.8953,,
DOM,Dominican Republic,DO,1999,22136579396.9218,2620.8896817272,53251088028.6879,16.4168038368014,
DOM,Dominican Republic,DO,2000,24305780628.6677,2831.45883638033,56990534571.4268,,
DOM,Dominican Republic,DO,2001,25601823687.5742,2935.89367312668,59712780189.6312,,
DOM,Dominican Republic,DO,2002,27137440786.2562,3065.60329524196,63361361443.933,,
DOM,Dominican Republic,DO,2003,21403167848.1444,2383.26171780393,63740463047.6798,,
DOM,Dominican Republic,DO,2004,22322387382.494,2451.69161616569,67146869673.662,,
DOM,Dominican Republic,DO,2005,35777560683.9366,3878.31206735244,75783953623.3001,,
DOM,Dominican Republic,DO,2006,37879830084.2627,4055.14270347371,85285645905.6986,,
DOM,Dominican Republic,DO,2007,43965458508.5056,4649.64558875814,94094500109.773,,
DOM,Dominican Republic,DO,2008,48091433554.186,5023.58513403515,99041765879.8478,,
DOM,Dominican Republic,DO,2009,48223781476.8909,4973.95186999952,100652603689.509,,
DOM,Dominican Republic,DO,2010,53801053352.5005,5478.62470398954,110434557272.35,,
DOM,Dominican Republic,DO,2011,57948261615.957,5826.51014109195,116310697708.575,,
DOM,Dominican Republic,DO,2012,60561635555.6383,6013.81965002603,118595431892.257,,
DOM,Dominican Republic,DO,2013,62555417414.582,6136.59429329301,126545325604.148,,
DOM,Dominican Republic,DO,2014,67014329099.5549,6496.45166971142,138896444676.232,,
DOM,Dominican Republic,DO,2015,70966782572.4386,6800.95309395474,154478224941.033,,
DOM,Dominican Republic,DO,2016,75552902635.7075,7160.44200982307,171800387111.103,,
DOM,Dominican Republic,DO,2017,79070274743.1658,7412.71571571512,179695847689.553,,
DOM,Dominican Republic,DO,2018,84994732049.3461,7882.98221584944,194021299999.646,,
DOM,Dominican Republic,DO,2019,89146130744.723,8183.01623600375,215339964553.46,,
DOM,Dominican Republic,DO,2020,78546672406.8291,7135.22273255899,209139062581.87,,
DOM,Dominican Republic,DO,2021,94850719516.7127,8527.0754858205,245311121758.829,,
DOM,Dominican Republic,DO,2022,113478087134.8,10104.2449349081,276565908801.115,,
DOM,Dominican Republic,DO,2023,120456239153.739,10630.431743829,292799158645.68,,
DOM,Dominican Republic,DO,2024,124282245638.568,10875.6618443092,314728445100.483,,
DZA,Algeria,DZ,1960,2723615451.30098,238.392476666447,,,
DZA,Algeria,DZ,1961,2434747055.94018,209.370672655334,,,
DZA,Algeria,DZ,1962,2001444543.91885,169.60286272133,,,
DZA,Algeria,DZ,1963,2702982017.63803,225.584660210993,,,
DZA,Algeria,DZ,1964,2909316435.2874,238.863801545015,,,
DZA,Algeria,DZ,1965,3136284306.85469,253.622059985778,,,
DZA,Algeria,DZ,1966,3039859187.45164,241.44896961658,,,
DZA,Algeria,DZ,1967,3370870376.29682,261.792442124002,,,
DZA,Algeria,DZ,1968,3852147026.77302,292.436036368561,,,
DZA,Algeria,DZ,1969,4257253264.08834,315.914655734237,,,
DZA,Algeria,DZ,1970,4863526896.57407,352.845766557928,,,
DZA,Algeria,DZ,1971,5077183093.88968,360.111081707845,,,
DZA,Algeria,DZ,1972,6766743956.88889,469.030996510511,,,
DZA,Algeria,DZ,1973,8707858912.12481,589.518126935221,,,
DZA,Algeria,DZ,1974,13209871625.9044,872.889277439184,,,
DZA,Algeria,DZ,1975,15557902754.033,992.302037378411,,,
DZA,Algeria,DZ,1976,17728240932.3158,1080.38620675609,,,
DZA,Algeria,DZ,1977,20972113684.9558,1232.49418664321,,,
DZA,Algeria,DZ,1978,26364491313.4471,1505.94222127977,,,
DZA,Algeria,DZ,1979,33243706859.6596,1843.11929565984,,,
DZA,Algeria,DZ,1980,42345829079.2062,2275.77971158899,,,
DZA,Algeria,DZ,1981,44348590460.9288,2307.33434430543,,,
DZA,Algeria,DZ,1982,45207167470.3497,2274.87800990349,,,
DZA,Algeria,DZ,1983,48801369800.3675,2373.82511968473,,,
DZA,Algeria,DZ,1984,53698548293.0745,2524.38071403143,,,
DZA,Algeria,DZ,1985,57937868670.1937,2632.51711109075,,,
DZA,Algeria,DZ,1986,63692007897.3834,2800.20270812187,,,
DZA,Algeria,DZ,1987,66745818375.493,2847.0776691988,,,
DZA,Algeria,DZ,1988,59089396860.4342,2450.87242078961,,,
DZA,Algeria,DZ,1989,55634721572.7343,2247.4602712492,,,
DZA,Algeria,DZ,1990,62048507531.3357,2445.18332740258,192911659414.822,,
DZA,Algeria,DZ,1991,45715676428.2766,1759.11201648229,197042339784.732,,
DZA,Algeria,DZ,1992,48003133346.9957,1802.69300801289,205160240021.411,,
DZA,Algeria,DZ,1993,49945584452.6506,1831.04800976449,205612715259.34,,
DZA,Algeria,DZ,1994,42543176828.9237,1525.54061760288,208112935355.586,,
DZA,Algeria,DZ,1995,41764291671.7711,1466.94806760415,220550508027.251,,
DZA,Algeria,DZ,1996,46941554225.3581,1616.83198721285,233796384129.909,,
DZA,Algeria,DZ,1997,48177612042.1507,1628.76100561506,240444189842.112,,
DZA,Algeria,DZ,1998,48187781984.4881,1603.36623200836,255546937639.482,,
DZA,Algeria,DZ,1999,48640671734.9711,1596.11822239025,267456403258.492,,
DZA,Algeria,DZ,2000,54790398570.3282,1772.92869122761,283908375690.268,,
DZA,Algeria,DZ,2001,59413400923.6364,1896.30020878013,299010145324.46,,
DZA,Algeria,DZ,2002,61516103406.1688,1937.46411413019,320054211340.025,,
DZA,Algeria,DZ,2003,73482264190.9245,2283.77299346126,347587339467.358,,
DZA,Algeria,DZ,2004,91913680985.1708,2816.99384960555,372996309553.193,,
DZA,Algeria,DZ,2005,107046618669.707,3233.13339634212,405464777070.416,,
DZA,Algeria,DZ,2006,123084258693.01,3660.66104745322,430089739623.741,,
DZA,Algeria,DZ,2007,142482739809.849,4167.45169937531,455435983850.628,,
DZA,Algeria,DZ,2008,180383848331.135,5180.91881514686,475816185949.483,,
DZA,Algeria,DZ,2009,150317292079.359,4235.42990456612,484495939553.449,,
DZA,Algeria,DZ,2010,177785053939.531,4912.78585503672,513922383993.713,,
DZA,Algeria,DZ,2011,218331946925.304,5916.31364364343,540260920347.765,,
DZA,Algeria,DZ,2012,227143746075.934,6033.64884689543,543660681589.814,,
DZA,Algeria,DZ,2013,229701430292.157,5979.60138960585,552043162307.88,,
DZA,Algeria,DZ,2014,238942664192.59,6094.69392314956,576084364271.011,,
DZA,Algeria,DZ,2015,187493855609.345,4685.05902729002,552563707134.997,,
DZA,Algeria,DZ,2016,180763839522.151,4424.98529027556,548945698735.394,,
DZA,Algeria,DZ,2017,189880896903.073,4554.66753957828,562537088659.901,,
DZA,Algeria,DZ,2018,194554483655.528,4577.21029180491,583471998103.511,,
DZA,Algeria,DZ,2019,193459662090.677,4468.45341883656,601470923945.205,,
DZA,Algeria,DZ,2020,164873415325.201,3743.5419522929,558300141593.952,,
DZA,Algeria,DZ,2021,186231205262.082,4160.55926736925,648895630480.26,,
DZA,Algeria,DZ,2022,225638456572.143,4961.55257664733,720184226953.646,,
DZA,Algeria,DZ,2023,247626161016.414,5364.02795022731,776689344138.3,,
DZA,Algeria,DZ,2024,263619794506.723,5631.17999109851,821720979879.888,,
ECU,Ecuador,EC,1960,2069464937.19791,450.776317102259,,,
ECU,Ecuador,EC,1961,1753850955.05808,371.395176462235,,,
ECU,Ecuador,EC,1962,1518207703.48997,312.43541024174,,,
ECU,Ecuador,EC,1963,1824343870.71407,364.743594141305,,,
ECU,Ecuador,EC,1964,2244146102.98333,435.763463220837,,,
ECU,Ecuador,EC,1965,2387047395.70254,450.049782719552,,,
ECU,Ecuador,EC,1966,2429308638.838,444.623111980641,,,
ECU,Ecuador,EC,1967,2553595172.08743,453.645285895565,,,
ECU,Ecuador,EC,1968,2582179864.15493,445.227989157148,,,
ECU,Ecuador,EC,1969,3112165727.38342,520.843984636492,,,
ECU,Ecuador,EC,1970,2862503139.00358,465.040319805007,,,
ECU,Ecuador,EC,1971,2754219271.03082,434.415880347799,,,
ECU,Ecuador,EC,1972,3185986087.33583,487.972047217986,,,
ECU,Ecuador,EC,1973,3891754150.23796,578.954930783286,,,
ECU,Ecuador,EC,1974,6599257044.12414,953.846558260516,,,
ECU,Ecuador,EC,1975,7731674472.07212,1086.17615086517,,,
ECU,Ecuador,EC,1976,9091921030.17345,1241.91098461141,,,
ECU,Ecuador,EC,1977,11026342618.1141,1464.94058354719,,,
ECU,Ecuador,EC,1978,11922497876.4828,1541.13760425322,,,
ECU,Ecuador,EC,1979,14175160902.0721,1783.29280581578,,,
ECU,Ecuador,EC,1980,17881508242.4481,2189.78417657382,,,
ECU,Ecuador,EC,1981,21810759353.7304,2600.57152797996,,,
ECU,Ecuador,EC,1982,19929846396.4239,2314.38354547989,,,
ECU,Ecuador,EC,1983,17152477036.5005,1940.23393200801,,,
ECU,Ecuador,EC,1984,16912509091.855,1863.68213493779,,,
ECU,Ecuador,EC,1985,17149088413.35,1841.77905481426,,,
ECU,Ecuador,EC,1986,15314138472.3282,1604.24698102055,,,
ECU,Ecuador,EC,1987,13945426859.4657,1426.01629151663,,,
ECU,Ecuador,EC,1988,13051881851.4068,1303.77906073184,,,
ECU,Ecuador,EC,1989,13890823704.5545,1356.28045636224,,,
ECU,Ecuador,EC,1990,15239272611.5809,1455.00748510871,48509374310.1723,,
ECU,Ecuador,EC,1991,16988535267.6338,1587.36049996672,52301972485.6436,,
ECU,Ecuador,EC,1992,18094238119.0595,1655.44613192632,54624884604.5305,,
ECU,Ecuador,EC,1993,18938717358.6793,1697.88884141445,57023088914.9207,,
ECU,Ecuador,EC,1994,22708673336.6683,1996.85894789444,60720677524.1144,,
ECU,Ecuador,EC,1995,24432884442.2211,2108.00698245316,63390241508.2703,,
ECU,Ecuador,EC,1996,25226393196.5983,2135.8479374308,65668623965.6413,,
ECU,Ecuador,EC,1997,28162053026.5133,2340.76600026857,69692104103.5971,,
ECU,Ecuador,EC,1998,27981896948.4742,2284.01572847769,72777447681.3809,,
ECU,Ecuador,EC,1999,19645272636.3182,1575.30234730971,70309306293.936,,
ECU,Ecuador,EC,2000,17539454727.3637,1382.23421759909,72686975974.3864,,
ECU,Ecuador,EC,2001,23127055000.0,1791.30359685037,77449916534.0997,,
ECU,Ecuador,EC,2002,27054197000.0,2059.1585535974,82529602905.0081,,
ECU,Ecuador,EC,2003,30965208000.0,2315.62215223014,86586563566.9922,,
ECU,Ecuador,EC,2004,35194947000.0,2586.20914663347,94989974958.5495,,
ECU,Ecuador,EC,2005,40278849000.0,2909.02606014388,103257283379.247,,
ECU,Ecuador,EC,2006,45690762000.0,3243.67010359339,111062338431.439,,
ECU,Ecuador,EC,2007,49848725000.0,3478.92488770671,116241429373.079,,
ECU,Ecuador,EC,2008,61139438000.0,4194.75750661981,126259252159.8,,
ECU,Ecuador,EC,2009,60094978000.0,4053.36331139298,128423995876.255,,
ECU,Ecuador,EC,2010,68151329000.0,4520.30959039763,135221979010.463,,
ECU,Ecuador,EC,2011,78986648000.0,5153.6916424375,149717191250.669,,
ECU,Ecuador,EC,2012,87735048000.0,5634.08393191094,159529618331.811,,
ECU,Ecuador,EC,2013,96570334000.0,6109.29031510341,178551197058.881,,
ECU,Ecuador,EC,2014,102717794000.0,6405.79979300441,189785459977.46,,
ECU,Ecuador,EC,2015,97209558000.0,5976.1596805651,176939941130.612,,
ECU,Ecuador,EC,2016,97671433000.0,5917.63771271481,179600489638.442,,
ECU,Ecuador,EC,2017,104467486000.0,6233.32244797718,197653047823.802,,
ECU,Ecuador,EC,2018,107478961000.0,6303.91886658338,207780861915.153,,
ECU,Ecuador,EC,2019,107595830000.0,6205.05765246766,217496140458.277,,
ECU,Ecuador,EC,2020,95865473000.0,5463.64515348598,202250004868.163,,
ECU,Ecuador,EC,2021,107179074000.0,6061.32350181711,238844767157.606,,
ECU,Ecuador,EC,2022,116133121000.0,6515.58528418336,270888879826.819,,
ECU,Ecuador,EC,2023,121147057000.0,6737.84748379638,286216244218.746,,
ECU,Ecuador,EC,2024,124676074700.0,6874.705739766,287270811094.559,,
EGY,"Egypt, Arab Rep.",EG,1960,4206270352.22633,156.387397481519,,,
EGY,"Egypt, Arab Rep.",EG,1961,4494575611.21289,162.841644181754,,,
EGY,"Egypt, Arab Rep.",EG,1962,4035462027.39753,142.409576739705,,,
EGY,"Egypt, Arab Rep.",EG,1963,4187146231.56839,143.928402522656,,,
EGY,"Egypt, Arab Rep.",EG,1964,4709245761.67881,157.716536507206,,,
EGY,"Egypt, Arab Rep.",EG,1965,4948667540.41066,161.567123566919,,,
EGY,"Egypt, Arab Rep.",EG,1966,5278005611.91453,168.054342944501,,,
EGY,"Egypt, Arab Rep.",EG,1967,5605484298.98275,174.103044536176,,,
EGY,"Egypt, Arab Rep.",EG,1968,5932242990.65421,179.774096694265,,,
EGY,"Egypt, Arab Rep.",EG,1969,6524455205.81114,192.964908828257,,,
EGY,"Egypt, Arab Rep.",EG,1970,8042200452.1477,232.272492342671,,,
EGY,"Egypt, Arab Rep.",EG,1971,8609283346.08518,242.971070265891,,,
EGY,"Egypt, Arab Rep.",EG,1972,9299638055.84281,256.482815640115,,,
EGY,"Egypt, Arab Rep.",EG,1973,10098534613.4411,272.182710085295,,,
EGY,"Egypt, Arab Rep.",EG,1974,9228963224.60004,243.061473902314,,,
EGY,"Egypt, Arab Rep.",EG,1975,11632178868.9171,299.217518322538,,,
EGY,"Egypt, Arab Rep.",EG,1976,13315988083.4161,334.609918474469,,,
EGY,"Egypt, Arab Rep.",EG,1977,14400806875.9867,353.403833676533,,,
EGY,"Egypt, Arab Rep.",EG,1978,14811704063.0685,354.674246269687,,,
EGY,"Egypt, Arab Rep.",EG,1979,18020571428.5714,420.85821686233,,,
EGY,"Egypt, Arab Rep.",EG,1980,21669908176.3889,493.053573271061,,,
EGY,"Egypt, Arab Rep.",EG,1981,22136081081.0811,490.308796861598,,,
EGY,"Egypt, Arab Rep.",EG,1982,27655172413.7931,595.918898169378,,,
EGY,"Egypt, Arab Rep.",EG,1983,30966239813.7369,648.013629771434,,,
EGY,"Egypt, Arab Rep.",EG,1984,33971188991.6147,689.807675510205,,,
EGY,"Egypt, Arab Rep.",EG,1985,39053502251.0732,769.755137148666,,,
EGY,"Egypt, Arab Rep.",EG,1986,41253507951.3564,790.201793698565,,,
EGY,"Egypt, Arab Rep.",EG,1987,40455616653.5742,753.722263747615,,,
EGY,"Egypt, Arab Rep.",EG,1988,34980124929.0176,633.839369496566,,,
EGY,"Egypt, Arab Rep.",EG,1989,39756299049.9793,701.037717929191,,,
EGY,"Egypt, Arab Rep.",EG,1990,42978914311.3504,735.982935028025,208244358290.751,,
EGY,"Egypt, Arab Rep.",EG,1991,37387836490.5284,622.829605007867,217709637013.977,,
EGY,"Egypt, Arab Rep.",EG,1992,41855986519.4235,680.79923864551,232630679363.573,,
EGY,"Egypt, Arab Rep.",EG,1993,46578631452.581,740.334217356418,245052864052.909,,
EGY,"Egypt, Arab Rep.",EG,1994,51897983392.6453,807.303537230487,260229492024.624,,
EGY,"Egypt, Arab Rep.",EG,1995,60159245060.4541,916.326617700876,278020042627.347,,
EGY,"Egypt, Arab Rep.",EG,1996,67629716981.1321,1008.97637629447,297233526881.847,,
EGY,"Egypt, Arab Rep.",EG,1997,78436578171.0914,1146.20172117634,318965802269.451,,
EGY,"Egypt, Arab Rep.",EG,1998,84828807556.0803,1212.82259820477,340534346947.101,,
EGY,"Egypt, Arab Rep.",EG,1999,90710704806.8416,1268.30949160496,366258989191.973,,
EGY,"Egypt, Arab Rep.",EG,2000,99838543960.0763,1366.09274372613,398414667935.3,,
EGY,"Egypt, Arab Rep.",EG,2001,96684636118.5984,1295.1374184163,421787842946.805,,
EGY,"Egypt, Arab Rep.",EG,2002,85146067415.7303,1116.82884626213,438580660855.344,,
EGY,"Egypt, Arab Rep.",EG,2003,80288461538.4615,1031.27556291284,461522018276.761,,
EGY,"Egypt, Arab Rep.",EG,2004,78782467532.4675,991.255689145253,493326417151.093,,
EGY,"Egypt, Arab Rep.",EG,2005,89660339660.3397,1105.53920713903,531546430157.557,,
EGY,"Egypt, Arab Rep.",EG,2006,107426086956.522,1298.97900203124,585438475442.19,,
EGY,"Egypt, Arab Rep.",EG,2007,130437828371.278,1547.74170735909,643918589101.344,85.7885338345865,
EGY,"Egypt, Arab Rep.",EG,2008,162818181818.182,1896.21594269779,703293511346.066,,
EGY,"Egypt, Arab Rep.",EG,2009,189147005444.646,2161.63964573927,740703144634.656,,
EGY,"Egypt, Arab Rep.",EG,2010,218983666061.706,2455.08194645282,788293878691.105,,
EGY,"Egypt, Arab Rep.",EG,2011,235989672977.625,2590.64384891965,818754235836.905,,
EGY,"Egypt, Arab Rep.",EG,2012,279116666666.667,2996.0677072015,963511290996.558,,
EGY,"Egypt, Arab Rep.",EG,2013,288434108527.132,3025.52563552448,1002088457671.01,,
EGY,"Egypt, Arab Rep.",EG,2014,305595408895.265,3133.39102265541,1000296471586.54,,
EGY,"Egypt, Arab Rep.",EG,2015,329366576819.407,3306.98159414141,1085943366513.33,,
EGY,"Egypt, Arab Rep.",EG,2016,332441717791.411,3270.6287768197,1084107404691.64,,
EGY,"Egypt, Arab Rep.",EG,2017,248362771739.13,2395.10333299491,1153591166057.27,,
EGY,"Egypt, Arab Rep.",EG,2018,262588632526.73,2484.70315630508,1302980395024.57,,
EGY,"Egypt, Arab Rep.",EG,2019,318678815489.749,2962.98892023003,1437311654157.39,,
EGY,"Egypt, Arab Rep.",EG,2020,383817841547.099,3511.11381026379,1665073256894.19,,
EGY,"Egypt, Arab Rep.",EG,2021,424671765455.704,3827.35415374308,1728601012503.64,,
EGY,"Egypt, Arab Rep.",EG,2022,476747720364.742,4233.30783744856,1973837735890.74,,
EGY,"Egypt, Arab Rep.",EG,2023,395926075163.006,3456.78968456253,2121756770377.81,,
EGY,"Egypt, Arab Rep.",EG,2024,389059911003.566,3338.47371395895,2225198389821.18,,
ERI,Eritrea,ER,1960,,,,,
ERI,Eritrea,ER,1961,,,,,
ERI,Eritrea,ER,1962,,,,,
ERI,Eritrea,ER,1963,,,,,
ERI,Eritrea,ER,1964,,,,,
ERI,Eritrea,ER,1965,,,,,
ERI,Eritrea,ER,1966,,,,,
ERI,Eritrea,ER,1967,,,,,
ERI,Eritrea,ER,1968,,,,,
ERI,Eritrea,ER,1969,,,,,
ERI,Eritrea,ER,1970,,,,,
ERI,Eritrea,ER,1971,,,,,
ERI,Eritrea,ER,1972,,,,,
ERI,Eritrea,ER,1973,,,,,
ERI,Eritrea,ER,1974,,,,,
ERI,Eritrea,ER,1975,,,,,
ERI,Eritrea,ER,1976,,,,,
ERI,Eritrea,ER,1977,,,,,
ERI,Eritrea,ER,1978,,,,,
ERI,Eritrea,ER,1979,,,,,
ERI,Eritrea,ER,1980,,,,,
ERI,Eritrea,ER,1981,,,,,
ERI,Eritrea,ER,1982,,,,,
ERI,Eritrea,ER,1983,,,,,
ERI,Eritrea,ER,1984,,,,,
ERI,Eritrea,ER,1985,,,,,
ERI,Eritrea,ER,1986,,,,,
ERI,Eritrea,ER,1987,,,,,
ERI,Eritrea,ER,1988,,,,,
ERI,Eritrea,ER,1989,,,,,
ERI,Eritrea,ER,1990,,,,,
ERI,Eritrea,ER,1991,,,,,
ERI,Eritrea,ER,1992,477101651.648376,265.240962963337,1835746157.5835,,
ERI,Eritrea,ER,1993,467872714.755603,252.085777069472,2132109180.8167,,
ERI,Eritrea,ER,1994,531688311.688312,277.801423620334,2639758595.45651,,
ERI,Eritrea,ER,1995,578015625.0,285.402184008331,2772142458.71416,,
ERI,Eritrea,ER,1996,693535954.190067,325.838705371605,3084261045.56791,,
ERI,Eritrea,ER,1997,686490090.140141,318.980960831984,3385578350.49165,,
ERI,Eritrea,ER,1998,745523116.900052,341.91736400208,3484314347.36868,,
ERI,Eritrea,ER,1999,688918537.115555,311.336209255125,3534097149.69259,,
ERI,Eritrea,ER,2000,706370815.584416,314.357396753501,3500595221.9535,,
ERI,Eritrea,ER,2001,752371688.743186,325.409161513593,3892811387.01351,,
ERI,Eritrea,ER,2002,729321680.154324,304.775756465092,4072119264.48391,,
ERI,Eritrea,ER,2003,870248267.550163,348.950327077742,4042244997.87831,,
ERI,Eritrea,ER,2004,1109054005.43971,426.840947887032,4211205244.65054,,
ERI,Eritrea,ER,2005,1098424685.66169,412.753079199423,4455060340.19208,,
ERI,Eritrea,ER,2006,1211161879.6748,447.997404727201,4547936344.15724,,
ERI,Eritrea,ER,2007,1317974491.05691,480.44762365456,4737800725.39796,,
ERI,Eritrea,ER,2008,1380188800.0,490.066956003333,4356653615.89166,,
ERI,Eritrea,ER,2009,1856695551.21951,642.92572288007,4553452013.79407,,
ERI,Eritrea,ER,2010,1589515447.15447,539.699512069686,4709915124.3725,,
ERI,Eritrea,ER,2011,2065001626.01626,688.68165957684,5224331270.24732,,
ERI,Eritrea,ER,2012,,,,,
ERI,Eritrea,ER,2013,,,,,
ERI,Eritrea,ER,2014,,,,,
ERI,Eritrea,ER,2015,,,,,
ERI,Eritrea,ER,2016,,,,,
ERI,Eritrea,ER,2017,,,,,
ERI,Eritrea,ER,2018,,,,,
ERI,Eritrea,ER,2019,,,,,
ERI,Eritrea,ER,2020,,,,,
ERI,Eritrea,ER,2021,,,,,
ERI,Eritrea,ER,2022,,,,,
ERI,Eritrea,ER,2023,,,,,
ERI,Eritrea,ER,2024,,,,,
ESP,Spain,ES,1960,12424514013.7604,407.96302786933,,,
ESP,Spain,ES,1961,14238126759.7335,463.19044087717,,,
ESP,Spain,ES,1962,16609632790.5843,535.391059454488,,,
ESP,Spain,ES,1963,19631714759.6491,627.278450964262,,,
ESP,Spain,ES,1964,21966876027.2517,694.952086797899,,,
ESP,Spain,ES,1965,25479619606.5284,797.377066170904,,,
ESP,Spain,ES,1966,29559436182.9186,915.62923367863,,,
ESP,Spain,ES,1967,32570905397.2885,996.571863525297,,,
ESP,Spain,ES,1968,32394326463.759,978.292373768035,,,
ESP,Spain,ES,1969,37090689287.8552,1109.13637135526,,,
ESP,Spain,ES,1970,40963715236.5106,1211.42343321309,,2003.94175624302,
ESP,Spain,ES,1971,46586119760.479,1361.19251917206,,1768.64893323575,
ESP,Spain,ES,1972,59090176028.993,1707.58800052655,,,
ESP,Spain,ES,1973,78583355225.5854,2245.9479911066,,,
ESP,Spain,ES,1974,97204522642.0536,2747.96036737994,,,
ESP,Spain,ES,1975,114695060869.565,3207.54465082024,,,
ESP,Spain,ES,1976,118422534195.474,3276.97023260494,,,
ESP,Spain,ES,1977,132354665936.473,3624.99940255962,,,
ESP,Spain,ES,1978,160484969618.056,4353.3273744052,,,
ESP,Spain,ES,1979,214448666336.143,5766.09296672485,,,
ESP,Spain,ES,1980,232600556973.776,6204.14321544225,,,
ESP,Spain,ES,1981,202663023968.283,5367.32976278411,,,
ESP,Spain,ES,1982,195856752991.065,5156.02303792945,,,
ESP,Spain,ES,1983,170829074245.94,4475.30126831295,,,
ESP,Spain,ES,1984,171979977230.387,4486.78173863382,,,
ESP,Spain,ES,1985,180664322896.282,4696.29879620729,,,
ESP,Spain,ES,1986,251141555185.933,6508.8506547565,,,
ESP,Spain,ES,1987,318520253335.13,8233.72822993027,,,
ESP,Spain,ES,1988,375891716897.586,9696.1928538538,,,
ESP,Spain,ES,1989,414460794096.978,10674.3410230107,,,
ESP,Spain,ES,1990,536175326477.31,13795.0159385128,531181732618.107,35.1574354271674,
ESP,Spain,ES,1991,576753902321.857,14801.3226152172,563126159099.33,35.1902538119473,0.4525255109277036
ESP,Spain,ES,1992,630465353486.104,16100.6799428032,581311337153.544,37.0105702629969,1.670462639842828
ESP,Spain,ES,1993,524700572623.872,13330.3798192211,588951665116.061,46.7322032984571,1.5529851243481363
ESP,Spain,ES,1994,530183651720.283,13405.704414883,615863755657.61,48.1390226944522,0.3723638675217259
ESP,Spain,ES,1995,614170002668.802,15460.9110266653,646116288831.146,57.9249475305558,3.3231076152775487
ESP,Spain,ES,1996,642251412058.321,16100.6215831114,676728755428.961,64.2492650885881,1.8582024513599427
ESP,Spain,ES,1997,589739772727.273,14722.3717633536,716994973846.872,64.046352828527,-0.8676006347283137
ESP,Spain,ES,1998,618731484575.12,15382.3348573373,767527965859.34,64.3080233747953,0.39948499609409205
ESP,Spain,ES,1999,634394904386.874,15707.9473068138,805240729968.48,59.205184111144,-0.5912936142598197
ESP,Spain,ES,2000,598102854756.08,14743.2671031455,875357033268.134,56.4411355548913,-0.5422223696097024
ESP,Spain,ES,2001,627798682378.741,15368.2337984435,937713874448.508,51.9977632200555,-0.17856534163459525
ESP,Spain,ES,2002,708938227243.923,17111.0685058941,1010011962624.88,50.1525231329527,0.4026266363214908
ESP,Spain,ES,2003,907963217057.645,21522.0170990262,1057244126223.95,45.4755013291344,1.2142237842641812
ESP,Spain,ES,2004,1069829382514.67,24925.0267844576,1122978613947.74,43.4376841299849,0.7881446233076747
ESP,Spain,ES,2005,1154667551775.88,26450.9530130382,1206123912941.78,40.2343199754081,-0.0016413492334854906
ESP,Spain,ES,2006,1261846683275.29,28421.686527407,1365452811269.53,35.7479971637415,-0.08465332420711573
ESP,Spain,ES,2007,1476746276854.51,32652.015594702,1471560026439.27,31.7331273426985,0.16523720829668623
ESP,Spain,ES,2008,1636115447612.5,35603.248328071,1532566796443.4,35.7047178362371,1.894095154923098
ESP,Spain,ES,2009,1496587590847.66,32279.8208476151,1492955355627.23,48.1994103860454,-3.463039662979534
ESP,Spain,ES,2010,1427989078916.67,30658.7422282912,1481528092978.47,49.9611949485467,0.6918531043510824
ESP,Spain,ES,2011,1487568659241.25,31824.6219134777,1496494330856.19,57.7899857640377,9.7703450953412
ESP,Spain,ES,2012,1330994811670.31,28456.4438151477,1490647159038.59,77.446159411603,-29.268619520539044
ESP,Spain,ES,2013,1362186923157.65,29228.846559842,1519934795494.96,91.8693310672975,7.533132655257199
ESP,Spain,ES,2014,1380244561361.96,29707.765509467,1568558742313.46,104.927837414283,4.0479798114483465
ESP,Spain,ES,2015,1206164777553.12,25982.4416197775,1635832322642.58,104.513601500945,-2.7894237127067965
ESP,Spain,ES,2016,1243015667917.12,26755.6061149398,1747416921343.7,105.968137016467,0.5071873512717171
ESP,Spain,ES,2017,1321754088818.83,28381.3425596906,1854710948435.34,106.577780516625,0.8527560025138797
ESP,Spain,ES,2018,1431642809327.06,30602.4212881113,1918771506082.64,107.203121919581,1.9679756033198892
ESP,Spain,ES,2019,1403496387686.27,29786.5245689007,2075228716950.46,111.293101240882,0.17403396860374373
ESP,Spain,ES,2020,1289783836971.21,27233.9426461608,1862544224980.41,138.955245532848,-1.0824843866799247
ESP,Spain,ES,2021,1461244901852.69,30799.4775937775,2099468112223.22,132.546759027224,0.6103667428086075
ESP,Spain,ES,2022,1446498147749.03,30270.2687017458,2411673616292.85,109.217961229509,-1.1434679017784377
ESP,Spain,ES,2023,1620090734956.89,33509.0127982139,2573555479216.76,107.25996894973,0.9752360778817907
ESP,Spain,ES,2024,1722745978335.16,35297.0094995565,2778406789838.98,,
EST,Estonia,EE,1960,,,,,
EST,Estonia,EE,1961,,,,,
EST,Estonia,EE,1962,,,,,
EST,Estonia,EE,1963,,,,,
EST,Estonia,EE,1964,,,,,
EST,Estonia,EE,1965,,,,,
EST,Estonia,EE,1966,,,,,
EST,Estonia,EE,1967,,,,,
EST,Estonia,EE,1968,,,,,
EST,Estonia,EE,1969,,,,,
EST,Estonia,EE,1970,,,,,
EST,Estonia,EE,1971,,,,,
EST,Estonia,EE,1972,,,,,
EST,Estonia,EE,1973,,,,,
EST,Estonia,EE,1974,,,,,
EST,Estonia,EE,1975,,,,,
EST,Estonia,EE,1976,,,,,
EST,Estonia,EE,1977,,,,,
EST,Estonia,EE,1978,,,,,
EST,Estonia,EE,1979,,,,,
EST,Estonia,EE,1980,,,,,
EST,Estonia,EE,1981,,,,,
EST,Estonia,EE,1982,,,,,
EST,Estonia,EE,1983,,,,,
EST,Estonia,EE,1984,,,,,
EST,Estonia,EE,1985,,,,,
EST,Estonia,EE,1986,,,,,
EST,Estonia,EE,1987,,,,,
EST,Estonia,EE,1988,,,,,
EST,Estonia,EE,1989,,,,,
EST,Estonia,EE,1990,,,11731036820.9006,,
EST,Estonia,EE,1991,,,11157556653.3379,,
EST,Estonia,EE,1992,,,8996091939.08822,,
EST,Estonia,EE,1993,4013091682.2914,2685.90889287357,8680667567.64539,,
EST,Estonia,EE,1994,4123011419.74174,2819.12612100926,8720407484.09625,,
EST,Estonia,EE,1995,4502970889.06373,3134.38975345407,9302781760.0801,,
EST,Estonia,EE,1996,4786018988.16491,3380.92630243199,9752450058.03815,,
EST,Estonia,EE,1997,5154420649.23354,3682.95230146695,11165373440.4375,,
EST,Estonia,EE,1998,5674080542.88575,4093.39247738765,11713738135.1008,,
EST,Estonia,EE,1999,5756912265.75809,4140.93660232167,11694825363.5915,,
EST,Estonia,EE,2000,5686579747.53524,4070.60902410208,13163087062.2361,,
EST,Estonia,EE,2001,6250218422.70164,4502.66614992392,14311462708.227,,
EST,Estonia,EE,2002,7370119619.4782,5343.18310760735,16092414317.885,,
EST,Estonia,EE,2003,9876595528.45528,7205.40703313243,18006762793.7235,,
EST,Estonia,EE,2004,12148595031.0559,8916.0728274602,19811437600.6564,,
EST,Estonia,EE,2005,14109491356.7964,10414.6381183565,22540852088.499,,
EST,Estonia,EE,2006,17025671810.3124,12641.4800976473,26058600905.5404,,
EST,Estonia,EE,2007,22450264166.4385,16745.4308011148,29764911796.7833,,
EST,Estonia,EE,2008,24342935403.5447,18205.9064113446,30490357853.7946,,
EST,Estonia,EE,2009,19633984440.1223,14712.4494217916,27328535102.0527,,
EST,Estonia,EE,2010,19524355419.038,14663.7041018705,28782111932.212,,
EST,Estonia,EE,2011,23303915794.7569,17555.5455239426,32724505473.0258,,
EST,Estonia,EE,2012,23237406116.3988,17568.2137969714,34710887167.1947,,
EST,Estonia,EE,2013,25451032780.7573,19310.3874900757,36681375664.2114,,
EST,Estonia,EE,2014,27055689003.0038,20581.7898991695,38652432196.4736,,
EST,Estonia,EE,2015,23311847750.9394,17722.1557669523,39094673598.3447,,
EST,Estonia,EE,2016,24561027787.7896,18666.3736521706,42036565381.3875,,
EST,Estonia,EE,2017,27469461919.1189,20851.5223496861,45458506883.4267,,
EST,Estonia,EE,2018,31222632740.7247,23618.1361254581,49073092321.7703,,
EST,Estonia,EE,2019,31873748770.0313,24021.2501413306,53853984376.4777,,
EST,Estonia,EE,2020,31820771493.8974,23933.9939421065,54074496993.4123,,
EST,Estonia,EE,2021,37204563051.4723,27953.7670230126,58895787305.748,,
EST,Estonia,EE,2022,38376046174.971,28451.1477825175,64477259538.1489,,
EST,Estonia,EE,2023,41291245222.1948,30133.304450454,64116051940.5513,,
EST,Estonia,EE,2024,42764929169.3258,31170.0915091887,67685292223.1433,,
ETH,Ethiopia,ET,1960,1610511693.84215,,,,
ETH,Ethiopia,ET,1961,1680859514.1016,,,,
ETH,Ethiopia,ET,1962,1747566307.0997,,,,
ETH,Ethiopia,ET,1963,1825058827.83853,,,,
ETH,Ethiopia,ET,1964,1984129185.6,,,,
ETH,Ethiopia,ET,1965,2159998591.2,,,,
ETH,Ethiopia,ET,1966,2324466416.0,,,,
ETH,Ethiopia,ET,1967,2461762002.8,,,,
ETH,Ethiopia,ET,1968,2619948864.8,,,,
ETH,Ethiopia,ET,1969,2768987372.0,,,,
ETH,Ethiopia,ET,1970,3045354454.8,,,,
ETH,Ethiopia,ET,1971,3224280834.97092,,,,
ETH,Ethiopia,ET,1972,3520252938.26087,,,,
ETH,Ethiopia,ET,1973,4070570549.8642,,,,
ETH,Ethiopia,ET,1974,4577209966.18358,,,,
ETH,Ethiopia,ET,1975,4577047854.10628,,,,
ETH,Ethiopia,ET,1976,4943806093.23672,,,,
ETH,Ethiopia,ET,1977,5651840584.54106,,,,
ETH,Ethiopia,ET,1978,6014961434.78261,,,,
ETH,Ethiopia,ET,1979,6586048398.06763,,,,
ETH,Ethiopia,ET,1980,7012585454.10628,,,,
ETH,Ethiopia,ET,1981,7507663566.66667,,,,
ETH,Ethiopia,ET,1982,7899988840.57971,,,,
ETH,Ethiopia,ET,1983,8781664427.05314,,,,
ETH,Ethiopia,ET,1984,8298309580.67633,,,,
ETH,Ethiopia,ET,1985,9717392686.95652,,,,
ETH,Ethiopia,ET,1986,10094328898.0676,,,,
ETH,Ethiopia,ET,1987,10790001557.971,,,,
ETH,Ethiopia,ET,1988,11181119717.8744,,,,
ETH,Ethiopia,ET,1989,11762932007.2464,,,,
ETH,Ethiopia,ET,1990,12478943895.1691,,,47.1758923635809,
ETH,Ethiopia,ET,1991,13799799323.6715,,,49.6471547793914,
ETH,Ethiopia,ET,1992,10754799036.5745,,,43.3007948756543,
ETH,Ethiopia,ET,1993,9051043870.12197,,,71.5033855542775,
ETH,Ethiopia,ET,1994,7100806753.92942,,,90.2523100095927,
ETH,Ethiopia,ET,1995,7855205206.93405,,,80.6182076424932,
ETH,Ethiopia,ET,1996,8761215548.48614,,,70.3936489385985,
ETH,Ethiopia,ET,1997,8803539988.33248,,,67.7317426757118,
ETH,Ethiopia,ET,1998,8013274131.69715,,,76.0638442706389,
ETH,Ethiopia,ET,1999,7892973531.80045,,,83.4720247831402,
ETH,Ethiopia,ET,2000,8242349617.8638,,,,
ETH,Ethiopia,ET,2001,8231326016.47494,,,,
ETH,Ethiopia,ET,2002,7850809498.16803,,,,
ETH,Ethiopia,ET,2003,8623691300.04079,,,,
ETH,Ethiopia,ET,2004,10131187261.4421,,,,
ETH,Ethiopia,ET,2005,12401139453.9738,,,,
ETH,Ethiopia,ET,2006,15280861834.6024,,,,
ETH,Ethiopia,ET,2007,19707616772.7996,,,,
ETH,Ethiopia,ET,2008,27066912635.2228,,,,
ETH,Ethiopia,ET,2009,32437389116.038,,,,
ETH,Ethiopia,ET,2010,29933790334.3418,,,,
ETH,Ethiopia,ET,2011,31952763089.33,,,,
ETH,Ethiopia,ET,2012,43310721414.0829,,,,
ETH,Ethiopia,ET,2013,47648276605.0123,,,10.733283781495,
ETH,Ethiopia,ET,2014,55612228233.5179,,,26.9372797365191,
ETH,Ethiopia,ET,2015,64589328550.5953,,,27.9431250379303,
ETH,Ethiopia,ET,2016,74296766562.127,,,29.0056817322355,
ETH,Ethiopia,ET,2017,81770885148.0574,,,30.0951138170263,
ETH,Ethiopia,ET,2018,84269180856.9147,,,32.5332245901733,
ETH,Ethiopia,ET,2019,95912620248.0592,,,31.4488445669584,
ETH,Ethiopia,ET,2020,107657732424.155,,,,
ETH,Ethiopia,ET,2021,111261888668.864,,,,
ETH,Ethiopia,ET,2022,126772707851.339,,,,
ETH,Ethiopia,ET,2023,,,,,
ETH,Ethiopia,ET,2024,,,,,
FIN,Finland,FI,1960,5279481824.12983,1191.85508873415,,,
FIN,Finland,FI,1961,5984433774.41601,1341.49900625891,,,
FIN,Finland,FI,1962,6407796042.70357,1426.6675637882,,,
FIN,Finland,FI,1963,6958916548.12933,1538.45703402737,,,
FIN,Finland,FI,1964,7848987792.54261,1725.60483489826,,,
FIN,Finland,FI,1965,8680393838.88018,1902.03847177709,,,
FIN,Finland,FI,1966,9306142171.60056,2031.52331393903,,,
FIN,Finland,FI,1967,9468272357.09549,2055.75306771186,,,
FIN,Finland,FI,1968,8916565040.54632,1927.29380452918,,,
FIN,Finland,FI,1969,10177524838.9004,2201.12415237742,,,
FIN,Finland,FI,1970,11358529161.9479,2465.86455526041,,,
FIN,Finland,FI,1971,12528522307.4737,2716.43223544591,,,
FIN,Finland,FI,1972,14744499569.8308,3177.9287929756,,,
FIN,Finland,FI,1973,19474098335.1486,4173.54485169644,,,
FIN,Finland,FI,1974,24851036710.2568,5298.08008790754,,,
FIN,Finland,FI,1975,29475251333.4411,6256.10245136117,,,
FIN,Finland,FI,1976,31852352669.6415,6740.29145314637,,,
FIN,Finland,FI,1977,33502784417.884,7069.73565139858,,,
FIN,Finland,FI,1978,36259392057.7617,7629.49572475149,,,
FIN,Finland,FI,1979,44469218439.9328,9333.07695567452,,,
FIN,Finland,FI,1980,53649984061.205,11224.9380036353,,,
FIN,Finland,FI,1981,52440066133.9212,10925.0957161181,,,
FIN,Finland,FI,1982,52784013815.2214,10935.3110588486,,,
FIN,Finland,FI,1983,50956447480.7857,10493.9626636806,,,
FIN,Finland,FI,1984,52870993272.6553,10830.2185222663,,,
FIN,Finland,FI,1985,55856676899.4628,11394.1921044246,,,
FIN,Finland,FI,1986,73511611541.1682,14946.9926198261,,,
FIN,Finland,FI,1987,91564993913.1611,18565.0264426011,,,
FIN,Finland,FI,1988,109039090262.971,22043.7701596288,,,
FIN,Finland,FI,1989,118991270611.057,23969.052798644,,,
FIN,Finland,FI,1990,141446120354.533,28366.204276071,90427763363.2559,10.4750437379078,
FIN,Finland,FI,1991,127794441993.824,25488.8450525604,87992313720.0906,17.01269264076,-2.84330767220161
FIN,Finland,FI,1992,112537828510.751,22320.1124695857,87022566994.321,34.1053360183611,-17.159252504584757
FIN,Finland,FI,1993,89112105756.2194,17588.6781715509,88390134913.4322,51.6838492204665,5.612271030645865
FIN,Finland,FI,1994,103182697780.307,20278.29109854,93856259499.9358,58.3135962623348,2.5818978687043765
FIN,Finland,FI,1995,134060457516.34,26246.2743214462,99882215803.7782,,
FIN,Finland,FI,1996,131991975148.848,25756.6777073618,102798877021.789,,
FIN,Finland,FI,1997,126862902302.142,24682.29083271,111955995483.917,,
FIN,Finland,FI,1998,133990876724.522,25999.9861694953,121459519208.659,,
FIN,Finland,FI,1999,135234241918.147,26180.4128562349,127906519615.7,,
FIN,Finland,FI,2000,125967821110.589,24335.9225082659,138603940251.911,,
FIN,Finland,FI,2001,129519672868.898,24965.202996776,144231939216.59,,
FIN,Finland,FI,2002,140360963811.765,26989.389260959,148717655863.497,,
FIN,Finland,FI,2003,171612867735.686,32920.0857192568,151419337968.314,,
FIN,Finland,FI,2004,197458297639.769,37768.1334202029,163115261980.532,,
FIN,Finland,FI,2005,204859368790.661,39049.8703780223,168125347142.81,,
FIN,Finland,FI,2006,217044068234.117,41214.0187765069,181410895505.158,,
FIN,Finland,FI,2007,256360251537.648,48473.0240091455,200147870113.973,,
FIN,Finland,FI,2008,285698662071.094,53769.4726240385,212967520899.0,,
FIN,Finland,FI,2009,253480783439.453,47478.3495310999,202709787089.751,,
FIN,Finland,FI,2010,249429613683.334,46506.2919016566,208905524120.84,,
FIN,Finland,FI,2011,275126915515.565,51060.3242589767,220089124654.258,,
FIN,Finland,FI,2012,257443384492.969,47551.6740841369,220560377327.338,,
FIN,Finland,FI,2013,270268036626.275,49691.0145200739,224769897399.589,,
FIN,Finland,FI,2014,273478528954.901,50073.7760815871,226909976741.879,,
FIN,Finland,FI,2015,233210733506.25,42560.3456767103,231615508030.819,,
FIN,Finland,FI,2016,238777818792.608,43451.2562442158,244883896491.636,,
FIN,Finland,FI,2017,253846138440.0,46085.0174739036,260179677811.909,,
FIN,Finland,FI,2018,273869255596.078,49654.2497035329,271632312186.529,,
FIN,Finland,FI,2019,267014821129.411,48358.1807773701,288648091314.829,,
FIN,Finland,FI,2020,270000311606.226,48828.6846862799,294705726881.034,,
FIN,Finland,FI,2021,294223210496.119,53099.1351400148,314676442275.461,,
FIN,Finland,FI,2022,280253099309.34,50440.560224974,340851311803.993,,
FIN,Finland,FI,2023,294950618733.339,52821.5114340717,344041186768.172,,
FIN,Finland,FI,2024,299835625550.781,53188.6186245158,361295951878.505,,
FJI,Fiji,FJ,1960,112328422.113084,277.431535497766,,,
FJI,Fiji,FJ,1961,116987784.913739,280.273366731046,,,
FJI,Fiji,FJ,1962,122906434.957814,285.473073001593,,,
FJI,Fiji,FJ,1963,129454728.623599,291.38357377756,,,
FJI,Fiji,FJ,1964,140032741.468329,305.532203132127,,,
FJI,Fiji,FJ,1965,147084750.031482,311.241072912198,,,
FJI,Fiji,FJ,1966,150603925.515853,309.5744090096,,,
FJI,Fiji,FJ,1967,162625885.863484,325.9865454003,,,
FJI,Fiji,FJ,1968,166952937.135005,327.357416510141,,,
FJI,Fiji,FJ,1969,182182067.703568,349.813973013608,,,
FJI,Fiji,FJ,1970,219878482.173564,413.93721652892,,,
FJI,Fiji,FJ,1971,247749327.721267,457.844599860784,,,
FJI,Fiji,FJ,1972,316656648.698957,575.217482137037,,,
FJI,Fiji,FJ,1973,425950487.519894,761.684067364828,,,
FJI,Fiji,FJ,1974,558587097.382833,984.313523932329,,,
FJI,Fiji,FJ,1975,684282434.361095,1188.18424249981,,,
FJI,Fiji,FJ,1976,694540806.380644,1186.16648457757,,,
FJI,Fiji,FJ,1977,719501765.783049,1203.57267969162,,,
FJI,Fiji,FJ,1978,829267889.429373,1354.81144050374,,,
FJI,Fiji,FJ,1979,1019691460.17376,1626.66019023926,,,
FJI,Fiji,FJ,1980,1202618816.20852,1873.31097972432,,,
FJI,Fiji,FJ,1981,1235626770.50924,1879.36315139259,,,
FJI,Fiji,FJ,1982,1194059943.22478,1773.14392517051,,,
FJI,Fiji,FJ,1983,1123085190.06509,1628.04901181455,,,
FJI,Fiji,FJ,1984,1178000677.99929,1666.86572541062,,,
FJI,Fiji,FJ,1985,1141168943.97661,1576.72069091401,,,
FJI,Fiji,FJ,1986,1290267339.65006,1745.24126633634,,,
FJI,Fiji,FJ,1987,1177947965.12142,1569.46727039388,,,
FJI,Fiji,FJ,1988,1110009522.75743,1463.04720165947,,,
FJI,Fiji,FJ,1989,1182660265.76635,1543.2961719258,,,
FJI,Fiji,FJ,1990,1337017559.49728,1728.94076871199,3057554961.54989,,
FJI,Fiji,FJ,1991,1383883249.591,1774.99211138118,3075609779.74633,36.8418217433888,
FJI,Fiji,FJ,1992,1532411039.05479,1951.25592930351,3337586112.44312,33.6735845779785,0.023551468577134707
FJI,Fiji,FJ,1993,1636101246.9394,2070.04734110195,3489474514.56157,36.5383548067393,0.5384660720969892
FJI,Fiji,FJ,1994,1825732092.54674,2297.18005884304,3745744773.03272,36.6282593243799,0.2767758039711373
FJI,Fiji,FJ,1995,1970301486.20561,2466.74347815903,3919888350.91169,,
FJI,Fiji,FJ,1996,2128696643.62574,2648.32766264,4183251603.881,,
FJI,Fiji,FJ,1997,2090221137.02876,2573.72338605678,4161771056.36067,,
FJI,Fiji,FJ,1998,1653146716.58235,2010.49636073149,4263254858.48972,,
FJI,Fiji,FJ,1999,1936459986.03795,2327.95720514091,4704059443.11249,,
FJI,Fiji,FJ,2000,1678219507.89829,1995.72071163264,4728835182.12998,,
FJI,Fiji,FJ,2001,1652462023.46215,1944.997414609,4932020172.12831,,
FJI,Fiji,FJ,2002,1833279985.36741,2136.56794118683,5168940689.68073,,
FJI,Fiji,FJ,2003,2300492465.32276,2655.58079586044,5323701729.75235,,
FJI,Fiji,FJ,2004,2708078476.63012,3097.19096651759,5756604335.57854,,
FJI,Fiji,FJ,2005,2980403844.72096,3377.69126953493,5978659772.90914,,
FJI,Fiji,FJ,2006,3076305452.86506,3455.10599907349,6277201050.81957,,
FJI,Fiji,FJ,2007,3378314599.76402,3762.74692789299,6392422701.29284,,
FJI,Fiji,FJ,2008,3523185919.55826,3899.92231512129,6582878726.44717,,
FJI,Fiji,FJ,2009,2870624635.68032,3164.13275408169,6531676713.38899,,
FJI,Fiji,FJ,2010,3140166712.79624,3449.14452883369,6806390338.76078,,
FJI,Fiji,FJ,2011,3779411899.37483,4139.60288609702,7134734867.15989,,
FJI,Fiji,FJ,2012,3972028104.47328,4341.40338748749,7646151649.1012,,
FJI,Fiji,FJ,2013,4189967998.51424,4572.44377544245,8253358874.67118,,
FJI,Fiji,FJ,2014,4857104768.86844,5293.35676680464,9829197068.29942,,
FJI,Fiji,FJ,2015,4682479893.97558,5097.53106864695,10778358104.4316,,
FJI,Fiji,FJ,2016,4930213644.36653,5363.79026679243,11015803386.2391,,
FJI,Fiji,FJ,2017,5353469174.47838,5826.84814459328,11778089335.1771,,
FJI,Fiji,FJ,2018,5581425327.44397,6085.41979485376,12130548808.6754,,
FJI,Fiji,FJ,2019,5444407198.13478,5950.82866866702,12094688035.2592,,
FJI,Fiji,FJ,2020,4432466219.87685,4844.42127154524,10279861871.0686,,
FJI,Fiji,FJ,2021,4305031649.74189,4696.17103944634,9795237652.39681,,
FJI,Fiji,FJ,2022,4969503549.32096,5405.03006162671,12570554288.7776,,
FJI,Fiji,FJ,2023,5442046552.96928,5888.73667332429,14002772365.9417,,
FJI,Fiji,FJ,2024,5840564072.77313,6288.39867264416,14890504165.0068,,
FRA,France,FR,1960,61756878990.3,1302.53149729892,,,
FRA,France,FR,1961,66806595974.7159,1394.53557125112,,,
FRA,France,FR,1962,74888595285.8833,1547.62025902229,,,
FRA,France,FR,1963,83957182115.028,1717.70379067821,,,
FRA,France,FR,1964,93079224076.2648,1884.13791381574,,,
FRA,France,FR,1965,100522559916.017,2015.37980964483,,,
FRA,France,FR,1966,108928356518.505,2165.07279456053,,,
FRA,France,FR,1967,117751396249.071,2321.46918431738,,,
FRA,France,FR,1968,128427504709.055,2512.62017415254,,,
FRA,France,FR,1969,140361802781.576,2723.56730541047,,,
FRA,France,FR,1970,146926998937.05,2825.12972273207,,,
FRA,France,FR,1971,164238872972.653,3128.38612116665,,,
FRA,France,FR,1972,201621751625.488,3806.8878889279,,,
FRA,France,FR,1973,262343828815.557,4913.52707779625,,,
FRA,France,FR,1974,283102178123.295,5267.35330005137,,,
FRA,France,FR,1975,356780728162.766,6606.70146747184,,,
FRA,France,FR,1976,368488292816.171,6794.61739337861,,,
FRA,France,FR,1977,406736454934.474,7464.90784463001,,,
FRA,France,FR,1978,501724418604.651,9166.59011961391,,,
FRA,France,FR,1979,608218624730.188,11062.5731730373,,,
FRA,France,FR,1980,694529183483.39,12565.1639377144,,,
FRA,France,FR,1981,609184791792.396,10955.9002996167,,,
FRA,France,FR,1982,578152310609.841,10359.8920663549,,,
FRA,France,FR,1983,553356312935.709,9862.28449386586,,,
FRA,France,FR,1984,525033325827.516,9311.89426452129,,,
FRA,France,FR,1985,547220981165.134,9657.01938533723,,,
FRA,France,FR,1986,764946585850.933,13430.4824599685,,,
FRA,France,FR,1987,926320855614.973,16175.7090467566,,,
FRA,France,FR,1988,1010827662151.75,17549.6440487161,,,
FRA,France,FR,1989,1016742237302.08,17547.2645422514,,,
FRA,France,FR,1990,1257649439826.53,21586.4674617483,1017918131665.62,,
FRA,France,FR,1991,1258961748633.88,21500.7778366233,1064399725552.88,,
FRA,France,FR,1992,1389663073110.28,23615.0168565483,1105738915576.17,,
FRA,France,FR,1993,1314383368079.69,22238.8250618434,1127154785825.03,,
FRA,France,FR,1994,1385822778827.98,23359.8985104774,1178993308760.93,,
FRA,France,FR,1995,1595219345511.89,26791.8151982369,1231773982403.26,,
FRA,France,FR,1996,1598889216566.23,26757.6351494145,1270414110757.59,,
FRA,France,FR,1997,1449392222971.45,24169.4008102822,1330389770082.69,,
FRA,France,FR,1998,1496906382032.47,24869.4030795939,1400106907159.24,,
FRA,France,FR,1999,1486915879701.93,24576.3152254528,1464382542213.3,,
FRA,France,FR,2000,1360959069477.49,22340.5939516217,1583999694706.05,,
FRA,France,FR,2001,1370376677298.86,22331.7948343036,1678300037622.89,,
FRA,France,FR,2002,1492427756382.43,24144.5727019529,1752380317938.26,,
FRA,France,FR,2003,1835095983049.09,29479.5222101175,1744718780179.86,,
FRA,France,FR,2004,2109792297237.03,33644.9282220364,1813824938509.25,,
FRA,France,FR,2005,2192146403028.17,34696.3718316971,1922671524499.76,,
FRA,France,FR,2006,2317861544690.82,36431.5658906555,2063300819387.21,,
FRA,France,FR,2007,2655816911866.56,41486.1907828787,2180893232947.32,,
FRA,France,FR,2008,2926802941585.86,45464.8181385158,2256557852935.91,,
FRA,France,FR,2009,2700075882518.98,41728.0884164132,2243175421296.4,,
FRA,France,FR,2010,2646230027988.34,40694.8211697025,2335191628255.22,,
FRA,France,FR,2011,2870408553990.28,43929.7840873812,2450959100790.27,,
FRA,France,FR,2012,2683007095787.23,40863.5814412333,2473391243170.39,,
FRA,France,FR,2013,2816077607875.26,42669.1795111893,2612419376499.27,,
FRA,France,FR,2014,2861236112552.42,43148.0459288416,2666947056893.25,,
FRA,France,FR,2015,2442483452642.5,36702.4323733379,2722896108490.27,,
FRA,France,FR,2016,2470407619777.13,37024.2157133669,2861145268728.43,,
FRA,France,FR,2017,2588868323334.71,38687.1626407164,2975787193760.88,,
FRA,France,FR,2018,2781576320884.39,41418.1766484844,3114875305157.86,,
FRA,France,FR,2019,2722793515171.76,40408.2848574751,3445276604424.65,,
FRA,France,FR,2020,2647926055110.05,39169.8606000707,3345024904336.18,,
FRA,France,FR,2021,2966433692008.09,43725.0999521245,3562923665911.39,,
FRA,France,FR,2022,2796302210398.84,41082.8119320747,3823961003427.32,,
FRA,France,FR,2023,3051831611384.76,44690.9345395117,3982377923514.52,,
FRA,France,FR,2024,3162079073495.78,46150.4876861593,4201559866305.39,,
FRO,Faroe Islands,FO,1960,,,,,
FRO,Faroe Islands,FO,1961,,,,,
FRO,Faroe Islands,FO,1962,,,,,
FRO,Faroe Islands,FO,1963,,,,,
FRO,Faroe Islands,FO,1964,,,,,
FRO,Faroe Islands,FO,1965,57954522.4217259,1594.47884066707,,,
FRO,Faroe Islands,FO,1966,64397131.0846457,1749.16153532827,,,
FRO,Faroe Islands,FO,1967,66225403.5588069,1780.15707646919,,,
FRO,Faroe Islands,FO,1968,65186666.6666667,1735.53425630103,,,
FRO,Faroe Islands,FO,1969,70106666.6666667,1849.43853817677,,,
FRO,Faroe Islands,FO,1970,84933333.3333333,2219.37686726419,,,
FRO,Faroe Islands,FO,1971,99219082.8537991,2563.60186171096,,,
FRO,Faroe Islands,FO,1972,119335897.815202,3046.4591497805,,,
FRO,Faroe Islands,FO,1973,161236465.823622,4067.92980683272,,,
FRO,Faroe Islands,FO,1974,196771070.895339,4906.27514325385,,,
FRO,Faroe Islands,FO,1975,227404436.013679,5605.51262112203,,,
FRO,Faroe Islands,FO,1976,270470345.449357,6593.6212932559,,,
FRO,Faroe Islands,FO,1977,347798304.635267,8387.1492388171,,,
FRO,Faroe Islands,FO,1978,397833034.884512,9479.43754490354,,,
FRO,Faroe Islands,FO,1979,448568492.658561,10549.3401533022,,,
FRO,Faroe Islands,FO,1980,493014300.005217,11446.2829681746,,,
FRO,Faroe Islands,FO,1981,456244919.010912,10458.0965252581,,,
FRO,Faroe Islands,FO,1982,444047495.320099,10052.9192302665,,,
FRO,Faroe Islands,FO,1983,486605127.702681,10893.3317148574,,,
FRO,Faroe Islands,FO,1984,426008864.692169,9437.29347360867,,,
FRO,Faroe Islands,FO,1985,459307281.195335,10048.9483272876,,,
FRO,Faroe Islands,FO,1986,688914288.878298,14933.8685239492,,,
FRO,Faroe Islands,FO,1987,886508622.334316,18982.6475307663,,,
FRO,Faroe Islands,FO,1988,968576956.930265,20453.530924512,,,
FRO,Faroe Islands,FO,1989,871935350.384909,18181.2283745133,,,
FRO,Faroe Islands,FO,1990,960805408.949872,20125.7940710069,,,
FRO,Faroe Islands,FO,1991,909253214.82608,19163.9593395877,,,
FRO,Faroe Islands,FO,1992,912670413.325883,19301.0703659832,,,
FRO,Faroe Islands,FO,1993,760957189.757646,16374.1783348965,,,
FRO,Faroe Islands,FO,1994,758739178.612171,16976.3095407028,,,
FRO,Faroe Islands,FO,1995,901404709.830684,20669.6791981354,,,
FRO,Faroe Islands,FO,1996,989536914.659081,22706.2164905709,,,
FRO,Faroe Islands,FO,1997,933763083.395627,21158.8924655147,,,
FRO,Faroe Islands,FO,1998,1104744235.30111,24729.019906458,,,
FRO,Faroe Islands,FO,1999,1127684827.35686,24978.6210817538,,,
FRO,Faroe Islands,FO,2000,1067109530.64798,23322.7593357515,,,
FRO,Faroe Islands,FO,2001,1160268212.07291,24879.7729617864,,,
FRO,Faroe Islands,FO,2002,1275093689.27107,26937.6505602847,,,
FRO,Faroe Islands,FO,2003,1501941580.88903,31269.6031997217,,,
FRO,Faroe Islands,FO,2004,1724770770.83393,35647.5440400531,,,
FRO,Faroe Islands,FO,2005,1759739599.22694,36389.081644098,,,
FRO,Faroe Islands,FO,2006,2017680834.89917,41743.6812847661,,,
FRO,Faroe Islands,FO,2007,2339015313.29513,48348.7393711011,,,
FRO,Faroe Islands,FO,2008,2489873249.62815,51287.8911081663,1998199787.80028,,
FRO,Faroe Islands,FO,2009,2296065170.05552,47059.1947296738,1918979131.17117,,
FRO,Faroe Islands,FO,2010,2331796784.36009,47923.1515374991,1934923023.29485,,
FRO,Faroe Islands,FO,2011,2505740669.27039,51618.9907766392,2045272662.96326,,
FRO,Faroe Islands,FO,2012,2427200388.91831,50261.9616267693,2230891736.82277,,
FRO,Faroe Islands,FO,2013,2690110520.92548,55758.2083680611,2401726483.99146,,
FRO,Faroe Islands,FO,2014,2914012679.27277,60172.0632541664,2576292786.11625,,
FRO,Faroe Islands,FO,2015,2573905971.05459,52635.0375463609,2625111870.01827,,
FRO,Faroe Islands,FO,2016,2813278868.78208,56875.2803813296,2686800585.70181,,
FRO,Faroe Islands,FO,2017,2980057377.87967,59387.353086482,2830966519.25388,,
FRO,Faroe Islands,FO,2018,3188600927.46688,62526.4908515743,3005353972.7185,,
FRO,Faroe Islands,FO,2019,3266432734.22819,63067.0695697911,3222676562.5199,,
FRO,Faroe Islands,FO,2020,3271813311.5831,62240.822409175,3240676994.6779,,
FRO,Faroe Islands,FO,2021,3664686796.62669,68749.4005557957,3612505897.96273,,
FRO,Faroe Islands,FO,2022,3566698397.6602,66139.3809716876,4007679026.98816,,
FRO,Faroe Islands,FO,2023,3907323961.33964,71774.3522353393,4255233982.57627,,
FRO,Faroe Islands,FO,2024,,,,,
FSM,"Micronesia, Fed. Sts.",FM,1960,,,,,
FSM,"Micronesia, Fed. Sts.",FM,1961,,,,,
FSM,"Micronesia, Fed. Sts.",FM,1962,,,,,
FSM,"Micronesia, Fed. Sts.",FM,1963,,,,,
FSM,"Micronesia, Fed. Sts.",FM,1964,,,,,
FSM,"Micronesia, Fed. Sts.",FM,1965,,,,,
FSM,"Micronesia, Fed. Sts.",FM,1966,,,,,
FSM,"Micronesia, Fed. Sts.",FM,1967,,,,,
FSM,"Micronesia, Fed. Sts.",FM,1968,,,,,
FSM,"Micronesia, Fed. Sts.",FM,1969,,,,,
FSM,"Micronesia, Fed. Sts.",FM,1970,19885926.0,337.4957740742,,,
FSM,"Micronesia, Fed. Sts.",FM,1971,21783158.0,359.244640147767,,,
FSM,"Micronesia, Fed. Sts.",FM,1972,25100928.0,403.046469058094,,,
FSM,"Micronesia, Fed. Sts.",FM,1973,34821467.0,544.204466602069,,,
FSM,"Micronesia, Fed. Sts.",FM,1974,46095175.0,701.077963162938,,,
FSM,"Micronesia, Fed. Sts.",FM,1975,46119184.0,683.97674556564,,,
FSM,"Micronesia, Fed. Sts.",FM,1976,46813193.0,677.970615070457,,,
FSM,"Micronesia, Fed. Sts.",FM,1977,47305560.0,668.601472729072,,,
FSM,"Micronesia, Fed. Sts.",FM,1978,53656834.0,737.510432416087,,,
FSM,"Micronesia, Fed. Sts.",FM,1979,60270778.0,803.032190156421,,,
FSM,"Micronesia, Fed. Sts.",FM,1980,64186644.0,829.209813066002,,,
FSM,"Micronesia, Fed. Sts.",FM,1981,76472529.0,958.37442664862,,,
FSM,"Micronesia, Fed. Sts.",FM,1982,80055706.0,973.688636446563,,,
FSM,"Micronesia, Fed. Sts.",FM,1983,84110353.0,993.272945205479,,,
FSM,"Micronesia, Fed. Sts.",FM,1984,84676118.0,971.323735890612,,,
FSM,"Micronesia, Fed. Sts.",FM,1985,101931941.0,1136.27633295061,,,
FSM,"Micronesia, Fed. Sts.",FM,1986,112210000.0,1216.15763119676,,,
FSM,"Micronesia, Fed. Sts.",FM,1987,116700000.0,1230.44156720509,,,
FSM,"Micronesia, Fed. Sts.",FM,1988,124700000.0,1284.2827275817,,,
FSM,"Micronesia, Fed. Sts.",FM,1989,135200000.0,1365.61518337828,,,
FSM,"Micronesia, Fed. Sts.",FM,1990,147200000.0,1459.04369201491,170359027.513174,,
FSM,"Micronesia, Fed. Sts.",FM,1991,166200000.0,1617.45528154622,189201300.224395,,
FSM,"Micronesia, Fed. Sts.",FM,1992,178100000.0,1699.3301910196,201268951.239895,,
FSM,"Micronesia, Fed. Sts.",FM,1993,198400000.0,1853.06259690284,222812658.832926,,
FSM,"Micronesia, Fed. Sts.",FM,1994,202500000.0,1856.5207426083,226353740.598516,,
FSM,"Micronesia, Fed. Sts.",FM,1995,221575300.0,2010.11793522635,247310078.770784,,
FSM,"Micronesia, Fed. Sts.",FM,1996,218534700.0,1973.93821696324,243823331.39113,,
FSM,"Micronesia, Fed. Sts.",FM,1997,206626300.0,1860.30827128593,232995119.710571,,
FSM,"Micronesia, Fed. Sts.",FM,1998,218873100.0,1965.15528340681,242329876.840434,,
FSM,"Micronesia, Fed. Sts.",FM,1999,220140500.0,1971.17209885387,249136889.547606,,
FSM,"Micronesia, Fed. Sts.",FM,2000,233271800.0,2081.9660133519,267096162.189812,,
FSM,"Micronesia, Fed. Sts.",FM,2001,240970900.0,2144.5369999555,279030285.937488,,
FSM,"Micronesia, Fed. Sts.",FM,2002,242517200.0,2156.70532157086,284916409.289686,,
FSM,"Micronesia, Fed. Sts.",FM,2003,245432900.0,2185.80309035045,295109203.43323,,
FSM,"Micronesia, Fed. Sts.",FM,2004,240236000.0,2146.40160821979,293710700.21797,,
FSM,"Micronesia, Fed. Sts.",FM,2005,250281900.0,2246.45370337127,309105087.030946,,
FSM,"Micronesia, Fed. Sts.",FM,2006,253541900.0,2289.75155559971,318379110.787809,,
FSM,"Micronesia, Fed. Sts.",FM,2007,256787200.0,2336.97852202403,321000409.377143,,
FSM,"Micronesia, Fed. Sts.",FM,2008,263145100.0,2415.59355952119,319304925.186308,26.6089754283853,
FSM,"Micronesia, Fed. Sts.",FM,2009,280284600.0,2596.26147447595,324786183.713316,25.4416218372326,0.2351162590945282
FSM,"Micronesia, Fed. Sts.",FM,2010,296944100.0,2761.24325832248,336160633.368378,24.1548813396191,0.036709204635147374
FSM,"Micronesia, Fed. Sts.",FM,2011,311301600.0,2890.50493045368,354035867.533622,25.2019616988798,0.3763651394889724
FSM,"Micronesia, Fed. Sts.",FM,2012,327248700.0,3033.16989526369,353896313.363654,27.1151720388805,-73.6627074802314
FSM,"Micronesia, Fed. Sts.",FM,2013,317214400.0,2933.88333441237,346675014.236183,26.3230241123984,0.7247484015847571
FSM,"Micronesia, Fed. Sts.",FM,2014,319271200.0,2945.41495996162,344580003.395156,23.3897348085264,4.211785365117551
FSM,"Micronesia, Fed. Sts.",FM,2015,316489900.0,2911.16211045292,363851742.254515,29.9431447891386,1.0424768697113966
FSM,"Micronesia, Fed. Sts.",FM,2016,325000000.0,2979.60119184048,369087659.091328,25.9593969230769,-1.9860875036987078
FSM,"Micronesia, Fed. Sts.",FM,2017,359000000.0,3279.10779039285,378789451.810149,31.5972203342618,2.995939187982588
FSM,"Micronesia, Fed. Sts.",FM,2018,392000000.0,3566.58690371125,387467102.531755,23.6979660714286,-2.3667689169447024
FSM,"Micronesia, Fed. Sts.",FM,2019,394000000.0,3572.65918282222,409938118.692852,24.1514441624365,0.10060350559105824
FSM,"Micronesia, Fed. Sts.",FM,2020,372902690.041619,3362.02793142215,408436301.392917,27.795565912499,-5.655630015959739
FSM,"Micronesia, Fed. Sts.",FM,2021,391601946.963072,3508.22356270221,440323830.730667,,
FSM,"Micronesia, Fed. Sts.",FM,2022,415956896.458884,3710.12448453257,458009181.572488,,
FSM,"Micronesia, Fed. Sts.",FM,2023,443916782.295594,3941.37247887414,476777887.975835,,
FSM,"Micronesia, Fed. Sts.",FM,2024,471425099.488675,4166.00476748564,491818179.321161,,
GAB,Gabon,GA,1960,141468977.799846,276.136169473227,,,
GAB,Gabon,GA,1961,167637907.122782,323.4592026542,,,
GAB,Gabon,GA,1962,182796536.266025,348.416820133128,,,
GAB,Gabon,GA,1963,154480244.055222,290.675816546409,,,
GAB,Gabon,GA,1964,215679855.342091,400.402956504958,,,
GAB,Gabon,GA,1965,226474285.779063,414.554218095035,,,
GAB,Gabon,GA,1966,245849781.273234,443.401599878142,,,
GAB,Gabon,GA,1967,271543680.048895,482.22309050643,,,
GAB,Gabon,GA,1968,294468564.245272,514.573983796217,,,
GAB,Gabon,GA,1969,318124701.478771,545.410237141201,,,
GAB,Gabon,GA,1970,323802475.512425,543.433161441757,,,
GAB,Gabon,GA,1971,381687072.622379,627.415677576616,,,
GAB,Gabon,GA,1972,430508358.514204,693.294831412979,,,
GAB,Gabon,GA,1973,722780701.295854,1140.0416427509,,,
GAB,Gabon,GA,1974,1544216001.66059,2384.18628892572,,,
GAB,Gabon,GA,1975,2157592940.04234,3258.23424153589,,,
GAB,Gabon,GA,1976,3009409974.26856,4441.09448586623,,,
GAB,Gabon,GA,1977,2809349069.22118,4048.1467428949,,,
GAB,Gabon,GA,1978,2389479271.66616,3359.57268123664,,,
GAB,Gabon,GA,1979,3030251120.09759,4154.58594015093,,,
GAB,Gabon,GA,1980,4279637942.25144,5718.46719052717,,,
GAB,Gabon,GA,1981,3862269120.53497,5026.47646757156,,,
GAB,Gabon,GA,1982,3618007841.13503,4583.89967785445,,,
GAB,Gabon,GA,1983,3391275731.53751,4181.57191575578,,,
GAB,Gabon,GA,1984,3561451560.50783,4272.88216871705,,,
GAB,Gabon,GA,1985,3339914757.22872,3898.46316935487,,,
GAB,Gabon,GA,1986,3403638189.20049,3864.67453823981,,,
GAB,Gabon,GA,1987,3281797043.04996,3624.37675865476,,,
GAB,Gabon,GA,1988,3834503376.02992,4118.60473032795,,,
GAB,Gabon,GA,1989,4186411463.85975,4373.88491926948,,,
GAB,Gabon,GA,1990,5952293764.84777,6050.71468999523,11757612733.8091,,
GAB,Gabon,GA,1991,5402919784.57004,5345.0965303052,12898222054.5417,,
GAB,Gabon,GA,1992,5592390827.39854,5385.68811745078,12784496983.8552,,
GAB,Gabon,GA,1993,4378645081.01769,4105.98701339331,13604037704.1721,,
GAB,Gabon,GA,1994,4190819344.22255,3828.21118114454,14410380028.6111,,
GAB,Gabon,GA,1995,4958845648.04778,4414.8755828572,15444299194.9321,,
GAB,Gabon,GA,1996,5694040002.89863,4942.67870027615,16297161147.8326,,
GAB,Gabon,GA,1997,5326817114.53586,4508.75340541142,17529515073.7101,,
GAB,Gabon,GA,1998,4483417309.83011,3699.99513906504,18343022247.1015,,
GAB,Gabon,GA,1999,4662992036.2073,3751.35318950625,16940894455.8258,,
GAB,Gabon,GA,2000,5080483628.53013,3982.906200928,16998421652.8646,,
GAB,Gabon,GA,2001,5023265413.2623,3835.75718279727,17752302023.4446,,
GAB,Gabon,GA,2002,5335451099.88223,3966.48001864663,17983275720.5166,,
GAB,Gabon,GA,2003,6511903365.47554,4710.74862768151,18750444795.4871,,
GAB,Gabon,GA,2004,7770219008.21293,5465.79193590708,19387429857.7863,,
GAB,Gabon,GA,2005,9582783990.85345,6547.87613955186,20530429168.5376,,
GAB,Gabon,GA,2006,10327598306.4575,6847.00985685394,20569582356.7902,,
GAB,Gabon,GA,2007,12455409587.3371,8003.54289696049,22396190414.5224,,
GAB,Gabon,GA,2008,15571348344.3379,9688.64519690633,22072461364.6681,,
GAB,Gabon,GA,2009,12113699068.2517,7290.57526093114,22237544766.3983,,
GAB,Gabon,GA,2010,14372593020.2885,8356.74662013345,24103571966.9166,,
GAB,Gabon,GA,2011,18210307743.5816,10219.1139339454,26345487003.7203,,
GAB,Gabon,GA,2012,17170464016.0593,9296.96587941088,27000996624.1983,,
GAB,Gabon,GA,2013,17595744798.3398,9197.70106323947,27735514310.3286,,
GAB,Gabon,GA,2014,18203966895.8433,9201.36276648105,29386488339.4855,,
GAB,Gabon,GA,2015,14383107762.6952,7047.12654634355,29199274580.0253,,
GAB,Gabon,GA,2016,14023890265.3665,6677.07003901644,29399527403.7982,,
GAB,Gabon,GA,2017,14929487485.1623,6921.73373135624,31914848308.0448,,
GAB,Gabon,GA,2018,16867326401.9626,7624.2775233771,34140586624.1111,,
GAB,Gabon,GA,2019,16874405465.391,7441.1786472281,36169088370.7584,,
GAB,Gabon,GA,2020,15342236163.9943,6605.80346077904,33623700958.8772,,
GAB,Gabon,GA,2021,19444935097.2333,8181.40914134398,44025399637.0532,,
GAB,Gabon,GA,2022,20440655695.229,8409.20741452279,48596848106.4511,,
GAB,Gabon,GA,2023,20055720403.471,8071.39777400455,51576945114.2288,,
GAB,Gabon,GA,2024,20867044935.6729,8218.76307061848,54611645902.5402,,
GBR,United Kingdom,GB,1960,73233967692.1028,1397.5948032844,,,
GBR,United Kingdom,GB,1961,77741965703.3544,1472.38571407868,,,
GBR,United Kingdom,GB,1962,81247564156.8246,1525.77585271032,,,
GBR,United Kingdom,GB,1963,86561961812.3249,1613.45688373392,,,
GBR,United Kingdom,GB,1964,94407558351.1616,1748.2881176141,,,
GBR,United Kingdom,GB,1965,101824755078.991,1873.56777435421,,,
GBR,United Kingdom,GB,1966,108572752102.045,1986.74715869685,,,
GBR,United Kingdom,GB,1967,113116888210.787,2058.78188198056,,,
GBR,United Kingdom,GB,1968,107759910067.889,1951.75859587532,,,
GBR,United Kingdom,GB,1969,116464702803.218,2100.66786858672,,,
GBR,United Kingdom,GB,1970,130671946244.3,2347.54431773747,,,
GBR,United Kingdom,GB,1971,148113896325.14,2649.80151387223,,,
GBR,United Kingdom,GB,1972,169965034965.035,3030.43251411977,,,
GBR,United Kingdom,GB,1973,192537971582.558,3426.27622050378,,,
GBR,United Kingdom,GB,1974,206131369798.971,3665.8627976419,,,
GBR,United Kingdom,GB,1975,241756637168.142,4299.74561799284,,,
GBR,United Kingdom,GB,1976,232614555256.065,4138.16778761535,,,
GBR,United Kingdom,GB,1977,263066457352.172,4681.43993173038,,,
GBR,United Kingdom,GB,1978,335883029721.956,5976.93816899991,,,
GBR,United Kingdom,GB,1979,438994070309.191,7804.76208051155,,,
GBR,United Kingdom,GB,1980,564947710899.373,10032.062080015,,,
GBR,United Kingdom,GB,1981,540765675241.158,9599.30622221965,,,
GBR,United Kingdom,GB,1982,515048916841.37,9146.07735701852,,,
GBR,United Kingdom,GB,1983,489618008185.539,8691.51881306514,,,
GBR,United Kingdom,GB,1984,461487097632.349,8179.19444064991,,,
GBR,United Kingdom,GB,1985,489285164271.047,8652.21654247593,,,
GBR,United Kingdom,GB,1986,601452653180.885,10611.112210096,,,
GBR,United Kingdom,GB,1987,745162608269.325,13118.586534629,,,
GBR,United Kingdom,GB,1988,910122732123.799,15987.1680775688,,,
GBR,United Kingdom,GB,1989,926884816753.927,16239.2821960944,,,
GBR,United Kingdom,GB,1990,1093169389204.55,19095.4669984608,976325796619.738,30.2033709452908,
GBR,United Kingdom,GB,1991,1142797178130.51,19900.7266505069,998208368444.485,29.1948960284953,0.15831970381299984
GBR,United Kingdom,GB,1992,1179659529659.53,20487.1707852878,1025052535905.89,30.3997500632281,0.9303734480749486
GBR,United Kingdom,GB,1993,1061388722255.55,18389.0195675099,1075475712162.61,35.3135500060757,0.32129052117880424
GBR,United Kingdom,GB,1994,1140489745944.29,19709.2380983653,1140688764185.98,40.4800884599488,1.3318993383595346
GBR,United Kingdom,GB,1995,1344240176739.78,23168.9529580171,1194092093587.88,88.5375860631923,13.641219629954007
GBR,United Kingdom,GB,1996,1419645865834.63,24406.400298359,1276092434676.89,87.5361678606319,0.6407995877662802
GBR,United Kingdom,GB,1997,1560911918795.02,26766.0056249684,1345091654521.78,88.697982494323,2.0550057328160647
GBR,United Kingdom,GB,1998,1653694932096.72,28274.5045119699,1385425367480.76,90.4868397728195,2.7738309926182514
GBR,United Kingdom,GB,1999,1687830448147.55,28762.0913570256,1437339061115.79,87.5879944174348,-0.34748914159676925
GBR,United Kingdom,GB,2000,1665534876683.31,28280.926786099,1562409690541.96,87.6021120106981,-0.15425772252368902
GBR,United Kingdom,GB,2001,1649827263567.01,27906.5695029641,1650357031262.37,84.3649308327553,-0.7637308636157578
GBR,United Kingdom,GB,2002,1785729916067.15,30077.741432188,1727031050462.62,86.4005626809262,1.9694424167464115
GBR,United Kingdom,GB,2003,2054422857142.86,34442.6875402308,1808366865946.19,86.6935169835672,2.9282393212851594
GBR,United Kingdom,GB,2004,2421525082387.4,40366.8886650968,1922940594923.09,90.5118335567506,3.584725112829536
GBR,United Kingdom,GB,2005,2543180000000.0,42104.7884375024,1976697912294.61,92.159207977986,2.8276670187717583
GBR,United Kingdom,GB,2006,2708441582336.71,44512.4590296865,2113503098384.48,92.1648082454393,1.1143981431060321
GBR,United Kingdom,GB,2007,3090510204081.63,50397.6854954706,2178376960471.15,93.8024921065597,6.208133545335465
GBR,United Kingdom,GB,2008,2929411764705.88,47396.1202078484,2271085135764.89,105.406814759036,2.0367571847743067
GBR,United Kingdom,GB,2009,2412840006231.5,38744.131693043,2181122499274.74,123.728597974434,1.1385451257608277
GBR,United Kingdom,GB,2010,2485482596184.71,39598.957119545,2290198529537.39,131.087940527915,2.5009604381909796
GBR,United Kingdom,GB,2011,2663805834828.07,42109.6418795749,2354769903633.16,143.759014549588,8.847466515079054
GBR,United Kingdom,GB,2012,2707089726614.64,42490.1465463521,2442462879506.98,147.053681621506,1.7266387485697705
GBR,United Kingdom,GB,2013,2784853502534.29,43419.0352598932,2562195072837.32,141.643327770171,-0.3033096802166099
GBR,United Kingdom,GB,2014,3064708247921.43,47426.6209829995,2666661894153.29,150.591619713999,6.419594346718652
GBR,United Kingdom,GB,2015,2927911140916.73,44983.885522934,2767977872942.74,147.949412742616,-2.7968584504360234
GBR,United Kingdom,GB,2016,2689106566899.61,40988.1044233026,2892297884267.13,156.604465153177,-0.9698067176429235
GBR,United Kingdom,GB,2017,2680148052335.3,40629.2340347345,3041891554350.64,161.26972526053,0.7420530830116119
GBR,United Kingdom,GB,2018,2871340347581.79,43315.4874501318,3129649825363.45,158.16278741293,2.496910282552195
GBR,United Kingdom,GB,2019,2851407164907.81,42794.0022648288,3335878386954.67,160.321918277325,0.14565749088314592
GBR,United Kingdom,GB,2020,2696778386607.65,40404.8062238951,3219066303872.09,196.640576642773,-6.262450649120865
GBR,United Kingdom,GB,2021,3143323050707.26,46926.475736105,3416480549650.65,186.794915550888,2.8802737391863613
GBR,United Kingdom,GB,2022,3114042471144.39,46062.9914079698,3957840318954.8,141.244397228023,-2.721216469707851
GBR,United Kingdom,GB,2023,3369861888972.88,49200.8101526146,3966748015298.24,138.644282850488,30.727398046902394
GBR,United Kingdom,GB,2024,3643834188782.91,52636.7865943853,4196506479513.42,,
GEO,Georgia,GE,1960,,,,,
GEO,Georgia,GE,1961,,,,,
GEO,Georgia,GE,1962,,,,,
GEO,Georgia,GE,1963,,,,,
GEO,Georgia,GE,1964,,,,,
GEO,Georgia,GE,1965,,,,,
GEO,Georgia,GE,1966,,,,,
GEO,Georgia,GE,1967,,,,,
GEO,Georgia,GE,1968,,,,,
GEO,Georgia,GE,1969,,,,,
GEO,Georgia,GE,1970,,,,,
GEO,Georgia,GE,1971,,,,,
GEO,Georgia,GE,1972,,,,,
GEO,Georgia,GE,1973,,,,,
GEO,Georgia,GE,1974,,,,,
GEO,Georgia,GE,1975,,,,,
GEO,Georgia,GE,1976,,,,,
GEO,Georgia,GE,1977,,,,,
GEO,Georgia,GE,1978,,,,,
GEO,Georgia,GE,1979,,,,,
GEO,Georgia,GE,1980,,,,,
GEO,Georgia,GE,1981,,,,,
GEO,Georgia,GE,1982,,,,,
GEO,Georgia,GE,1983,,,,,
GEO,Georgia,GE,1984,,,,,
GEO,Georgia,GE,1985,,,,,
GEO,Georgia,GE,1986,,,,,
GEO,Georgia,GE,1987,7321981333.6772,1543.58202459728,,,
GEO,Georgia,GE,1988,8833588173.40023,1843.90343235858,,,
GEO,Georgia,GE,1989,8902632715.25406,1853.44090838675,,,
GEO,Georgia,GE,1990,7735927263.59261,1610.98027146868,28022459545.8336,,
GEO,Georgia,GE,1991,6324503311.25828,1307.82342713006,22857472829.4998,,
GEO,Georgia,GE,1992,3690328963.64086,757.223548505358,12881529747.2177,,
GEO,Georgia,GE,1993,2701181331.30816,550.015542609224,9323090781.77196,,
GEO,Georgia,GE,1994,2513867645.13316,519.815578814965,8532021446.72769,,
GEO,Georgia,GE,1995,2693732611.81599,578.336923460866,8937096710.89684,61.051634865257,
GEO,Georgia,GE,1996,3094936177.1918,689.034634153312,10120225606.8271,46.4029985782603,-0.17616390642542423
GEO,Georgia,GE,1997,3510520231.21387,807.032285752352,11377833455.4344,45.902215196821,0.13936248962937378
GEO,Georgia,GE,1998,3613497316.55319,851.515542450841,11862555570.6286,56.9064733876267,0.9178606129183319
GEO,Georgia,GE,1999,2800025882.71672,673.537782887275,12375370151.8663,60.7776033305696,-0.6913322624337928
GEO,Georgia,GE,2000,3057475335.18846,749.908534993961,12888609494.7752,58.5196339627013,0.1703586284047465
GEO,Georgia,GE,2001,3219462262.0075,801.98383707929,13812366303.4007,56.0323643991609,0.015932171272705364
GEO,Georgia,GE,2002,3395766677.67315,853.526171868939,14794851741.4758,55.4493025751073,0.08039621804563131
GEO,Georgia,GE,2003,3991377904.13162,1010.03151630868,16755117267.3118,45.5074088345535,-0.03395268549349209
GEO,Georgia,GE,2004,5125365191.98664,1305.04748557208,18202347365.1109,36.9156072188349,0.0522978494950902
GEO,Georgia,GE,2005,6410912049.87105,1642.78359414797,20573625162.1065,29.2292335361289,-0.0076748611972382004
GEO,Georgia,GE,2006,7745250733.95067,1996.02013272284,23206197564.9782,23.090087672862,-0.03246834533675147
GEO,Georgia,GE,2007,10172931088.5655,2635.36650276116,26832289624.2339,19.2040626581459,0.04556720369086297
GEO,Georgia,GE,2008,12795145130.9103,3324.7537205015,28011563812.9666,23.4732554299105,0.8902264196220485
GEO,Georgia,GE,2009,10766920065.8251,2822.68939668797,27155393525.016,30.8567774936061,-0.372457994522402
GEO,Georgia,GE,2010,12426907967.1578,3281.72930937343,29202260397.809,31.4208316402546,0.2844900518759089
GEO,Georgia,GE,2011,15475290469.2869,4119.66818307193,32169542974.1089,27.6972297789187,0.12859878355747617
GEO,Georgia,GE,2012,16894392033.2256,4530.69533409431,37512405545.4749,28.1048141377209,0.08645379031046022
GEO,Georgia,GE,2013,17517660143.6859,4712.00229382665,40140934055.4256,28.9477658041046,0.12281919366483937
GEO,Georgia,GE,2014,17966015109.3043,4830.33486170249,43780102412.4376,30.3921568627451,0.10697176471679125
GEO,Georgia,GE,2015,15223796148.8396,4086.6223465965,45707843451.6546,36.0003473428274,0.01056158370226906
GEO,Georgia,GE,2016,15444548901.9637,4143.40125686315,48700949298.4327,39.4788389461877,0.20604319599624699
GEO,Georgia,GE,2017,16473125375.0684,4418.75206546679,51144255243.8394,38.8413159167876,0.12321423843515367
GEO,Georgia,GE,2018,17902544880.6471,4804.0546040444,55979867879.6125,38.2238727024287,0.09195676553686609
GEO,Georgia,GE,2019,17638337116.9126,4741.2832715876,62387596154.4602,44.723685798174,0.1631574345342899
GEO,Georgia,GE,2020,16010869215.68,4300.85701291207,62509091761.2555,65.193315792645,20.984314774692784
GEO,Georgia,GE,2021,18853115588.8106,5083.60695484577,70150781357.7257,54.7271260127791,-0.015735813629215018
GEO,Georgia,GE,2022,24984568959.605,6729.84659930283,83387742354.0657,42.9693933571232,0.0315744217518403
GEO,Georgia,GE,2023,30777833600.6515,8283.66960652261,93154469864.0276,43.4063813624702,0.2686494642442565
GEO,Georgia,GE,2024,33776141250.5716,9193.66366361489,104402557696.264,40.5926427243512,0.031212817800485775
GHA,Ghana,GH,1960,1217230094.97205,174.858856531804,,,
GHA,Ghana,GH,1961,1302674324.88378,181.870010833085,,,
GHA,Ghana,GH,1962,1382515654.47343,188.421016299893,,,
GHA,Ghana,GH,1963,1540797588.57221,205.037422391885,,,
GHA,Ghana,GH,1964,1731296199.52296,224.968154393354,,,
GHA,Ghana,GH,1965,2053462968.0426,260.50559523622,,,
GHA,Ghana,GH,1966,2126300672.22965,263.334589411514,,,
GHA,Ghana,GH,1967,1747187644.9031,211.219296540365,,,
GHA,Ghana,GH,1968,1666909517.65205,196.668571830464,,,
GHA,Ghana,GH,1969,1962050555.7775,225.772621963554,,,
GHA,Ghana,GH,1970,2215028588.45646,248.159869409818,,,
GHA,Ghana,GH,1971,2417108577.52739,263.408787882235,,,
GHA,Ghana,GH,1972,2112293279.98507,223.80286383233,,,
GHA,Ghana,GH,1973,3006766758.43977,309.509552300391,,,
GHA,Ghana,GH,1974,2894409937.8882,289.425856816508,,,
GHA,Ghana,GH,1975,2810106382.97872,272.976715188503,,,
GHA,Ghana,GH,1976,2765254237.28814,260.998295813107,,,
GHA,Ghana,GH,1977,3189428571.42857,292.28979809499,,,
GHA,Ghana,GH,1978,3662478184.99127,325.598476678233,,,
GHA,Ghana,GH,1979,4020227920.22792,346.653403777697,,,
GHA,Ghana,GH,1980,4445228215.76763,372.252026367961,,,
GHA,Ghana,GH,1981,4222441860.46512,343.799126739425,,,
GHA,Ghana,GH,1982,4035994397.7591,319.206910329791,,,
GHA,Ghana,GH,1983,4057275132.27513,311.383438154949,,,
GHA,Ghana,GH,1984,4412279843.44423,329.998888863111,,,
GHA,Ghana,GH,1985,4504306722.68908,329.714604937014,,,
GHA,Ghana,GH,1986,5735677433.82683,410.711658388611,,,
GHA,Ghana,GH,1987,5074829931.97279,355.153724919203,,,
GHA,Ghana,GH,1988,5197765031.64557,355.121844932881,,,
GHA,Ghana,GH,1989,5251858439.874,349.964941914982,,,
GHA,Ghana,GH,1990,5889106573.46088,382.54246368354,24333557878.9633,,
GHA,Ghana,GH,1991,6603185267.79643,418.254121349986,26485194122.332,,
GHA,Ghana,GH,1992,6416103925.83267,396.426407640517,28139639378.7039,,
GHA,Ghana,GH,1993,5968922939.37198,359.800844097528,30203762449.6286,,
GHA,Ghana,GH,1994,5446383726.77047,320.50390343252,31866678827.5757,,
GHA,Ghana,GH,1995,6464382807.67884,371.537243033836,33872792081.098,,
GHA,Ghana,GH,1996,6932991739.37767,389.271267898831,36080446541.4589,,
GHA,Ghana,GH,1997,6891443192.24985,377.841935501461,38242808822.1086,,
GHA,Ghana,GH,1998,7482069162.42008,400.366799508524,40490370239.6038,,
GHA,Ghana,GH,1999,7718109982.26093,403.037326127273,42870134747.5041,,
GHA,Ghana,GH,2000,4982850662.20851,253.746936203344,45463352404.9227,,
GHA,Ghana,GH,2001,5314872854.4405,263.542156494853,48346528033.264,,
GHA,Ghana,GH,2002,6166197847.85031,297.46164468774,51307232650.7283,,
GHA,Ghana,GH,2003,7632723555.66221,358.39927142073,55040849301.8123,,
GHA,Ghana,GH,2004,8881417906.71432,406.132105329565,59686118924.2188,,
GHA,Ghana,GH,2005,10744568381.4456,478.611909191028,65189447865.4801,,
GHA,Ghana,GH,2006,20885037596.6963,906.441027564887,71500511453.8474,,
GHA,Ghana,GH,2007,24827339138.4906,1050.12461524926,76629846715.9998,,
GHA,Ghana,GH,2008,28679383241.0729,1182.65761256016,85252849111.8402,,
GHA,Ghana,GH,2009,26048720005.5233,1047.70430093586,89934208912.4295,,
GHA,Ghana,GH,2010,32197655566.5347,1263.89251760539,98218051387.4992,,
GHA,Ghana,GH,2011,39336668080.559,1507.43573198753,114325851683.939,,
GHA,Ghana,GH,2012,41271701060.954,1543.77524235764,131897589316.568,,
GHA,Ghana,GH,2013,62845721959.827,2294.79584693743,142807202863.437,,
GHA,Ghana,GH,2014,54678533805.9064,1949.90832923846,154709158599.11,,
GHA,Ghana,GH,2015,49436806230.4839,1722.77282833606,148971921853.893,,
GHA,Ghana,GH,2016,56144179397.8516,1912.47991339951,147108962613.394,,
GHA,Ghana,GH,2017,60385409434.8567,2012.28662641265,155172026664.996,,
GHA,Ghana,GH,2018,67259353965.6087,2195.32166016377,169624926668.068,,
GHA,Ghana,GH,2019,68352629246.1555,2186.65822682613,187633394275.742,,
GHA,Ghana,GH,2020,70008243859.8666,2195.45481659987,192835182975.95,,
GHA,Ghana,GH,2021,79514204730.3979,2445.18662529344,214867175690.96,,
GHA,Ghana,GH,2022,73919003209.9866,2229.89122647803,238944324844.797,,
GHA,Ghana,GH,2023,80547146878.3843,2383.90410483418,255315535798.758,,
GHA,Ghana,GH,2024,82825288888.9734,2405.79466378083,276354650562.227,,
GIB,Gibraltar,GI,1960,,,,,
GIB,Gibraltar,GI,1961,,,,,
GIB,Gibraltar,GI,1962,,,,,
GIB,Gibraltar,GI,1963,,,,,
GIB,Gibraltar,GI,1964,,,,,
GIB,Gibraltar,GI,1965,,,,,
GIB,Gibraltar,GI,1966,,,,,
GIB,Gibraltar,GI,1967,,,,,
GIB,Gibraltar,GI,1968,,,,,
GIB,Gibraltar,GI,1969,,,,,
GIB,Gibraltar,GI,1970,,,,,
GIB,Gibraltar,GI,1971,,,,,
GIB,Gibraltar,GI,1972,,,,,
GIB,Gibraltar,GI,1973,,,,,
GIB,Gibraltar,GI,1974,,,,,
GIB,Gibraltar,GI,1975,,,,,
GIB,Gibraltar,GI,1976,,,,,
GIB,Gibraltar,GI,1977,,,,,
GIB,Gibraltar,GI,1978,,,,,
GIB,Gibraltar,GI,1979,,,,,
GIB,Gibraltar,GI,1980,,,,,
GIB,Gibraltar,GI,1981,,,,,
GIB,Gibraltar,GI,1982,,,,,
GIB,Gibraltar,GI,1983,,,,,
GIB,Gibraltar,GI,1984,,,,,
GIB,Gibraltar,GI,1985,,,,,
GIB,Gibraltar,GI,1986,,,,,
GIB,Gibraltar,GI,1987,,,,,
GIB,Gibraltar,GI,1988,,,,,
GIB,Gibraltar,GI,1989,,,,,
GIB,Gibraltar,GI,1990,,,,,
GIB,Gibraltar,GI,1991,,,,,
GIB,Gibraltar,GI,1992,,,,,
GIB,Gibraltar,GI,1993,,,,,
GIB,Gibraltar,GI,1994,,,,,
GIB,Gibraltar,GI,1995,,,,,
GIB,Gibraltar,GI,1996,,,,,
GIB,Gibraltar,GI,1997,,,,,
GIB,Gibraltar,GI,1998,,,,,
GIB,Gibraltar,GI,1999,,,,,
GIB,Gibraltar,GI,2000,,,,,
GIB,Gibraltar,GI,2001,,,,,
GIB,Gibraltar,GI,2002,,,,,
GIB,Gibraltar,GI,2003,,,,,
GIB,Gibraltar,GI,2004,,,,,
GIB,Gibraltar,GI,2005,,,,,
GIB,Gibraltar,GI,2006,,,,,
GIB,Gibraltar,GI,2007,,,,,
GIB,Gibraltar,GI,2008,,,,,
GIB,Gibraltar,GI,2009,,,,,
GIB,Gibraltar,GI,2010,,,,,
GIB,Gibraltar,GI,2011,,,,,
GIB,Gibraltar,GI,2012,,,,,
GIB,Gibraltar,GI,2013,,,,,
GIB,Gibraltar,GI,2014,,,,,
GIB,Gibraltar,GI,2015,,,,,
GIB,Gibraltar,GI,2016,,,,,
GIB,Gibraltar,GI,2017,,,,,
GIB,Gibraltar,GI,2018,,,,,
GIB,Gibraltar,GI,2019,,,,,
GIB,Gibraltar,GI,2020,,,,,
GIB,Gibraltar,GI,2021,,,,,
GIB,Gibraltar,GI,2022,,,,,
GIB,Gibraltar,GI,2023,,,,,
GIB,Gibraltar,GI,2024,,,,,
GIN,Guinea,GN,1960,,,,,
GIN,Guinea,GN,1961,,,,,
GIN,Guinea,GN,1962,,,,,
GIN,Guinea,GN,1963,,,,,
GIN,Guinea,GN,1964,,,,,
GIN,Guinea,GN,1965,,,,,
GIN,Guinea,GN,1966,,,,,
GIN,Guinea,GN,1967,,,,,
GIN,Guinea,GN,1968,,,,,
GIN,Guinea,GN,1969,,,,,
GIN,Guinea,GN,1970,3220224607.81851,752.822503572388,,,
GIN,Guinea,GN,1971,3594302908.06164,825.289977053096,,,
GIN,Guinea,GN,1972,4203069035.01427,948.497421297055,,,
GIN,Guinea,GN,1973,5152080387.55572,1143.30003514078,,,
GIN,Guinea,GN,1974,5691417541.33871,1242.5292252039,,,
GIN,Guinea,GN,1975,6102769605.43001,1311.33051362563,,,
GIN,Guinea,GN,1976,6762781870.6211,1430.66435286764,,,
GIN,Guinea,GN,1977,6914381290.57116,1440.15766515101,,,
GIN,Guinea,GN,1978,8087305999.0597,1657.96393230706,,,
GIN,Guinea,GN,1979,8877094497.44971,1789.99554924567,,,
GIN,Guinea,GN,1980,9746524915.08071,1930.99184257949,,,
GIN,Guinea,GN,1981,9646440666.52864,1875.53966772396,,,
GIN,Guinea,GN,1982,11926032493.4301,2272.63298724274,,,
GIN,Guinea,GN,1983,15129893722.3449,2822.83932284682,,,
GIN,Guinea,GN,1984,18421497251.1767,3361.5282015455,,,
GIN,Guinea,GN,1985,22787644565.9059,4061.69867242443,,,
GIN,Guinea,GN,1986,2909130355.238,505.876944250303,,,
GIN,Guinea,GN,1987,2976714019.06852,504.510868799406,,,
GIN,Guinea,GN,1988,3476480303.12273,574.001127225182,,,
GIN,Guinea,GN,1989,3546079262.94987,570.493417986787,,,
GIN,Guinea,GN,1990,3888320665.52218,604.304422702532,5602693986.86186,,
GIN,Guinea,GN,1991,4396178694.1535,656.42373119518,5943540339.27609,,
GIN,Guinea,GN,1992,4789220416.70641,692.647802662806,6277825361.81855,,
GIN,Guinea,GN,1993,4781166116.51789,670.741778229959,6750798732.43472,,
GIN,Guinea,GN,1994,4932800406.92974,671.576385058752,7168677698.38533,,
GIN,Guinea,GN,1995,5385704166.43341,713.031460558683,7656217335.57205,,
GIN,Guinea,GN,1996,5641243099.76661,726.025442583799,8144226203.75513,,
GIN,Guinea,GN,1997,5516916163.0949,695.58174225826,8713947849.10115,,
GIN,Guinea,GN,1998,5232118046.3713,647.379920832778,9132996537.35455,,
GIN,Guinea,GN,1999,5046806782.54761,610.614842942762,9615314262.98559,,
GIN,Guinea,GN,2000,4367458866.71537,518.157066924026,10079248843.9752,,
GIN,Guinea,GN,2001,4125527603.22908,483.085120214741,10683238861.2839,,
GIN,Guinea,GN,2002,4301608752.51396,495.916073559269,11409577515.5017,,
GIN,Guinea,GN,2003,5025167975.26363,566.48540588068,11780111222.0163,,
GIN,Guinea,GN,2004,5300767960.51572,584.897740538081,12379970119.8228,,
GIN,Guinea,GN,2005,4282468636.90501,463.17768685098,13150834368.1347,,
GIN,Guinea,GN,2006,4220019845.26341,446.980554135013,13717651667.8331,,
GIN,Guinea,GN,2007,6281918226.34408,650.148575304743,15049832151.653,,
GIN,Guinea,GN,2008,6964179983.17212,703.532825784369,15973795087.6796,,
GIN,Guinea,GN,2009,6716905339.73136,662.185914665575,15891883770.6773,,
GIN,Guinea,GN,2010,6853467145.53089,659.235326211315,16859245457.7221,,
GIN,Guinea,GN,2011,6785137203.33153,636.694958747648,18172750157.873,,
GIN,Guinea,GN,2012,7638044556.84656,699.353377212197,19549354005.3136,,
GIN,Guinea,GN,2013,8376613539.28278,748.455020824734,20615455554.0816,,
GIN,Guinea,GN,2014,8778473372.82124,765.146999389279,21491243355.9802,,
GIN,Guinea,GN,2015,8794201742.84609,747.356966759448,22706690384.7223,,
GIN,Guinea,GN,2016,8595955222.49719,711.996509782316,27228620630.0338,,
GIN,Guinea,GN,2017,10324668271.1362,833.598621691121,33281442968.4819,,
GIN,Guinea,GN,2018,11857030366.7891,933.273615633705,36138275786.6167,,
GIN,Guinea,GN,2019,13442861496.4454,1031.34146480732,40482435336.7228,,
GIN,Guinea,GN,2020,14088693742.9464,1053.66097696415,44550864730.0015,,
GIN,Guinea,GN,2021,17069115737.8259,1244.96550477914,51260936277.8168,,
GIN,Guinea,GN,2022,19910452541.9219,1416.59612011764,57097045519.8568,,
GIN,Guinea,GN,2023,22407615556.0571,1555.49375806861,62429641817.0929,,
GIN,Guinea,GN,2024,25334307878.737,1717.02318120779,67563663630.9152,,
GMB,"Gambia, The",GM,1960,,,,,
GMB,"Gambia, The",GM,1961,,,,,
GMB,"Gambia, The",GM,1962,,,,,
GMB,"Gambia, The",GM,1963,,,,,
GMB,"Gambia, The",GM,1964,,,,,
GMB,"Gambia, The",GM,1965,,,,,
GMB,"Gambia, The",GM,1966,44212081.3502297,94.3662144947658,,,
GMB,"Gambia, The",GM,1967,46695006.9579374,96.9604868849254,,,
GMB,"Gambia, The",GM,1968,41160065.8561054,83.1064852758912,,,
GMB,"Gambia, The",GM,1969,45168072.2689156,88.662202161031,,,
GMB,"Gambia, The",GM,1970,52296083.6737339,99.7816919772448,,,
GMB,"Gambia, The",GM,1971,55728663.222684,103.318322288749,,,
GMB,"Gambia, The",GM,1972,59160569.4804413,106.524604282625,,,
GMB,"Gambia, The",GM,1973,75187749.0961317,131.449182060787,,,
GMB,"Gambia, The",GM,1974,95796021.6888272,162.618334686551,,,
GMB,"Gambia, The",GM,1975,115179719.077633,189.808393377344,,,
GMB,"Gambia, The",GM,1976,112190829.470457,179.313963291107,,,
GMB,"Gambia, The",GM,1977,138093099.09774,213.842543162023,,,
GMB,"Gambia, The",GM,1978,171833086.019624,257.581042237291,,,
GMB,"Gambia, The",GM,1979,207112627.726094,300.258528034397,,,
GMB,"Gambia, The",GM,1980,241083090.303623,337.692534389517,,,
GMB,"Gambia, The",GM,1981,218767743.459101,295.982064548083,,,
GMB,"Gambia, The",GM,1982,216050552.301584,282.141307055388,,,
GMB,"Gambia, The",GM,1983,213448584.936945,268.649299816803,,,
GMB,"Gambia, The",GM,1984,177340880.086204,214.794357389928,,,
GMB,"Gambia, The",GM,1985,225726358.890914,262.816616745779,,,
GMB,"Gambia, The",GM,1986,185646986.824927,207.654408714945,,,
GMB,"Gambia, The",GM,1987,220626484.224811,236.954802725846,,,
GMB,"Gambia, The",GM,1988,266672211.934161,274.874465999589,,,
GMB,"Gambia, The",GM,1989,284120329.401023,280.929809553919,,,
GMB,"Gambia, The",GM,1990,317083695.477797,300.639895740381,1486411780.51621,,
GMB,"Gambia, The",GM,1991,690311080.515018,627.578919318827,1584424654.90462,,
GMB,"Gambia, The",GM,1992,714254256.122189,623.485927783598,1675284097.38928,,
GMB,"Gambia, The",GM,1993,755040974.087322,635.3611677282,1766651123.3437,,
GMB,"Gambia, The",GM,1994,746493951.900959,608.2774907808,1807157606.49071,,
GMB,"Gambia, The",GM,1995,785999864.840299,621.681391269646,1861318595.95657,,
GMB,"Gambia, The",GM,1996,848239446.21576,651.784945724837,1937539928.94458,,
GMB,"Gambia, The",GM,1997,803633342.473706,600.224023405754,2067528417.16594,,
GMB,"Gambia, The",GM,1998,840285264.631545,610.234711461724,2163941394.14369,,
GMB,"Gambia, The",GM,1999,814724032.065735,575.459893151216,2335015317.74034,,
GMB,"Gambia, The",GM,2000,782913871.80966,538.054072348854,2519242915.67478,,
GMB,"Gambia, The",GM,2001,687410645.063943,459.803068381399,2725374631.10742,,
GMB,"Gambia, The",GM,2002,578235309.327198,376.531026962584,2677775681.83677,,
GMB,"Gambia, The",GM,2003,487038685.045496,308.719123437587,2918238592.21455,,
GMB,"Gambia, The",GM,2004,961900651.423441,593.285346326581,3207980821.58424,,
GMB,"Gambia, The",GM,2005,1027701067.55688,616.483657865348,3230757093.78658,,
GMB,"Gambia, The",GM,2006,1054112487.74083,614.544307904464,3311885363.61459,,
GMB,"Gambia, The",GM,2007,1279703047.0221,724.726407242432,3505132466.6855,,
GMB,"Gambia, The",GM,2008,1561766955.73024,859.127671411226,3796168816.01996,,
GMB,"Gambia, The",GM,2009,1450142508.57808,774.888030908091,4074185715.80941,,
GMB,"Gambia, The",GM,2010,1543294926.87301,801.033372714536,4367340722.33129,,
GMB,"Gambia, The",GM,2011,1409693596.93594,710.608411468152,4095033765.28765,,
GMB,"Gambia, The",GM,2012,1415004738.26621,692.579361628102,4218609873.37637,,
GMB,"Gambia, The",GM,2013,1375609453.43746,653.862713272743,4221821464.50145,,
GMB,"Gambia, The",GM,2014,1229461721.40861,568.00453558864,4185554930.44809,,
GMB,"Gambia, The",GM,2015,1378176608.93204,619.536364296461,4427516234.00185,,
GMB,"Gambia, The",GM,2016,1484578885.97132,650.056501323611,4596488156.16964,,
GMB,"Gambia, The",GM,2017,1504909462.69521,642.522641296331,4775616329.45243,,
GMB,"Gambia, The",GM,2018,1670671327.81651,696.219806960615,5465023570.59128,,
GMB,"Gambia, The",GM,2019,1813609692.49994,738.186751987483,5949796066.17881,,
GMB,"Gambia, The",GM,2020,1812170891.19069,720.335143352133,6366827515.11477,,
GMB,"Gambia, The",GM,2021,2014158842.14596,781.890925169531,7155630814.36372,,
GMB,"Gambia, The",GM,2022,2204734527.12734,836.244875582631,8086871862.08048,,
GMB,"Gambia, The",GM,2023,2396111020.8801,888.157407441902,8779798182.33222,,
GMB,"Gambia, The",GM,2024,2507519958.34857,908.525674150965,9508853052.23079,,
GNB,Guinea-Bissau,GW,1960,,,,,
GNB,Guinea-Bissau,GW,1961,,,,,
GNB,Guinea-Bissau,GW,1962,,,,,
GNB,Guinea-Bissau,GW,1963,,,,,
GNB,Guinea-Bissau,GW,1964,,,,,
GNB,Guinea-Bissau,GW,1965,,,,,
GNB,Guinea-Bissau,GW,1966,,,,,
GNB,Guinea-Bissau,GW,1967,,,,,
GNB,Guinea-Bissau,GW,1968,,,,,
GNB,Guinea-Bissau,GW,1969,,,,,
GNB,Guinea-Bissau,GW,1970,204670550.76064,350.221594962107,,,
GNB,Guinea-Bissau,GW,1971,204167296.856603,348.277009620267,,,
GNB,Guinea-Bissau,GW,1972,227986203.29754,388.643761374553,,,
GNB,Guinea-Bissau,GW,1973,232331281.355932,391.9165756129,,,
GNB,Guinea-Bissau,GW,1974,256769730.263158,418.643114014064,,,
GNB,Guinea-Bissau,GW,1975,283311996.82299,435.217809874848,,,
GNB,Guinea-Bissau,GW,1976,292152321.493146,420.852937438178,,,
GNB,Guinea-Bissau,GW,1977,298871674.860041,402.906587803326,,,
GNB,Guinea-Bissau,GW,1978,318876550.432277,402.777525700936,,,
GNB,Guinea-Bissau,GW,1979,308143183.311819,375.845330171625,,,
GNB,Guinea-Bissau,GW,1980,287648258.258297,346.855441567554,,,
GNB,Guinea-Bissau,GW,1981,402230865.151515,477.46389637563,,,
GNB,Guinea-Bissau,GW,1982,430284021.883771,502.732266005568,,,
GNB,Guinea-Bissau,GW,1983,425225176.812165,488.993892322107,,,
GNB,Guinea-Bissau,GW,1984,359980490.728569,407.439444684912,,,
GNB,Guinea-Bissau,GW,1985,373959151.148591,416.576139998898,,,
GNB,Guinea-Bissau,GW,1986,338524232.567315,371.137575913103,,,
GNB,Guinea-Bissau,GW,1987,451893374.95907,487.551949436993,,,
GNB,Guinea-Bissau,GW,1988,427514321.528126,453.807472688208,,,
GNB,Guinea-Bissau,GW,1989,554072302.828333,578.490985831256,,,
GNB,Guinea-Bissau,GW,1990,634187269.235013,651.337640650994,802402814.258732,,
GNB,Guinea-Bissau,GW,1991,668470890.785147,672.07387884966,871845030.560655,,
GNB,Guinea-Bissau,GW,1992,588309271.28603,574.32110641811,901521952.901942,,
GNB,Guinea-Bissau,GW,1993,615779518.807114,581.612681813953,942271661.500938,,
GNB,Guinea-Bissau,GW,1994,612502084.797565,560.883422537973,993187544.320198,,
GNB,Guinea-Bissau,GW,1995,660195402.013602,589.487023081945,1058628103.39387,,
GNB,Guinea-Bissau,GW,1996,702965147.568054,614.729892454585,1203058146.12637,,
GNB,Guinea-Bissau,GW,1997,698107222.422492,598.953470198484,1303351534.4229,,
GNB,Guinea-Bissau,GW,1998,591034143.426384,497.724279563733,1022164894.00822,,
GNB,Guinea-Bissau,GW,1999,579365780.135134,478.733190989909,1210939006.20302,,
GNB,Guinea-Bissau,GW,2000,391345597.488269,316.945495037639,1251994643.27975,,
GNB,Guinea-Bissau,GW,2001,412610871.509121,327.138431972397,1341455004.20384,,
GNB,Guinea-Bissau,GW,2002,466773711.235579,362.034574570354,1412078755.67256,,
GNB,Guinea-Bissau,GW,2003,553614800.145707,419.78486611807,1435840348.18205,,
GNB,Guinea-Bissau,GW,2004,582169841.298304,431.376557669634,1491730323.36863,,
GNB,Guinea-Bissau,GW,2005,639776040.688424,463.073962650452,1639425115.40234,,
GNB,Guinea-Bissau,GW,2006,634781901.251494,448.513075469701,1735045770.99008,,
GNB,Guinea-Bissau,GW,2007,753162998.015113,519.069789794741,1827670101.12209,,
GNB,Guinea-Bissau,GW,2008,952667544.037289,640.210331101753,1947171584.6124,,
GNB,Guinea-Bissau,GW,2009,890167833.369849,583.190020139094,2007141164.368,,
GNB,Guinea-Bissau,GW,2010,940112538.936436,600.194298540768,2145408523.39767,,
GNB,Guinea-Bissau,GW,2011,1157074319.19388,719.539573498937,2366706434.42818,,
GNB,Guinea-Bissau,GW,2012,1049412177.11413,635.461653303881,2315038823.09405,,
GNB,Guinea-Bissau,GW,2013,1109682824.13594,654.304534409417,2401201175.1458,,
GNB,Guinea-Bissau,GW,2014,1135250721.0374,652.022501029449,2534913686.70368,,
GNB,Guinea-Bissau,GW,2015,1152384166.79638,645.066837207039,3090468072.90842,,
GNB,Guinea-Bissau,GW,2016,1245074264.10396,679.665386626818,3342056307.07795,,
GNB,Guinea-Bissau,GW,2017,1469978606.12143,783.123186602022,3907712651.79045,,
GNB,Guinea-Bissau,GW,2018,1554133593.91699,808.531613218504,3955763485.57032,,
GNB,Guinea-Bissau,GW,2019,1588767975.59018,807.425524872835,4401364261.13251,,
GNB,Guinea-Bissau,GW,2020,1683619351.72486,836.26731423732,4651372626.0746,,
GNB,Guinea-Bissau,GW,2021,1878659686.58993,912.484104692847,5113853513.57436,,
GNB,Guinea-Bissau,GW,2022,1839048747.87671,873.437861875428,5784423379.20533,,
GNB,Guinea-Bissau,GW,2023,2077816134.67419,964.927554218909,6260059859.57007,,
GNB,Guinea-Bissau,GW,2024,2119865935.24909,962.983627901892,6720047738.84264,,
GNQ,Equatorial Guinea,GQ,1960,,,,,
GNQ,Equatorial Guinea,GQ,1961,,,,,
GNQ,Equatorial Guinea,GQ,1962,37253333.3333333,132.911859077276,,,
GNQ,Equatorial Guinea,GQ,1963,44266666.6666667,154.797498528375,,,
GNQ,Equatorial Guinea,GQ,1964,51915000.0,177.826417576094,,,
GNQ,Equatorial Guinea,GQ,1965,64748333.3333333,217.10289545039,,,
GNQ,Equatorial Guinea,GQ,1966,69110000.0,226.694963901345,,,
GNQ,Equatorial Guinea,GQ,1967,72317446.9327193,231.931646165774,,,
GNQ,Equatorial Guinea,GQ,1968,67514285.7142857,211.743758689178,,,
GNQ,Equatorial Guinea,GQ,1969,67225714.2857143,208.44083966338,,,
GNQ,Equatorial Guinea,GQ,1970,66331428.5714286,206.766858699665,,,
GNQ,Equatorial Guinea,GQ,1971,64946954.756798,205.56736961701,,,
GNQ,Equatorial Guinea,GQ,1972,65429198.238708,211.424761974446,,,
GNQ,Equatorial Guinea,GQ,1973,81203226.9138345,268.634902338667,,,
GNQ,Equatorial Guinea,GQ,1974,94159862.7073691,319.236836741342,,,
GNQ,Equatorial Guinea,GQ,1975,104295643.388437,362.262178278078,,,
GNQ,Equatorial Guinea,GQ,1976,103653049.93797,368.831374253979,,,
GNQ,Equatorial Guinea,GQ,1977,103987520.075827,375.705960625002,,,
GNQ,Equatorial Guinea,GQ,1978,,,,,
GNQ,Equatorial Guinea,GQ,1979,,,,,
GNQ,Equatorial Guinea,GQ,1980,50642880.7737503,175.451008071362,,,
GNQ,Equatorial Guinea,GQ,1981,36731422.8456914,121.125080282047,,,
GNQ,Equatorial Guinea,GQ,1982,44294647.733479,137.468802708366,,,
GNQ,Equatorial Guinea,GQ,1983,44442456.94764,129.411005581021,,,
GNQ,Equatorial Guinea,GQ,1984,50320914.4065688,137.903678570149,,,
GNQ,Equatorial Guinea,GQ,1985,62118569.9654481,161.11802183767,,,
GNQ,Equatorial Guinea,GQ,1986,76407395.8727542,188.78702702248,,,
GNQ,Equatorial Guinea,GQ,1987,93345859.52973,220.925441822509,,,
GNQ,Equatorial Guinea,GQ,1988,100534656.881732,228.669232827247,,,
GNQ,Equatorial Guinea,GQ,1989,88265974.861049,193.2233561169,,,
GNQ,Equatorial Guinea,GQ,1990,112119411.489965,236.402188376265,273843663.268732,,
GNQ,Equatorial Guinea,GQ,1991,110906028.536862,225.319378519763,280210534.632864,,
GNQ,Equatorial Guinea,GQ,1992,134707183.84662,263.733547088944,386174865.28148,,
GNQ,Equatorial Guinea,GQ,1993,136047906.245408,256.683023652574,438945895.640164,,
GNQ,Equatorial Guinea,GQ,1994,100807002.540195,183.239482711964,523047695.182309,,
GNQ,Equatorial Guinea,GQ,1995,141853360.867855,248.314896208855,627393538.151392,,
GNQ,Equatorial Guinea,GQ,1996,232463022.802961,391.686868235732,1064245681.00001,,
GNQ,Equatorial Guinea,GQ,1997,442337870.69437,717.041481576821,2706202413.01553,,
GNQ,Equatorial Guinea,GQ,1998,370687634.425712,577.868525342745,3387232895.78318,,
GNQ,Equatorial Guinea,GQ,1999,621117885.668503,930.912549299779,4316766985.81991,,
GNQ,Equatorial Guinea,GQ,2000,1045998496.43872,1487.3165506701,5218606639.75972,,
GNQ,Equatorial Guinea,GQ,2001,1461139022.02954,1948.61145907844,8718135555.28428,,
GNQ,Equatorial Guinea,GQ,2002,1806742742.27311,2264.21065580365,10576779293.119,,
GNQ,Equatorial Guinea,GQ,2003,2484745935.09329,2930.60183743733,12290755429.2807,,
GNQ,Equatorial Guinea,GQ,2004,4410764338.66733,4901.30127408119,17417184474.3373,,
GNQ,Equatorial Guinea,GQ,2005,8217369092.65224,8673.9026086535,20971910438.4562,,
GNQ,Equatorial Guinea,GQ,2006,10086528698.8604,10184.8841248541,23284349080.2585,,
GNQ,Equatorial Guinea,GQ,2007,13071718758.7373,12616.9532942011,27569927684.1939,,
GNQ,Equatorial Guinea,GQ,2008,19749893536.3204,18210.5552970599,33102869198.9953,,
GNQ,Equatorial Guinea,GQ,2009,15027795173.2187,13232.5019378102,33754473545.505,,
GNQ,Equatorial Guinea,GQ,2010,16314443436.2903,13720.1658723222,31115770392.9378,,
GNQ,Equatorial Guinea,GQ,2011,21357343668.9447,17198.2136668275,33829572382.0227,,
GNQ,Equatorial Guinea,GQ,2012,22388344143.9131,17308.5723924575,38819917942.1185,,
GNQ,Equatorial Guinea,GQ,2013,21948834283.7856,16304.0713196418,37572294947.8452,,
GNQ,Equatorial Guinea,GQ,2014,21765453081.9826,15548.6624656619,38043505840.31,,
GNQ,Equatorial Guinea,GQ,2015,13185496881.0174,9068.91003238645,28320531411.9553,,
GNQ,Equatorial Guinea,GQ,2016,11240808847.8878,7453.19797948517,25110506259.4845,,
GNQ,Equatorial Guinea,GQ,2017,12200913878.9827,7809.10465655488,28802412248.0502,,
GNQ,Equatorial Guinea,GQ,2018,13097012133.6159,8102.47084834031,29763387484.0751,,
GNQ,Equatorial Guinea,GQ,2019,11364133549.7478,6804.14923073888,27476690018.3343,,
GNQ,Equatorial Guinea,GQ,2020,9893816007.7398,5764.05502912947,23476322655.934,,
GNQ,Equatorial Guinea,GQ,2021,12215878032.7166,6945.63069794539,29585328380.1352,,
GNQ,Equatorial Guinea,GQ,2022,13687643435.6249,7589.29964909381,32716287050.0915,,
GNQ,Equatorial Guinea,GQ,2023,12337550583.754,6677.793435386,32168599846.5359,,
GNQ,Equatorial Guinea,GQ,2024,12765777677.0622,6745.40013244916,33245374421.9212,,
GRC,Greece,GR,1960,4274890306.82895,513.085862390915,,,
GRC,Greece,GR,1961,4892397431.33292,582.563503591063,,,
GRC,Greece,GR,1962,5140542929.42067,608.475515462307,,,
GRC,Greece,GR,1963,5813285626.64404,685.559282001744,,,
GRC,Greece,GR,1964,6576906345.11518,772.805500770312,,,
GRC,Greece,GR,1965,7582209670.27425,886.773611071551,,,
GRC,Greece,GR,1966,8472021466.86847,983.55754915871,,,
GRC,Greece,GR,1967,9146592855.683,1053.2588863313,,,
GRC,Greece,GR,1968,9950331205.83108,1138.38219032671,,,
GRC,Greece,GR,1969,11454106327.0756,1305.64395976862,,,
GRC,Greece,GR,1970,12957113636.3636,1473.60394808707,,,
GRC,Greece,GR,1971,14388806818.1818,1629.3452793287,,,
GRC,Greece,GR,1972,16650659090.9091,1873.25412773592,,,
GRC,Greece,GR,1973,22037019562.7158,2468.00395502023,,,
GRC,Greece,GR,1974,24998715909.0909,2789.40577350635,,,
GRC,Greece,GR,1975,28129128586.61,3109.3794397892,,,
GRC,Greece,GR,1976,30719552238.806,3343.38819444676,,,
GRC,Greece,GR,1977,35673080481.0361,3832.32110004611,,,
GRC,Greece,GR,1978,43654480519.4805,4629.33937671209,,,
GRC,Greece,GR,1979,53724121435.1426,5626.58879087082,,,
GRC,Greece,GR,1980,56039256594.7242,5811.69069600941,,,
GRC,Greece,GR,1981,51618456334.5633,5305.43729381339,,,
GRC,Greece,GR,1982,53858346938.7755,5501.63700061234,,,
GRC,Greece,GR,1983,48741397058.8235,4950.06026518761,,,
GRC,Greece,GR,1984,47352146311.971,4785.07463033775,,,
GRC,Greece,GR,1985,47155741426.1041,4746.76035816355,,,
GRC,Greece,GR,1986,55595445472.2493,5577.83258692769,,,
GRC,Greece,GR,1987,64739630095.6215,6473.57783168117,,,
GRC,Greece,GR,1988,75200610136.9205,7492.35204811251,,,
GRC,Greece,GR,1989,78067933277.3815,7737.54385772032,,,
GRC,Greece,GR,1990,96529587274.2906,9466.66238502174,133756985628.118,,
GRC,Greece,GR,1991,103680863712.844,10046.6663875475,142567117906.849,,
GRC,Greece,GR,1992,114608178405.434,11021.012224607,146836642847.327,,
GRC,Greece,GR,1993,107295704518.43,10257.3085789073,147912201618.687,,
GRC,Greece,GR,1994,114980063202.247,10937.0223808611,154092217257.255,,
GRC,Greece,GR,1995,134974613913.811,12779.081491606,160626689070.923,,
GRC,Greece,GR,1996,142502984144.96,13432.5262183244,167327585318.46,,
GRC,Greece,GR,1997,138766067640.085,13015.9175046854,177260285546.671,,
GRC,Greece,GR,1998,139612812175.718,13022.9648774809,186884479565.378,,
GRC,Greece,GR,1999,137131371955.307,12742.5404388143,191106293072.719,,
GRC,Greece,GR,2000,125760166224.805,11638.2010697215,203320308860.245,,
GRC,Greece,GR,2001,132050474720.03,12156.9572824221,220567406485.432,,
GRC,Greece,GR,2002,150253800085.865,13782.195640943,239683510642.31,,
GRC,Greece,GR,2003,196930509813.384,18020.612039764,254138433443.691,,
GRC,Greece,GR,2004,234979615898.225,21449.2552764245,272004077789.009,,
GRC,Greece,GR,2005,242315668619.405,22054.1315756886,274724928629.46,,
GRC,Greece,GR,2006,269073415333.676,24416.0232970275,309475181924.128,,
GRC,Greece,GR,2007,314226996944.108,28440.7625328955,319266852235.036,,
GRC,Greece,GR,2008,351121399546.485,31695.8331092209,337220235581.276,,
GRC,Greece,GR,2009,326829054686.306,29425.4573200263,332630577199.614,,
GRC,Greece,GR,2010,296417644404.034,26653.0488008626,309638809529.415,,
GRC,Greece,GR,2011,283228079776.041,25504.7866510124,285313440265.409,,
GRC,Greece,GR,2012,238841140018.233,21624.346052551,271519220404.783,,
GRC,Greece,GR,2013,236556279640.705,21573.3449762805,282144538291.678,,
GRC,Greece,GR,2014,233911581521.062,21474.7257123892,288106298935.587,,
GRC,Greece,GR,2015,194567373678.099,17980.7298238137,287996160333.187,,
GRC,Greece,GR,2016,193097239005.87,17919.2426377048,296388230996.636,,
GRC,Greece,GR,2017,200381103984.298,18631.9930129293,308462278341.892,,
GRC,Greece,GR,2018,213298873494.394,19873.4015238771,319754656488.279,,
GRC,Greece,GR,2019,207305649887.019,19335.3602002969,342312014300.186,,
GRC,Greece,GR,2020,191362985554.861,17886.733165236,315962662965.275,,
GRC,Greece,GR,2021,218303801895.326,20654.7001960815,354397719330.584,,
GRC,Greece,GR,2022,218880566444.349,20971.8349258283,406715086017.971,,
GRC,Greece,GR,2023,243498333237.802,23400.7278817691,428522833617.814,,
GRC,Greece,GR,2024,257144811301.673,24752.1068401681,457879263225.249,,
GRD,Grenada,GD,1960,,,,,
GRD,Grenada,GD,1961,,,,,
GRD,Grenada,GD,1962,,,,,
GRD,Grenada,GD,1963,,,,,
GRD,Grenada,GD,1964,,,,,
GRD,Grenada,GD,1965,,,,,
GRD,Grenada,GD,1966,,,,,
GRD,Grenada,GD,1967,,,,,
GRD,Grenada,GD,1968,,,,,
GRD,Grenada,GD,1969,,,,,
GRD,Grenada,GD,1970,,,,,
GRD,Grenada,GD,1971,,,,,
GRD,Grenada,GD,1972,,,,,
GRD,Grenada,GD,1973,,,,,
GRD,Grenada,GD,1974,,,,,
GRD,Grenada,GD,1975,,,,,
GRD,Grenada,GD,1976,,,,,
GRD,Grenada,GD,1977,71494495.1851852,736.927499151542,,,
GRD,Grenada,GD,1978,88322386.2962963,917.111118802723,,,
GRD,Grenada,GD,1979,102244362.222222,1070.73371266334,,,
GRD,Grenada,GD,1980,110900457.037037,1173.07809597238,,,
GRD,Grenada,GD,1981,115651918.888889,1229.65932557403,,,
GRD,Grenada,GD,1982,125435590.0,1329.00617695983,,,
GRD,Grenada,GD,1983,131803552.222222,1388.16565090599,,,
GRD,Grenada,GD,1984,145533310.740741,1523.94092798531,,,
GRD,Grenada,GD,1985,167728455.185185,1745.15357435866,,,
GRD,Grenada,GD,1986,187589522.592593,1938.10850906698,,,
GRD,Grenada,GD,1987,215009569.62963,2204.6384515886,,,
GRD,Grenada,GD,1988,236357523.703704,2404.25523562379,,,
GRD,Grenada,GD,1989,267327642.222222,2696.98290193019,,,
GRD,Grenada,GD,1990,278098762.962963,2782.18396873619,455099745.107166,,
GRD,Grenada,GD,1991,300757888.888889,2983.91643158641,477009219.203814,,
GRD,Grenada,GD,1992,310160444.444444,3052.70018744163,483726983.713136,,
GRD,Grenada,GD,1993,309812185.185185,3026.04154231393,485492969.146851,,
GRD,Grenada,GD,1994,325111814.814815,3152.2020478855,504256860.935439,,
GRD,Grenada,GD,1995,342172518.518519,3294.26988339657,525792723.958719,,
GRD,Grenada,GD,1996,366911444.444444,3508.294236637,559181891.649174,,
GRD,Grenada,GD,1997,392190592.592593,3724.75466168304,597354064.139088,,
GRD,Grenada,GD,1998,445903592.592593,4206.28052894181,675066615.264684,,
GRD,Grenada,GD,1999,482009370.37037,4516.28332446682,731847002.600278,,
GRD,Grenada,GD,2000,520044370.37037,4839.82811114248,785007409.909183,,
GRD,Grenada,GD,2001,520444185.185185,4819.50776653843,786437834.135461,,
GRD,Grenada,GD,2002,540336925.925926,4984.47405931447,826111531.012825,,
GRD,Grenada,GD,2003,591018407.407407,5427.96377252312,922148126.244793,,
GRD,Grenada,GD,2004,599118592.592593,5480.26117644588,940814495.556417,,
GRD,Grenada,GD,2005,695555555.555555,6338.56011405358,1099133928.52618,,
GRD,Grenada,GD,2006,698700666.666667,6344.0383771432,1087761179.76988,,
GRD,Grenada,GD,2007,758683592.592593,6864.54816771858,1185644561.14748,,
GRD,Grenada,GD,2008,825976037.037037,7448.2040563865,1219939433.46284,,
GRD,Grenada,GD,2009,771275555.555555,6932.56472176781,1146288151.07891,,
GRD,Grenada,GD,2010,771014814.814815,6909.60169568597,1154288423.97651,,
GRD,Grenada,GD,2011,778655555.555555,6947.38136096464,1187112475.33669,,
GRD,Grenada,GD,2012,799881481.481481,7092.71985352677,1192607537.06932,,
GRD,Grenada,GD,2013,842618518.518518,7424.80212287327,1270986763.9944,,
GRD,Grenada,GD,2014,911496296.296296,7986.33421210788,1395680065.58143,,
GRD,Grenada,GD,2015,997007407.407407,8694.12438005692,1515375642.68552,,
GRD,Grenada,GD,2016,1061640740.74074,9221.23461079424,1609230218.33648,,
GRD,Grenada,GD,2017,1125685185.18519,9751.42661155932,1736355201.91495,,
GRD,Grenada,GD,2018,1166514814.81481,10083.021279225,1848147434.9335,,
GRD,Grenada,GD,2019,1213485185.18519,10462.7929159533,1907436734.74985,,
GRD,Grenada,GD,2020,1043411111.11111,8968.55890108484,1670787843.20161,,
GRD,Grenada,GD,2021,1122800000.0,9622.24050459345,1785107389.63748,,
GRD,Grenada,GD,2022,1231732103.7037,10535.4588771454,2052376386.20236,,
GRD,Grenada,GD,2023,1323985600.0,11308.2874249451,2225731369.77757,,
GRD,Grenada,GD,2024,1391435992.59259,11871.6117006031,2363736937.19831,,
GRL,Greenland,GL,1960,,,,,
GRL,Greenland,GL,1961,,,,,
GRL,Greenland,GL,1962,,,,,
GRL,Greenland,GL,1963,,,,,
GRL,Greenland,GL,1964,,,,,
GRL,Greenland,GL,1965,,,,,
GRL,Greenland,GL,1966,,,,,
GRL,Greenland,GL,1967,,,,,
GRL,Greenland,GL,1968,,,,,
GRL,Greenland,GL,1969,,,,,
GRL,Greenland,GL,1970,69520026.6666667,1498.27643678161,,,
GRL,Greenland,GL,1971,88466738.2497268,1874.29530190099,,,
GRL,Greenland,GL,1972,106101297.801272,2196.71424019198,,,
GRL,Greenland,GL,1973,140153748.243656,2860.28057640115,,,
GRL,Greenland,GL,1974,169918948.629182,3432.70603291276,,,
GRL,Greenland,GL,1975,211190630.329609,4257.87561148406,,,
GRL,Greenland,GL,1976,240779417.7857,4844.65629347485,,,
GRL,Greenland,GL,1977,282269749.160113,5713.96253360554,,,
GRL,Greenland,GL,1978,355987433.41569,7235.5169393433,,,
GRL,Greenland,GL,1979,420645821.540488,8480.76253105822,,,
GRL,Greenland,GL,1980,476051740.773769,9483.10240585198,,,
GRL,Greenland,GL,1981,435748993.418421,8544.09791016512,,,
GRL,Greenland,GL,1982,402403041.029269,7813.65128212172,,,
GRL,Greenland,GL,1983,416184071.019417,7988.17794662988,,,
GRL,Greenland,GL,1984,379371901.490374,7198.7078081665,,,
GRL,Greenland,GL,1985,412876382.829174,7760.83426370628,,,
GRL,Greenland,GL,1986,603016292.686978,11271.3325735884,,,
GRL,Greenland,GL,1987,787390408.953269,14554.3513669736,,,
GRL,Greenland,GL,1988,898607670.624413,16397.9501938761,,,
GRL,Greenland,GL,1989,929799902.191124,16813.7414501107,,,
GRL,Greenland,GL,1990,1018977280.32928,18326.9295023252,1138268535.10499,,
GRL,Greenland,GL,1991,1016500069.25708,18315.3165631906,1175427420.43495,,
GRL,Greenland,GL,1992,1037916162.54976,18768.8275325455,1140760141.31189,,
GRL,Greenland,GL,1993,927214151.76793,16797.3578218828,1109083671.8962,,
GRL,Greenland,GL,1994,1005887539.32049,18124.0998075763,1199873985.2102,,
GRL,Greenland,GL,1995,1208953287.06598,21665.8295173116,1270709082.62063,,
GRL,Greenland,GL,1996,1197515569.08202,21422.4609853672,1313765865.08662,,
GRL,Greenland,GL,1997,1072154433.84538,19145.614890096,1356052115.42304,,
GRL,Greenland,GL,1998,1149858069.75766,20496.578783559,1477676926.71743,,
GRL,Greenland,GL,1999,1131555107.04907,20170.322763798,1519236309.26908,,
GRL,Greenland,GL,2000,1068025016.00862,19009.0774407515,1663983935.14858,,
GRL,Greenland,GL,2001,1086170703.9816,19265.5191468738,1723043712.54204,,
GRL,Greenland,GL,2002,1169136716.03557,20657.9506323097,1732825867.64952,,
GRL,Greenland,GL,2003,1558759823.08169,27466.6494525504,1845317864.03261,,
GRL,Greenland,GL,2004,1822499769.23938,32030.9987915109,2025815684.1026,,
GRL,Greenland,GL,2005,1849802648.36391,32489.7277309899,2193539586.33793,,
GRL,Greenland,GL,2006,2013106929.50031,35457.6297578214,2386809292.62872,,
GRL,Greenland,GL,2007,2249811295.6608,39780.9441368721,2509143534.36503,,
GRL,Greenland,GL,2008,2499092314.41875,44366.7858688175,2715185515.97237,,
GRL,Greenland,GL,2009,2529963903.22685,44918.8413832155,2755589487.5574,,
GRL,Greenland,GL,2010,2503167187.49305,44277.1993400972,2837491311.00522,,
GRL,Greenland,GL,2011,2684461375.46585,47186.8759969388,2881652503.28138,,
GRL,Greenland,GL,2012,2609678486.36749,45936.9562817724,2976237573.23712,,
GRL,Greenland,GL,2013,2684946990.12448,47535.4883792376,2987592053.04785,,
GRL,Greenland,GL,2014,2842065708.35962,50485.2244135291,3183767613.13363,,
GRL,Greenland,GL,2015,2499113022.81675,44536.3549705377,3132039400.2811,,
GRL,Greenland,GL,2016,2707139544.46695,48181.7453541266,3309838081.16792,,
GRL,Greenland,GL,2017,2851613679.03433,50765.7494665372,3370887241.18687,,
GRL,Greenland,GL,2018,3055782146.15957,54545.135857765,3462603876.34978,,
GRL,Greenland,GL,2019,2997309971.87623,53309.2035905065,3613246574.50507,,
GRL,Greenland,GL,2020,3089625554.40473,54812.6661771023,3663823635.61473,,
GRL,Greenland,GL,2021,3293578467.57327,58135.9939910203,3926166709.012,,
GRL,Greenland,GL,2022,3152334771.77992,55635.0006491223,4290395274.14051,,
GRL,Greenland,GL,2023,3326544174.37945,58498.9743142433,4483270596.14879,,
GRL,Greenland,GL,2024,,,,,
GTM,Guatemala,GT,1960,1043599900.0,256.813115286608,,,
GTM,Guatemala,GT,1961,1076699900.0,257.20215058952,,,
GTM,Guatemala,GT,1962,1143600000.0,265.21065183936,,,
GTM,Guatemala,GT,1963,1262800000.0,284.397504292538,,,
GTM,Guatemala,GT,1964,1299099900.0,284.197970339364,,,
GTM,Guatemala,GT,1965,1331399900.0,282.97764170403,,,
GTM,Guatemala,GT,1966,1390700000.0,287.277848723331,,,
GTM,Guatemala,GT,1967,1453500000.0,291.934180943356,,,
GTM,Guatemala,GT,1968,1610500000.0,314.666876118943,,,
GTM,Guatemala,GT,1969,1715399900.0,326.30273339901,,,
GTM,Guatemala,GT,1970,1904000000.0,352.790808761812,,,
GTM,Guatemala,GT,1971,1984800000.0,358.373560380293,,,
GTM,Guatemala,GT,1972,2101300000.0,369.762757413424,,,
GTM,Guatemala,GT,1973,2569200100.0,440.562871690613,,,
GTM,Guatemala,GT,1974,3161499900.0,528.57311003132,,,
GTM,Guatemala,GT,1975,3645900000.0,594.88660866336,,,
GTM,Guatemala,GT,1976,4365300200.0,697.064609693019,,,
GTM,Guatemala,GT,1977,5480500200.0,856.125495292911,,,
GTM,Guatemala,GT,1978,6070600200.0,925.180026499901,,,
GTM,Guatemala,GT,1979,6902600200.0,1025.98223460072,,,
GTM,Guatemala,GT,1980,7878700000.0,1141.80549814991,,,
GTM,Guatemala,GT,1981,8607500300.0,1216.49639722044,,,
GTM,Guatemala,GT,1982,8716999700.0,1203.96540667638,,,
GTM,Guatemala,GT,1983,9050000400.0,1219.73545354345,,,
GTM,Guatemala,GT,1984,9470000100.0,1241.04242582773,,,
GTM,Guatemala,GT,1985,9721652086.95652,1238.47545209176,,,
GTM,Guatemala,GT,1986,7231963515.98174,896.063263473632,,,
GTM,Guatemala,GT,1987,7084399840.0,853.903772501246,,,
GTM,Guatemala,GT,1988,7841602824.42748,919.070773138882,,,
GTM,Guatemala,GT,1989,8410724360.79545,958.427471156263,,,
GTM,Guatemala,GT,1990,7650196845.21546,847.688561830359,30048855037.3664,24.4806851423724,
GTM,Guatemala,GT,1991,9406135143.41165,1014.40279682682,32201487447.2571,17.7517913078306,-0.09433246509015697
GTM,Guatemala,GT,1992,10440781587.5435,1096.45976992698,34528834462.0629,15.8312193134152,-0.007241915161358118
GTM,Guatemala,GT,1993,11400017301.4587,1165.67442716224,36735414324.0785,13.6225081203374,-0.04528943197021626
GTM,Guatemala,GT,1994,12983233310.7467,1292.67202750483,39033239581.1604,13.1619490409219,0.06783730361261403
GTM,Guatemala,GT,1995,14655404433.2771,1421.06177809796,41823722606.3828,11.404999017517,-0.013401916534898623
GTM,Guatemala,GT,1996,15674835615.3139,1481.05986750672,43849117690.2458,11.2418328744629,0.04477649438104176
GTM,Guatemala,GT,1997,17790026221.6139,1638.46281851789,46551887135.0999,11.3452176738095,0.09478365842016391
GTM,Guatemala,GT,1998,19395491992.9939,1741.20114182856,49425774388.7624,11.2801678443371,0.05898869267009147
GTM,Guatemala,GT,1999,18318412251.3642,1603.64776144934,52053545117.006,13.4701885924417,0.10643265919244296
GTM,Guatemala,GT,2000,19288929030.0508,1648.96578971559,55153756305.7772,16.9838230125753,0.2607799407387559
GTM,Guatemala,GT,2001,18405220247.4412,1537.68663578252,57711118585.2877,20.2690233179284,0.17774596107355492
GTM,Guatemala,GT,2002,20444205991.025,1669.33517469705,60858073596.4633,18.692477319178,0.02890736726943499
GTM,Guatemala,GT,2003,21576351798.9145,1722.54701910774,63648563721.6105,21.0384409661569,0.25723060670881914
GTM,Guatemala,GT,2004,23577298094.6571,1840.91184884,67411075860.0797,22.1444573926966,0.1811918925350811
GTM,Guatemala,GT,2005,26783389293.922,2046.46611650758,71802368042.9119,21.6021201382389,0.1285988674706266
GTM,Guatemala,GT,2006,29744246827.1839,2225.1234753878,77977560457.7367,22.2347729614565,0.13405020655988883
GTM,Guatemala,GT,2007,33567850824.1039,2458.81573919384,85166064066.3275,21.986997531652,0.10669769715190275
GTM,Guatemala,GT,2008,38503720224.3166,2763.05988172926,89665975171.2427,20.383408037295,0.10395935826945475
GTM,Guatemala,GT,2009,37126148264.6383,2611.64632773352,90649270399.0407,23.3939731993278,0.8511286828732539
GTM,Guatemala,GT,2010,40676578423.4871,2805.25960237322,94397176368.9234,24.8169594138567,0.3760523328642386
GTM,Guatemala,GT,2011,46876006272.2387,3168.98370607705,100356396780.438,24.5639597782709,0.2382716647510588
GTM,Guatemala,GT,2012,49593929487.1263,3286.61959336267,109525436435.117,24.7007424112068,0.08021182975938262
GTM,Guatemala,GT,2013,52996446180.3474,3444.15971264862,118481713076.819,25.2099496046863,0.12396988665578787
GTM,Guatemala,GT,2014,57852152955.039,3689.14471813777,129165012532.449,,
GTM,Guatemala,GT,2015,62186064757.9334,3893.50522093509,142691589570.059,,
GTM,Guatemala,GT,2016,66053403363.7384,4060.13754974186,149695818679.895,,
GTM,Guatemala,GT,2017,71653754107.104,4324.99608157801,158386820298.22,,
GTM,Guatemala,GT,2018,73328365862.4329,4352.94651790253,167560724569.429,,
GTM,Guatemala,GT,2019,77172317258.6478,4511.99755157656,183966419962.474,,
GTM,Guatemala,GT,2020,77719464220.73,4477.61761796418,190017068738.276,,
GTM,Guatemala,GT,2021,86455519686.8841,4912.62225721201,208106516253.135,,
GTM,Guatemala,GT,2022,95641441234.943,5358.70127494396,232272538658.502,,
GTM,Guatemala,GT,2023,104368413483.146,5758.30876298845,249132470255.789,,
GTM,Guatemala,GT,2024,113199586004.477,6150.02597767851,264474716594.799,,
GUM,Guam,GU,1960,,,,,
GUM,Guam,GU,1961,,,,,
GUM,Guam,GU,1962,,,,,
GUM,Guam,GU,1963,,,,,
GUM,Guam,GU,1964,,,,,
GUM,Guam,GU,1965,,,,,
GUM,Guam,GU,1966,,,,,
GUM,Guam,GU,1967,,,,,
GUM,Guam,GU,1968,,,,,
GUM,Guam,GU,1969,,,,,
GUM,Guam,GU,1970,,,,,
GUM,Guam,GU,1971,,,,,
GUM,Guam,GU,1972,,,,,
GUM,Guam,GU,1973,,,,,
GUM,Guam,GU,1974,,,,,
GUM,Guam,GU,1975,,,,,
GUM,Guam,GU,1976,,,,,
GUM,Guam,GU,1977,,,,,
GUM,Guam,GU,1978,,,,,
GUM,Guam,GU,1979,,,,,
GUM,Guam,GU,1980,,,,,
GUM,Guam,GU,1981,,,,,
GUM,Guam,GU,1982,,,,,
GUM,Guam,GU,1983,,,,,
GUM,Guam,GU,1984,,,,,
GUM,Guam,GU,1985,,,,,
GUM,Guam,GU,1986,,,,,
GUM,Guam,GU,1987,,,,,
GUM,Guam,GU,1988,,,,,
GUM,Guam,GU,1989,,,,,
GUM,Guam,GU,1990,,,,,
GUM,Guam,GU,1991,,,,,
GUM,Guam,GU,1992,,,,,
GUM,Guam,GU,1993,,,,,
GUM,Guam,GU,1994,,,,,
GUM,Guam,GU,1995,,,,,
GUM,Guam,GU,1996,,,,,
GUM,Guam,GU,1997,,,,,
GUM,Guam,GU,1998,,,,,
GUM,Guam,GU,1999,,,,,
GUM,Guam,GU,2000,,,,,
GUM,Guam,GU,2001,,,,,
GUM,Guam,GU,2002,3394000000.0,20909.9590302806,,,
GUM,Guam,GU,2003,3569000000.0,21877.3178371553,,,
GUM,Guam,GU,2004,3869000000.0,23618.8266894573,,,
GUM,Guam,GU,2005,4213000000.0,25631.9776108052,,,
GUM,Guam,GU,2006,4238000000.0,25709.9351488422,,,
GUM,Guam,GU,2007,4397000000.0,26605.4324214756,,,
GUM,Guam,GU,2008,4658000000.0,28112.2316573422,,,
GUM,Guam,GU,2009,4828000000.0,29054.0581201519,,,
GUM,Guam,GU,2010,4949000000.0,29719.7967836082,,,
GUM,Guam,GU,2011,4984000000.0,29926.2052442913,,,
GUM,Guam,GU,2012,5265000000.0,31653.7506538168,,,
GUM,Guam,GU,2013,5399000000.0,32530.7593121483,,,
GUM,Guam,GU,2014,5610000000.0,33900.1486530583,,,
GUM,Guam,GU,2015,5799000000.0,35165.7014644795,,,
GUM,Guam,GU,2016,5901000000.0,35930.6594898711,,,
GUM,Guam,GU,2017,6013000000.0,36779.0078903909,,,
GUM,Guam,GU,2018,6051000000.0,37195.9503070464,,,
GUM,Guam,GU,2019,6355000000.0,39274.9431424899,,,
GUM,Guam,GU,2020,5916000000.0,36482.9363953675,,,
GUM,Guam,GU,2021,6234000000.0,38074.8793745801,,,
GUM,Guam,GU,2022,6910000000.0,41833.1517132825,,,
GUM,Guam,GU,2023,,,,,
GUM,Guam,GU,2024,,,,,
GUY,Guyana,GY,1960,170216241.126064,299.074645785091,,,
GUY,Guyana,GY,1961,185849535.376162,319.017754796284,,,
GUY,Guyana,GY,1962,194949512.626218,327.392579238974,,,
GUY,Guyana,GY,1963,175757893.938598,288.820390442321,,,
GUY,Guyana,GY,1964,194774513.063717,313.261161893769,,,
GUY,Guyana,GY,1965,213235294.117647,335.73593687831,,,
GUY,Guyana,GY,1966,228705882.352941,352.589675035291,,,
GUY,Guyana,GY,1967,250176470.588235,377.732621967981,,,
GUY,Guyana,GY,1968,229750000.0,339.786441079035,,,
GUY,Guyana,GY,1969,249300000.0,361.187616176221,,,
GUY,Guyana,GY,1970,267800000.0,381.098754100227,,,
GUY,Guyana,GY,1971,282050000.0,395.769663599294,,,
GUY,Guyana,GY,1972,285380952.380952,395.474264576572,,,
GUY,Guyana,GY,1973,307047619.047619,420.533678630093,,,
GUY,Guyana,GY,1974,433954545.454545,587.968877003464,,,
GUY,Guyana,GY,1975,494791666.666667,663.799722651899,,,
GUY,Guyana,GY,1976,454440000.0,604.105267775602,,,
GUY,Guyana,GY,1977,449880000.0,592.99759837818,,,
GUY,Guyana,GY,1978,507080000.0,663.208586084495,,,
GUY,Guyana,GY,1979,530440000.0,688.827652838343,,,
GUY,Guyana,GY,1980,603200000.0,778.958814102357,,,
GUY,Guyana,GY,1981,570357107.142857,734.567458871119,,,
GUY,Guyana,GY,1982,482000000.0,620.564636570569,,,
GUY,Guyana,GY,1983,489333333.333333,630.672779209107,,,
GUY,Guyana,GY,1984,437631605.263158,565.33443558244,,,
GUY,Guyana,GY,1985,453488372.093023,587.818395225034,,,
GUY,Guyana,GY,1986,504651139.534884,657.014000212061,,,
GUY,Guyana,GY,1987,354591846.938775,464.052566270711,,,
GUY,Guyana,GY,1988,413799990.0,544.715209244099,,,
GUY,Guyana,GY,1989,379779389.705882,503.109019103922,,,
GUY,Guyana,GY,1990,396582263.291139,528.851095342994,2265886845.433,,
GUY,Guyana,GY,1991,348533094.812165,466.039938988882,2484421279.26989,,
GUY,Guyana,GY,1992,373573141.486811,498.156636569954,2738168417.95947,,
GUY,Guyana,GY,1993,454101382.488479,603.084316652805,3032225989.10271,,
GUY,Guyana,GY,1994,540874934.201012,715.611525201717,3361216618.89693,,
GUY,Guyana,GY,1995,621626785.915493,819.668541584905,3604354552.51614,,
GUY,Guyana,GY,1996,705406001.424501,927.523847211669,3962336483.63007,,
GUY,Guyana,GY,1997,749138009.56454,982.804753805587,4279786834.39556,,
GUY,Guyana,GY,1998,717530683.169567,939.685488169724,4255216160.92432,,
GUY,Guyana,GY,1999,694754988.258295,908.790631391797,4443174972.49652,,
GUY,Guyana,GY,2000,712667896.727512,931.796651718955,4481852741.84704,,
GUY,Guyana,GY,2001,712167450.162898,931.574723847673,4687235406.86868,,
GUY,Guyana,GY,2002,726131434.715338,950.866932470993,4813988685.11215,,
GUY,Guyana,GY,2003,743063950.317749,973.742598054188,4877995825.19702,,
GUY,Guyana,GY,2004,787814379.183843,1033.31030902188,5087480361.73336,,
GUY,Guyana,GY,2005,824880550.343965,1084.06541388904,5144629329.77797,,
GUY,Guyana,GY,2006,2379817990.6918,3135.60553528326,5575318912.16119,,
GUY,Guyana,GY,2007,2730971595.39574,3608.28685240188,6138165415.04716,,
GUY,Guyana,GY,2008,3025187433.33637,4008.9628671603,6366244373.57373,,
GUY,Guyana,GY,2009,3165663152.73351,4209.13230624565,6636845682.44438,,
GUY,Guyana,GY,2010,3432912516.92427,4581.76179693492,6995502297.45768,,
GUY,Guyana,GY,2011,3691384317.52178,4947.22170589917,7510830548.78362,,
GUY,Guyana,GY,2012,4063088535.76331,5444.39751913913,7930672473.7072,,
GUY,Guyana,GY,2013,4167800928.83553,5556.91231156932,8400150803.44364,,
GUY,Guyana,GY,2014,4127660151.8087,5472.68820452237,8405904168.05223,,
GUY,Guyana,GY,2015,4279840193.7046,5640.41560569466,8656533235.33949,,
GUY,Guyana,GY,2016,4482697336.56174,5870.87823759835,8793308785.64102,,
GUY,Guyana,GY,2017,4748174334.14044,6178.6650437298,9408659458.00787,,
GUY,Guyana,GY,2018,4787636997.85343,6048.38697180418,9848942431.25036,,
GUY,Guyana,GY,2019,5173760191.84652,6405.82443444562,10694269146.4903,,
GUY,Guyana,GY,2020,5471256594.72422,6775.70939096303,13581364399.677,,
GUY,Guyana,GY,2021,8041362110.31175,9860.87014834386,18646751960.8246,,
GUY,Guyana,GY,2022,14718388489.2086,17913.4928066879,32628001896.9885,,
GUY,Guyana,GY,2023,16918503597.1223,20473.7002190617,45225503511.8058,,
GUY,Guyana,GY,2024,24835899825.8993,29883.6341152001,66408625273.3259,,
HKG,"Hong Kong SAR, China",HK,1960,1320796651.69457,426.773807917233,,,
HKG,"Hong Kong SAR, China",HK,1961,1383681651.13776,436.754411520393,,,
HKG,"Hong Kong SAR, China",HK,1962,1612346412.26475,487.821134050813,,,
HKG,"Hong Kong SAR, China",HK,1963,1935298266.45384,565.727810358046,,,
HKG,"Hong Kong SAR, China",HK,1964,2206466461.26434,629.591525784494,,,
HKG,"Hong Kong SAR, China",HK,1965,2435078534.03141,676.805507110096,,,
HKG,"Hong Kong SAR, China",HK,1966,2489845016.64894,685.926614135084,,,
HKG,"Hong Kong SAR, China",HK,1967,2692474989.12571,723.239225616661,,,
HKG,"Hong Kong SAR, China",HK,1968,2716964388.42418,714.48296958061,,,
HKG,"Hong Kong SAR, China",HK,1969,3189740055.13982,825.523449142012,,,
HKG,"Hong Kong SAR, China",HK,1970,3800766535.62088,960.031961510704,,,
HKG,"Hong Kong SAR, China",HK,1971,4476001946.01486,1106.46971695915,,,
HKG,"Hong Kong SAR, China",HK,1972,5710090213.15035,1384.7342645141,,,
HKG,"Hong Kong SAR, China",HK,1973,8030117555.62033,1893.18124189464,,,
HKG,"Hong Kong SAR, China",HK,1974,9388695366.84578,2144.61495884823,,,
HKG,"Hong Kong SAR, China",HK,1975,10048089558.0636,2252.12694057369,,,
HKG,"Hong Kong SAR, China",HK,1976,12876366008.8077,2850.0146101832,,,
HKG,"Hong Kong SAR, China",HK,1977,15719433719.4337,3429.42027607254,,,
HKG,"Hong Kong SAR, China",HK,1978,18315136409.1427,3923.9713784987,,,
HKG,"Hong Kong SAR, China",HK,1979,22526184533.17,4569.4838495588,,,
HKG,"Hong Kong SAR, China",HK,1980,28861857810.6515,5700.43210891578,,,
HKG,"Hong Kong SAR, China",HK,1981,31055226088.6943,5991.28488804536,,,
HKG,"Hong Kong SAR, China",HK,1982,32291215843.6433,6133.7668997328,,,
HKG,"Hong Kong SAR, China",HK,1983,29907227184.179,5595.26055343754,,,
HKG,"Hong Kong SAR, China",HK,1984,33511383985.6741,6208.22615937199,,,
HKG,"Hong Kong SAR, China",HK,1985,35699772165.7093,6542.97352840976,,,
HKG,"Hong Kong SAR, China",HK,1986,41075396884.8952,7434.99925513073,,,
HKG,"Hong Kong SAR, China",HK,1987,50622896162.6006,9071.39076473445,,,
HKG,"Hong Kong SAR, China",HK,1988,59707404560.5944,10609.7456394545,,,
HKG,"Hong Kong SAR, China",HK,1989,68790219177.9733,12097.7487914553,,,
HKG,"Hong Kong SAR, China",HK,1990,76928784620.8158,13485.6314525052,104117287059.4,,
HKG,"Hong Kong SAR, China",HK,1991,88959997899.9293,15465.9245305858,113775873175.395,,
HKG,"Hong Kong SAR, China",HK,1992,104272507639.282,17976.4688629053,123624191305.327,,
HKG,"Hong Kong SAR, China",HK,1993,120354212475.0,20395.5621886121,134402292352.285,,
HKG,"Hong Kong SAR, China",HK,1994,135811771026.33,22502.5302426236,145557772070.756,,
HKG,"Hong Kong SAR, China",HK,1995,144652295363.667,23497.3920767477,152137220142.922,,
HKG,"Hong Kong SAR, China",HK,1996,159718183550.734,24818.3021600084,161519826018.666,,
HKG,"Hong Kong SAR, China",HK,1997,177353174849.714,27330.0933613355,172684270268.364,,
HKG,"Hong Kong SAR, China",HK,1998,168885443660.072,25808.8609899709,164352411813.09,,
HKG,"Hong Kong SAR, China",HK,1999,165768095391.557,25091.6665997966,170856272032.169,,
HKG,"Hong Kong SAR, China",HK,2000,171668891194.349,25756.7728723704,188116505110.416,,
HKG,"Hong Kong SAR, China",HK,2001,169404327616.605,25230.3780910304,193431174321.998,,
HKG,"Hong Kong SAR, China",HK,2002,166348866131.028,24665.8362318216,199691469620.501,,
HKG,"Hong Kong SAR, China",HK,2003,161385558801.811,23977.1734120477,209857660990.607,,
HKG,"Hong Kong SAR, China",HK,2004,169099768875.193,24928.1003722551,234249599424.134,,
HKG,"Hong Kong SAR, China",HK,2005,181569311742.213,26649.637724155,259443808617.76,,
HKG,"Hong Kong SAR, China",HK,2006,193535442896.365,28224.0951563146,286253009593.583,,
HKG,"Hong Kong SAR, China",HK,2007,211596944503.8,30593.9511738646,313015583455.807,,
HKG,"Hong Kong SAR, China",HK,2008,219278749139.734,31515.5292103443,325835542013.348,,
HKG,"Hong Kong SAR, China",HK,2009,214047795659.045,30697.5383861641,319783056302.779,,
HKG,"Hong Kong SAR, China",HK,2010,228638668727.291,32550.136489179,345574196297.01,,
HKG,"Hong Kong SAR, China",HK,2011,248513617677.287,35142.4879344543,369685331700.329,,
HKG,"Hong Kong SAR, China",HK,2012,262628865879.697,36730.796195815,372875436044.484,,
HKG,"Hong Kong SAR, China",HK,2013,275696879834.966,38403.7777145477,384196203206.691,,
HKG,"Hong Kong SAR, China",HK,2014,291459995978.893,40315.3739510191,394115663343.846,,
HKG,"Hong Kong SAR, China",HK,2015,309385622601.348,42432.1619740441,408626637207.136,,
HKG,"Hong Kong SAR, China",HK,2016,320860317562.562,43734.1980702999,416436291872.847,,
HKG,"Hong Kong SAR, China",HK,2017,341273289534.466,46160.429791493,438127783294.236,,
HKG,"Hong Kong SAR, China",HK,2018,361731070995.726,48537.5668888343,453865391644.541,,
HKG,"Hong Kong SAR, China",HK,2019,363074545072.389,48359.0011950597,459644295764.893,,
HKG,"Hong Kong SAR, China",HK,2020,344943149590.058,46109.2299946609,435300511002.663,,
HKG,"Hong Kong SAR, China",HK,2021,368954169748.818,49770.5642374739,488411631115.747,,
HKG,"Hong Kong SAR, China",HK,2022,358679533984.718,48825.8441873536,503958247509.736,,
HKG,"Hong Kong SAR, China",HK,2023,381066399066.208,50565.4647717265,538875248007.027,,
HKG,"Hong Kong SAR, China",HK,2024,407106738445.069,54107.034521746,565930796570.721,,
HND,Honduras,HN,1960,335650000.0,162.774119084799,,,
HND,Honduras,HN,1961,356200000.0,167.920491862786,,,
HND,Honduras,HN,1962,387750000.0,177.698729276502,,,
HND,Honduras,HN,1963,410200000.0,182.727079155304,,,
HND,Honduras,HN,1964,457000000.0,197.847916860582,,,
HND,Honduras,HN,1965,508650000.0,213.974087533974,,,
HND,Honduras,HN,1966,549950000.0,224.767456925531,,,
HND,Honduras,HN,1967,598100000.0,237.468673669365,,,
HND,Honduras,HN,1968,646800000.0,249.435319007642,,,
HND,Honduras,HN,1969,668000050.0,250.160207378302,,,
HND,Honduras,HN,1970,723000000.0,262.840752313489,,,
HND,Honduras,HN,1971,731000000.0,257.883254733622,,,
HND,Honduras,HN,1972,802996336.516486,274.804500009748,,,
HND,Honduras,HN,1973,912499493.750253,303.009104141963,,,
HND,Honduras,HN,1974,1034500000.0,333.727332671793,,,
HND,Honduras,HN,1975,1124000000.0,351.994247837772,,,
HND,Honduras,HN,1976,1347999950.0,409.172118500864,,,
HND,Honduras,HN,1977,1669499950.0,491.223719383109,,,
HND,Honduras,HN,1978,3097242093.0,883.547221294305,,,
HND,Honduras,HN,1979,3544281976.5,980.442767610674,,,
HND,Honduras,HN,1980,3968160046.0,1064.65679108536,,,
HND,Honduras,HN,1981,4043894878.5,1052.61024413696,,,
HND,Honduras,HN,1982,4266503525.5,1077.74606527652,,,
HND,Honduras,HN,1983,4476697185.0,1097.72098615704,,,
HND,Honduras,HN,1984,4915311846.5,1170.354142767,,,
HND,Honduras,HN,1985,5278120712.5,1220.84274445556,,,
HND,Honduras,HN,1986,5677828959.0,1276.23237996637,,,
HND,Honduras,HN,1987,6190521241.5,1352.55472392946,,,
HND,Honduras,HN,1988,5902717091.41631,1253.84921085629,,,
HND,Honduras,HN,1989,5432344901.72414,1121.9592439326,,,
HND,Honduras,HN,1990,4923009551.55642,988.459273781288,10158674299.2019,,
HND,Honduras,HN,1991,4648668478.56753,907.271114551007,10153620374.7368,,
HND,Honduras,HN,1992,4943700431.07368,937.828918006075,11015759481.1975,,
HND,Honduras,HN,1993,4926728932.95069,908.446013257125,12009382381.2044,,
HND,Honduras,HN,1994,4642280682.14252,832.062972379136,12291798197.3512,,
HND,Honduras,HN,1995,5347445005.21376,931.669547257738,13326246861.3406,,
HND,Honduras,HN,1996,5215028986.48649,883.311249797422,13824087506.5471,,
HND,Honduras,HN,1997,5737099650.19011,944.930102441707,14709081060.5276,,
HND,Honduras,HN,1998,6366340265.87888,1021.15818843434,15408416678.0246,,
HND,Honduras,HN,1999,6414520529.61672,1002.19633011186,15511504663.69,,
HND,Honduras,HN,2000,7186638029.05875,1092.56400746252,17019478118.6271,,
HND,Honduras,HN,2001,7651162302.3456,1132.1648753329,17876613256.4252,,
HND,Honduras,HN,2002,7858255412.86038,1132.49965345317,18835992941.9785,,
HND,Honduras,HN,2003,8230391346.67228,1156.08162681357,20081264093.0021,,
HND,Honduras,HN,2004,8869299234.3377,1215.13995412761,21906446701.8985,,
HND,Honduras,HN,2005,9757012696.56212,1304.70039153826,23960344227.6387,,
HND,Honduras,HN,2006,10917477066.1429,1425.84780051892,26321301510.4713,,
HND,Honduras,HN,2007,12361257680.5627,1577.73789197407,28707391566.7137,,
HND,Honduras,HN,2008,13881731875.7466,1732.49062702803,30498687000.3987,,
HND,Honduras,HN,2009,14587496229.1811,1781.15703614674,29940608307.778,,
HND,Honduras,HN,2010,15839344591.9842,1893.32722662035,31435174934.2812,,
HND,Honduras,HN,2011,17710275685.4074,2073.66121088074,33314349143.9269,,
HND,Honduras,HN,2012,18528554397.5695,2126.03474686503,35002761425.5249,,
HND,Honduras,HN,2013,18499729214.904,2081.12843527945,36777848313.4206,,
HND,Honduras,HN,2014,19756533971.8698,2179.88171977271,40422044599.9769,,
HND,Honduras,HN,2015,20979791685.416,2271.20265980349,44760245066.2342,,
HND,Honduras,HN,2016,21717604952.1835,2307.34468351082,48814099005.3134,,
HND,Honduras,HN,2017,23136247990.5977,2413.0076562942,53891605878.8263,,
HND,Honduras,HN,2018,24067750760.499,2464.64241531918,55011170333.9628,,
HND,Honduras,HN,2019,24882225741.8119,2502.32744328073,57523228910.7116,,
HND,Honduras,HN,2020,23352232483.755,2307.61494319511,54491208505.2883,,
HND,Honduras,HN,2021,28144331506.6149,2735.14751503977,63827909343.1217,,
HND,Honduras,HN,2022,31426041806.7985,3003.28996826399,71211813748.7635,,
HND,Honduras,HN,2023,34355805527.9795,3227.45762509776,76412349804.3719,,
HND,Honduras,HN,2024,37093565854.0437,3426.43483328923,81041415057.1236,,
HRV,Croatia,HR,1960,,,,,
HRV,Croatia,HR,1961,,,,,
HRV,Croatia,HR,1962,,,,,
HRV,Croatia,HR,1963,,,,,
HRV,Croatia,HR,1964,,,,,
HRV,Croatia,HR,1965,,,,,
HRV,Croatia,HR,1966,,,,,
HRV,Croatia,HR,1967,,,,,
HRV,Croatia,HR,1968,,,,,
HRV,Croatia,HR,1969,,,,,
HRV,Croatia,HR,1970,,,,,
HRV,Croatia,HR,1971,,,,,
HRV,Croatia,HR,1972,,,,,
HRV,Croatia,HR,1973,,,,,
HRV,Croatia,HR,1974,,,,,
HRV,Croatia,HR,1975,,,,,
HRV,Croatia,HR,1976,,,,,
HRV,Croatia,HR,1977,,,,,
HRV,Croatia,HR,1978,,,,,
HRV,Croatia,HR,1979,,,,,
HRV,Croatia,HR,1980,,,,,
HRV,Croatia,HR,1981,,,,,
HRV,Croatia,HR,1982,,,,,
HRV,Croatia,HR,1983,,,,,
HRV,Croatia,HR,1984,,,,,
HRV,Croatia,HR,1985,,,,,
HRV,Croatia,HR,1986,,,,,
HRV,Croatia,HR,1987,,,,,
HRV,Croatia,HR,1988,,,,,
HRV,Croatia,HR,1989,,,,,
HRV,Croatia,HR,1990,25650213279.6781,5369.10978590681,45475799070.4828,,
HRV,Croatia,HR,1991,18760386774.7973,4000.91677428625,37099139426.4368,,
HRV,Croatia,HR,1992,10621169290.9986,2321.15204123035,33500016503.2774,,
HRV,Croatia,HR,1993,11259647874.4986,2447.50319141761,31541776585.4531,,
HRV,Croatia,HR,1994,15062911616.8222,3237.92646315285,34106444543.4962,,
HRV,Croatia,HR,1995,22772394546.6058,4929.05772183424,37174956923.7285,,
HRV,Croatia,HR,1996,24150978346.5253,5299.6410536193,40113146772.3555,,
HRV,Croatia,HR,1997,24175764812.1218,5331.02343858808,43234064052.9844,,
HRV,Croatia,HR,1998,25890228429.7214,5712.58985659548,44817858694.5223,,
HRV,Croatia,HR,1999,23777026779.3004,5269.03394637289,44867134958.1641,,
HRV,Croatia,HR,2000,22134411297.473,4953.65158789022,47686862824.6358,,
HRV,Croatia,HR,2001,23066883849.6467,5364.83824691607,50108945961.1753,,
HRV,Croatia,HR,2002,26757722428.6781,6219.58164143945,54958851071.7004,,
HRV,Croatia,HR,2003,35245317001.8224,8190.11135193887,58927684075.8699,,
HRV,Croatia,HR,2004,41836292157.3335,9718.97322801967,63226407781.0111,,
HRV,Croatia,HR,2005,45013119281.806,10443.5278353294,66595348751.1392,,
HRV,Croatia,HR,2006,49590197656.5482,11502.753124287,76026709345.8611,,
HRV,Croatia,HR,2007,59298265769.9946,13757.605654192,84354289621.5807,,
HRV,Croatia,HR,2008,68478776205.9826,15889.4347074759,90589128468.1697,,
HRV,Croatia,HR,2009,62321642125.1721,14475.9632928725,87608503059.0278,,
HRV,Croatia,HR,2010,58981738868.753,13731.2865213989,86526005710.7566,,
HRV,Croatia,HR,2011,62903737379.7834,14694.9993201417,90731018430.1152,,
HRV,Croatia,HR,2012,57551963753.2104,13508.6836989693,92110062159.0551,,
HRV,Croatia,HR,2013,59852401272.3204,14136.3967669505,94976352914.9265,,
HRV,Croatia,HR,2014,59612144078.4133,14187.9694531493,95410818004.3344,,
HRV,Croatia,HR,2015,51005200669.6941,12285.3032582105,98640632987.7916,,
HRV,Croatia,HR,2016,52654855638.1057,12821.1738140304,105974174461.382,,
HRV,Croatia,HR,2017,56186190437.9959,13902.6310485422,112711335186.212,,
HRV,Croatia,HR,2018,61668130122.5878,15460.4183295843,118820296677.403,,
HRV,Croatia,HR,2019,61467582193.6824,15563.8167397199,130581473283.129,,
HRV,Croatia,HR,2020,57963370885.0798,14808.4620188819,123673080238.848,,
HRV,Croatia,HR,2021,69006802298.6956,17789.9304736722,143260829579.288,,
HRV,Croatia,HR,2022,71198635101.9514,18466.0955472648,161780896899.541,,
HRV,Croatia,HR,2023,84393795502.4421,21865.4562838641,176012568553.046,,
HRV,Croatia,HR,2024,92526176108.621,23931.4528382746,187807190506.827,,
HTI,Haiti,HT,1960,273187200.0,70.8024454423715,,,
HTI,Haiti,HT,1961,271066000.0,68.99056510131,,,
HTI,Haiti,HT,1962,281896800.0,70.4464617057034,,,
HTI,Haiti,HT,1963,294883400.0,72.3983493523801,,,
HTI,Haiti,HT,1964,325281200.0,78.4520158485608,,,
HTI,Haiti,HT,1965,353251800.0,83.6332514169638,,,
HTI,Haiti,HT,1966,368948600.0,85.7493738145357,,,
HTI,Haiti,HT,1967,369124200.0,84.217267674485,,,
HTI,Haiti,HT,1968,367968800.0,82.4057717596557,,,
HTI,Haiti,HT,1969,391820400.0,86.1269803448153,,,
HTI,Haiti,HT,1970,331200000.0,71.4543990624631,,,
HTI,Haiti,HT,1971,362800000.0,76.8116150679491,,,
HTI,Haiti,HT,1972,371998958.402916,77.2765182599349,,,
HTI,Haiti,HT,1973,466798973.042259,95.1341802581181,,,
HTI,Haiti,HT,1974,565399321.520814,113.039260601755,,,
HTI,Haiti,HT,1975,681400000.0,133.631792050575,,,
HTI,Haiti,HT,1976,879000000.0,169.091888071558,,,
HTI,Haiti,HT,1977,947000000.0,178.696912675895,,,
HTI,Haiti,HT,1978,974200000.0,180.321253919424,,,
HTI,Haiti,HT,1979,1080600000.0,196.20196855612,,,
HTI,Haiti,HT,1980,1383800000.0,246.46927157982,,,
HTI,Haiti,HT,1981,1479400000.0,258.468043101302,,,
HTI,Haiti,HT,1982,1474200000.0,252.607250558051,,,
HTI,Haiti,HT,1983,1623600000.0,272.823694996686,,,
HTI,Haiti,HT,1984,1816200000.0,299.247186216373,,,
HTI,Haiti,HT,1985,2009400000.0,324.575156092964,,,
HTI,Haiti,HT,1986,2318000000.0,366.997344256492,,,
HTI,Haiti,HT,1987,2047200000.0,317.635520687503,,,
HTI,Haiti,HT,1988,2613926800.0,397.365336276412,,,
HTI,Haiti,HT,1989,2736243800.0,407.498708064211,,,
HTI,Haiti,HT,1990,3096289800.0,451.720249689216,15095040161.6898,,
HTI,Haiti,HT,1991,3473562627.79423,496.545987433864,15898994834.6776,,
HTI,Haiti,HT,1992,2257129791.61575,316.276513134354,15397845129.404,,
HTI,Haiti,HT,1993,1878253767.31305,258.066372258817,14907486585.0065,,
HTI,Haiti,HT,1994,2167569046.11837,292.134224374091,13406213163.3286,,
HTI,Haiti,HT,1995,2813313278.81082,372.006104665125,15042028577.937,,
HTI,Haiti,HT,1996,2907517603.76719,377.229465025972,15951672045.2623,,
HTI,Haiti,HT,1997,3338949151.59927,425.111085879256,16665637504.6318,,
HTI,Haiti,HT,1998,3723903723.63772,465.363306259051,17220641048.4529,,
HTI,Haiti,HT,1999,4153725883.84082,509.578585275375,17937656673.1141,,
HTI,Haiti,HT,2000,6813566098.8675,820.600046761464,18503583099.6426,,
HTI,Haiti,HT,2001,6331970324.31022,748.821159844528,18855377739.6979,,
HTI,Haiti,HT,2002,6205847213.6351,720.969568042522,19349795916.1406,,
HTI,Haiti,HT,2003,5071947798.27263,578.995291079709,20418643035.7153,,
HTI,Haiti,HT,2004,6087360684.2969,683.185298155273,20691393741.8027,,
HTI,Haiti,HT,2005,7030149730.33692,775.845704056916,21995769796.1691,,
HTI,Haiti,HT,2006,7638739122.67242,828.805700289589,23075131412.5128,,
HTI,Haiti,HT,2007,9228637767.69009,984.566983448521,24815757912.8711,,
HTI,Haiti,HT,2008,10432962634.8748,1094.66058421644,25966205176.8208,,
HTI,Haiti,HT,2009,11597002834.7786,1196.8528706018,27665301315.3342,,
HTI,Haiti,HT,2010,11859312725.1448,1209.72733503094,26419005242.4272,,
HTI,Haiti,HT,2011,13008746038.8867,1312.03953552013,28338743512.0008,,
HTI,Haiti,HT,2012,13708925477.1304,1361.39396587374,28499373298.6682,,
HTI,Haiti,HT,2013,14902488604.2421,1457.83221179626,31101506421.0806,,
HTI,Haiti,HT,2014,15146883497.6331,1460.18898613914,31905357619.7515,,
HTI,Haiti,HT,2015,14849629308.6025,1411.12684746796,31841589929.642,,
HTI,Haiti,HT,2016,14069277526.2278,1318.40268167953,34719284269.453,,
HTI,Haiti,HT,2017,15093357161.1498,1395.23945184461,36124687052.1535,,
HTI,Haiti,HT,2018,16403864617.8458,1496.38048970156,35046384798.4854,,
HTI,Haiti,HT,2019,15016090929.5125,1352.17204191532,35947134169.5494,,
HTI,Haiti,HT,2020,14508222518.3018,1290.32538667383,34891691692.7124,,
HTI,Haiti,HT,2021,20877414952.6375,1835.44394078496,35658760079.8831,,
HTI,Haiti,HT,2022,20253551920.5516,1760.62635668777,37558509107.2691,,
HTI,Haiti,HT,2023,19850585722.3241,1705.75808460999,38184773698.6659,,
HTI,Haiti,HT,2024,25224154990.7946,2142.62330526788,37477453598.1256,,
HUN,Hungary,HU,1960,,,,,
HUN,Hungary,HU,1961,,,,,
HUN,Hungary,HU,1962,,,,,
HUN,Hungary,HU,1963,,,,,
HUN,Hungary,HU,1964,,,,,
HUN,Hungary,HU,1965,,,,,
HUN,Hungary,HU,1966,,,,,
HUN,Hungary,HU,1967,,,,,
HUN,Hungary,HU,1968,4886222554.66355,476.434350138292,,,
HUN,Hungary,HU,1969,5429812386.53195,527.231617602682,,,
HUN,Hungary,HU,1970,5780929202.60333,559.197091346639,,,
HUN,Hungary,HU,1971,6291568220.79393,606.852738581394,,,
HUN,Hungary,HU,1972,7379313742.13684,709.652502602719,,,
HUN,Hungary,HU,1973,9138292402.1882,875.981999921224,,,
HUN,Hungary,HU,1974,10016338178.9993,955.874207823024,,,
HUN,Hungary,HU,1975,11420392514.6172,1083.47473343284,,,
HUN,Hungary,HU,1976,13235612078.8396,1248.79851313891,,,
HUN,Hungary,HU,1977,14783674054.829,1388.39509904029,,,
HUN,Hungary,HU,1978,17286744153.707,1617.87853402771,,,
HUN,Hungary,HU,1979,19959731324.801,1864.67188851588,,,
HUN,Hungary,HU,1980,23116977148.0216,2158.22181355246,,,
HUN,Hungary,HU,1981,23705883891.9445,2213.05267699322,,,
HUN,Hungary,HU,1982,24141667188.0517,2255.06405686887,,,
HUN,Hungary,HU,1983,21910365258.2514,2049.71617921793,,,
HUN,Hungary,HU,1984,21242726264.4854,1991.23894795513,,,
HUN,Hungary,HU,1985,21510643750.177,2020.02286569062,,,
HUN,Hungary,HU,1986,24778163812.0131,2330.84188308476,,,
HUN,Hungary,HU,1987,27232016527.4237,2565.9739107384,,,
HUN,Hungary,HU,1988,29799838597.4079,2812.23754602897,,,
HUN,Hungary,HU,1989,30422508937.567,2902.43508126549,,,
HUN,Hungary,HU,1990,34478360678.756,3323.53967237633,95057176828.1365,,
HUN,Hungary,HU,1991,34867307352.646,3361.22268037924,86585304880.6239,70.9952478217972,
HUN,Hungary,HU,1992,38857339124.9084,3747.32966394956,85844920356.3971,75.2294883851339,-6.048270882785935
HUN,Hungary,HU,1993,40256233360.3817,3886.66608419616,87373450730.4508,85.8326049732293,3.480988290381038
HUN,Hungary,HU,1994,43307949890.4603,4187.0311799663,91869265058.8454,83.0469530647097,0.3142832328677013
HUN,Hungary,HU,1995,46577614588.9926,4509.41740910077,95192780701.2838,85.8329587620979,1.207459911570051
HUN,Hungary,HU,1996,46833767123.6915,4542.0120380978,96761491670.6575,74.7296832293098,-3.1747205214227177
HUN,Hungary,HU,1997,47398564799.2496,4606.0569733295,101300875398.77,67.1725660018478,-0.696106295798142
HUN,Hungary,HU,1998,48784412623.5939,4751.7732430202,106922228869.257,64.0609970246077,-0.10443234134160277
HUN,Hungary,HU,1999,49160204397.4635,4801.95949584162,111512148211.518,66.6676130729647,0.3316297348172768
HUN,Hungary,HU,2000,47275954428.9586,4629.91760812548,121195358449.848,61.1369122307752,-0.39975132139167746
HUN,Hungary,HU,2001,53800068065.7969,5280.94887987063,134721896106.528,59.3104335567133,0.22222943774919426
HUN,Hungary,HU,2002,67636468625.0428,6658.04494326809,147628015412.936,58.990636010179,0.6190961979670948
HUN,Hungary,HU,2003,85190469121.074,8410.09248198479,156622449025.926,59.8296815502685,1.230761584986619
HUN,Hungary,HU,2004,104015363080.271,10291.2694721409,164269732230.172,63.0718340903114,1.9137791099431534
HUN,Hungary,HU,2005,113098237570.929,11212.2046968994,172400813274.61,65.2922510023179,1.0133938991078861
HUN,Hungary,HU,2006,115604111412.139,11478.4891640501,184969947263.833,68.4509493873209,0.42069140506500713
HUN,Hungary,HU,2007,140123326896.329,13934.605460375,191964742346.73,69.1717704501836,2.543844962522363
HUN,Hungary,HU,2008,158228265915.534,15762.6322515113,207878441304.937,72.6965505214979,1.1374291602614637
HUN,Hungary,HU,2009,130807441076.16,13051.1831777184,207275141480.958,81.2715110436077,14.449378242827999
HUN,Hungary,HU,2010,131898737241.166,13189.8433874768,216934519611.679,81.4521758815481,0.11648860909221989
HUN,Hungary,HU,2011,141712804953.868,14211.460557822,229272125664.901,90.7091826398842,1.7112019572855437
HUN,Hungary,HU,2012,128470269689.958,12950.1594488143,230205082153.03,94.3996155079431,-7.793596521260007
HUN,Hungary,HU,2013,135646053778.582,13739.4620151401,242786701094.945,94.7599117618678,0.57724210796967
HUN,Hungary,HU,2014,141128696412.321,14352.501883174,253655114129.22,98.6050135301158,0.9773174142082741
HUN,Hungary,HU,2015,125244126623.289,12782.9412577973,264000114278.855,96.3435073362669,-1.7878574773482125
HUN,Hungary,HU,2016,128983560865.293,13215.8605277789,275019599716.579,96.4972044136958,0.34492954214373467
HUN,Hungary,HU,2017,143335098991.862,14736.1668157258,289157120615.007,91.8441738086318,0.5078264506341365
HUN,Hungary,HU,2018,161184691013.835,16605.0570511887,313129747062.98,86.1973246810211,0.3041783518489858
HUN,Hungary,HU,2019,164936682033.992,17012.8598553199,345399739504.719,82.9051914690244,-0.0680452408014452
HUN,Hungary,HU,2020,158468487754.196,16386.9308821258,344108181960.693,95.2231106008826,-10.961610951267168
HUN,Hungary,HU,2021,183282685440.486,19030.628130329,374519891736.617,86.3675279469398,0.2432648891660199
HUN,Hungary,HU,2022,177536698164.902,18483.6366867035,422741088429.769,75.3002436876482,-0.5103804945602465
HUN,Hungary,HU,2023,214022571311.24,22312.1790289763,435174441789.902,,
HUN,Hungary,HU,2024,222904723252.11,23310.7512733957,455509390728.313,,
IDN,Indonesia,ID,1960,,,,,
IDN,Indonesia,ID,1961,,,,,
IDN,Indonesia,ID,1962,,,,,
IDN,Indonesia,ID,1963,,,,,
IDN,Indonesia,ID,1964,,,,,
IDN,Indonesia,ID,1965,,,,,
IDN,Indonesia,ID,1966,,,,,
IDN,Indonesia,ID,1967,5667756627.92093,53.2051866988581,,,
IDN,Indonesia,ID,1968,7076465299.81141,64.6547730642556,,,
IDN,Indonesia,ID,1969,8337423312.88344,74.0988114128793,,,
IDN,Indonesia,ID,1970,9150684931.50685,79.118823484002,,,
IDN,Indonesia,ID,1971,9333536369.94567,78.5428393869752,,,
IDN,Indonesia,ID,1972,10997590361.4458,90.1147549138956,,,
IDN,Indonesia,ID,1973,16273253012.0482,129.886231088685,,,
IDN,Indonesia,ID,1974,25802409638.5542,200.710984454591,,,
IDN,Indonesia,ID,1975,30463855421.6867,231.060120618497,,,
IDN,Indonesia,ID,1976,37269156626.506,275.713167824796,,,
IDN,Indonesia,ID,1977,45808915662.6506,330.670214101079,,,
IDN,Indonesia,ID,1978,51455719075.8254,362.483779779007,,,
IDN,Indonesia,ID,1979,51400186342.8889,353.424175826329,,,
IDN,Indonesia,ID,1980,72482337397.4439,486.620172021155,,,
IDN,Indonesia,ID,1981,85518233419.0479,560.830336032961,,,
IDN,Indonesia,ID,1982,90158449294.9921,577.745632722784,,,
IDN,Indonesia,ID,1983,81052283383.7155,507.682945653414,,,
IDN,Indonesia,ID,1984,84853700027.651,519.774063103241,,,
IDN,Indonesia,ID,1985,85289488375.4435,511.400883618027,,,
IDN,Indonesia,ID,1986,79954072544.5279,469.834241253429,,,
IDN,Indonesia,ID,1987,75929617557.7521,437.60655039936,,,
IDN,Indonesia,ID,1988,84300174485.7973,476.662483405818,,,
IDN,Indonesia,ID,1989,94451427876.6628,524.143027322576,,,
IDN,Indonesia,ID,1990,106140727333.636,578.420121135382,558566694678.06,45.7414523316285,
IDN,Indonesia,ID,1991,116621996217.133,624.387495384411,617370051370.727,40.2756295663842,-0.026870353960947623
IDN,Indonesia,ID,1992,128026966579.964,673.67103954742,672466806852.455,42.7093574260874,0.1399220607760812
IDN,Indonesia,ID,1993,158006700301.533,817.395116417856,733128147378.086,37.4975968521644,0.07532343796674847
IDN,Indonesia,ID,1994,176892143931.505,899.793982949817,805239825929.477,36.5705901605804,0.07546330378511552
IDN,Indonesia,ID,1995,202132028723.115,1011.22614205568,889701784258.397,30.8043248823304,-0.028712265407071356
IDN,Indonesia,ID,1996,227369679374.973,1118.92133024129,976822132354.503,23.92314220907,-0.09035128134760369
IDN,Indonesia,ID,1997,215748998609.635,1044.60674832472,1040368063191.52,72.4853185253111,1.605018225034305
IDN,Indonesia,ID,1998,95445547872.715,454.877800792123,913959321172.858,55.2040876648634,0.8203270065150343
IDN,Indonesia,ID,1999,140001351215.462,657.268934667018,934225632587.659,45.2079671076106,0.5231302663241836
IDN,Indonesia,ID,2000,165021012077.81,763.711124950924,1002393386978.22,,
IDN,Indonesia,ID,2001,160446947784.909,732.307093405708,1062308403752.81,,
IDN,Indonesia,ID,2002,195660611165.183,881.002913569131,1127357707881.12,32.2241265309989,
IDN,Indonesia,ID,2003,234772463823.808,1043.2105838671,1204571151561.19,29.7173962466428,0.08700998322481168
IDN,Indonesia,ID,2004,256836875295.452,1126.84004447173,1299193180611.0,,
IDN,Indonesia,ID,2005,285868619196.085,1238.21447629488,1416205194355.19,,
IDN,Indonesia,ID,2006,364570515618.357,1558.31562847163,1540185871057.7,,
IDN,Indonesia,ID,2007,432216737774.861,1823.21976255073,1682286249852.04,,
IDN,Indonesia,ID,2008,510228634992.258,2124.55483920618,1817815939022.92,34.2250282105616,
IDN,Indonesia,ID,2009,539580085612.401,2218.48541852977,1913691221459.02,29.997306381567,-0.13315635151217287
IDN,Indonesia,ID,2010,755094157621.936,3065.68348377765,2057500878595.33,,
IDN,Indonesia,ID,2011,892969104563.171,3579.46442466152,2229511719014.97,,
IDN,Indonesia,ID,2012,917869913332.649,3632.27254030331,2408290405583.69,,
IDN,Indonesia,ID,2013,912524136718.018,3566.60284506078,2524244786997.21,,
IDN,Indonesia,ID,2014,890814755533.537,3441.06808464008,2605517436520.51,,
IDN,Indonesia,ID,2015,860854232686.214,3288.22269725538,2625201734355.44,,
IDN,Indonesia,ID,2016,931877364037.698,3521.46943457574,2715764060542.74,,
IDN,Indonesia,ID,2017,1015618744159.73,3798.88326174526,2857305082359.12,,
IDN,Indonesia,ID,2018,1042271532988.63,3860.95353090726,3069918631697.01,,
IDN,Indonesia,ID,2019,1119099871350.2,4106.94856160358,3266185831776.73,,
IDN,Indonesia,ID,2020,1059054842698.48,3853.70288774146,3223404542894.6,,
IDN,Indonesia,ID,2021,1186509691086.73,4287.17313995098,3530623140454.75,,
IDN,Indonesia,ID,2022,1319101183380.15,4730.83484836107,3983074391531.86,,
IDN,Indonesia,ID,2023,1371169301563.62,4876.30774512252,4334743944551.08,,
IDN,Indonesia,ID,2024,1396300098190.97,4925.43048751861,4662887595103.26,,
IMN,Isle of Man,IM,1960,,,,,
IMN,Isle of Man,IM,1961,,,,,
IMN,Isle of Man,IM,1962,,,,,
IMN,Isle of Man,IM,1963,,,,,
IMN,Isle of Man,IM,1964,,,,,
IMN,Isle of Man,IM,1965,,,,,
IMN,Isle of Man,IM,1966,,,,,
IMN,Isle of Man,IM,1967,,,,,
IMN,Isle of Man,IM,1968,,,,,
IMN,Isle of Man,IM,1969,,,,,
IMN,Isle of Man,IM,1970,,,,,
IMN,Isle of Man,IM,1971,,,,,
IMN,Isle of Man,IM,1972,,,,,
IMN,Isle of Man,IM,1973,,,,,
IMN,Isle of Man,IM,1974,,,,,
IMN,Isle of Man,IM,1975,,,,,
IMN,Isle of Man,IM,1976,,,,,
IMN,Isle of Man,IM,1977,,,,,
IMN,Isle of Man,IM,1978,,,,,
IMN,Isle of Man,IM,1979,,,,,
IMN,Isle of Man,IM,1980,,,,,
IMN,Isle of Man,IM,1981,,,,,
IMN,Isle of Man,IM,1982,,,,,
IMN,Isle of Man,IM,1983,,,,,
IMN,Isle of Man,IM,1984,251195796.754456,3892.81857107699,,,
IMN,Isle of Man,IM,1985,256330852.156058,3980.23093051439,,,
IMN,Isle of Man,IM,1986,356287012.606274,5507.18003873984,,,
IMN,Isle of Man,IM,1987,459975486.190554,7012.1421130624,,,
IMN,Isle of Man,IM,1988,584702952.685877,8768.79053218172,,,
IMN,Isle of Man,IM,1989,617619437.172775,9110.77499886082,,,
IMN,Isle of Man,IM,1990,761514559.659091,11049.8949396235,,,
IMN,Isle of Man,IM,1991,821507936.507937,11768.1058977186,,,
IMN,Isle of Man,IM,1992,854849069.84907,12150.8545456352,,,
IMN,Isle of Man,IM,1993,765647870.425915,10818.5139663414,,,
IMN,Isle of Man,IM,1994,833255280.073462,11708.2857474351,,,
IMN,Isle of Man,IM,1995,922269212.561149,12896.5252829716,,,
IMN,Isle of Man,IM,1996,1007205928.23713,13979.8454930411,,,
IMN,Isle of Man,IM,1997,1178261296.66012,16160.7112518361,,,
IMN,Isle of Man,IM,1998,1385124213.31567,18753.1202301034,,,
IMN,Isle of Man,IM,1999,1573742112.92671,21042.1461816648,,,
IMN,Isle of Man,IM,2000,1601050083.21985,21161.3963073772,,,
IMN,Isle of Man,IM,2001,1668684324.16871,21819.7123825606,,,
IMN,Isle of Man,IM,2002,1891002697.84173,24471.0798814847,,,
IMN,Isle of Man,IM,2003,2252620408.16327,28861.6178062918,,,
IMN,Isle of Man,IM,2004,2802206151.59282,35564.6023910146,,,
IMN,Isle of Man,IM,2005,3032411026.94919,38135.8597885858,,,
IMN,Isle of Man,IM,2006,3422733202.4501,42627.5089352891,,,
IMN,Isle of Man,IM,2007,4466350655.89909,55040.2437046236,,,
IMN,Isle of Man,IM,2008,5928791505.35144,72276.7741329461,,,
IMN,Isle of Man,IM,2009,5486921247.07323,66156.105656847,,,
IMN,Isle of Man,IM,2010,5920369789.50182,70587.3140283741,,,
IMN,Isle of Man,IM,2011,6565667052.79737,77808.8579649376,,,
IMN,Isle of Man,IM,2012,6690228371.66909,79329.2034347434,,,
IMN,Isle of Man,IM,2013,7001175622.71266,83207.6588430451,,,
IMN,Isle of Man,IM,2014,7708454412.32126,91885.4528718026,,,
IMN,Isle of Man,IM,2015,7084800892.22284,84753.5187422732,,,
IMN,Isle of Man,IM,2016,6846377563.00683,82025.9454509241,,,
IMN,Isle of Man,IM,2017,6979788333.50279,83481.3038489014,,,
IMN,Isle of Man,IM,2018,7491649455.92717,89393.8244248812,,,
IMN,Isle of Man,IM,2019,7314967866.28289,87127.5517977404,,,
IMN,Isle of Man,IM,2020,6684225641.02564,79513.5330346598,,,
IMN,Isle of Man,IM,2021,7931193222.06405,94299.969348965,,,
IMN,Isle of Man,IM,2022,7431257410.92713,88328.548125887,,,
IMN,Isle of Man,IM,2023,,,,,
IMN,Isle of Man,IM,2024,,,,,
IND,India,IN,1960,37029883876.1839,84.9328084793106,,,
IND,India,IN,1961,39232435784.0358,87.8538613470205,,,
IND,India,IN,1962,42161481858.0819,92.1999583629516,,,
IND,India,IN,1963,48421923459.1235,103.435021262932,,,
IND,India,IN,1964,56480289940.9899,117.856430772855,,,
IND,India,IN,1965,59556105229.0052,121.50831902883,,,
IND,India,IN,1966,45581230504.071,91.0276950517841,,,
IND,India,IN,1967,50134942204.0,97.9951481214155,,,
IND,India,IN,1968,53085455870.6667,101.556802521195,,,
IND,India,IN,1969,58447995017.3333,109.477664384288,,,
IND,India,IN,1970,62422483054.6667,114.35532002008,,,
IND,India,IN,1971,67351404351.833,120.680595539912,,,
IND,India,IN,1972,71464700666.9869,125.270705961882,,,
IND,India,IN,1973,85517673172.5513,146.568492582405,,,
IND,India,IN,1974,99526597933.6331,166.699661755332,,,
IND,India,IN,1975,98473832017.3242,161.086694022079,,,
IND,India,IN,1976,102716451979.68,164.119999587322,,,
IND,India,IN,1977,121486641441.309,189.585568552477,,,
IND,India,IN,1978,137302319828.995,209.389063573463,,,
IND,India,IN,1979,152995442497.709,227.958179873426,,,
IND,India,IN,1980,186328579302.068,271.080945953678,,,
IND,India,IN,1981,193491368445.573,274.964330768528,,,
IND,India,IN,1982,200715624830.902,278.65038258267,,,
IND,India,IN,1983,218262146413.158,295.999773299382,,,
IND,India,IN,1984,212157645177.652,281.049867840717,,,
IND,India,IN,1985,232511554840.372,300.928258576378,,,
IND,India,IN,1986,248985994040.59,314.897116402542,,,
IND,India,IN,1987,279033584092.223,344.941028293075,,,
IND,India,IN,1988,296589670895.932,358.484539641693,,,
IND,India,IN,1989,296042052944.66,349.915155021864,,,
IND,India,IN,1990,320979026420.035,371.085936203765,1048331217294.86,50.7832537948314,
IND,India,IN,1991,270105341879.226,305.574055928592,1095237569062.55,50.0100803583574,-0.5953073312404298
IND,India,IN,1992,288208070278.013,319.182472626315,1181610043022.2,49.6809013594637,0.09383161332860082
IND,India,IN,1993,279295648982.529,302.884806246174,1267084285425.67,51.7598082886747,0.016127962393937045
IND,India,IN,1994,327274843459.429,347.73421473994,1380314785724.13,49.5942827047274,0.15673090349312693
IND,India,IN,1995,360281909643.489,375.17600537305,1515999643921.79,47.4916413028303,0.06481328305136831
IND,India,IN,1996,392896866204.516,401.046754673579,1660300081860.19,45.7233077028079,0.059193520162105474
IND,India,IN,1997,415867563592.829,416.228116203753,1757329776240.69,50.3654361276153,0.30720563656053723
IND,India,IN,1998,421351317224.941,413.630864056851,1886981805840.73,50.3192181735145,0.019800511280065974
IND,India,IN,1999,458821052615.79,441.927991436397,2082964298530.68,51.3529514384148,0.1204059782265698
IND,India,IN,2000,468395521654.458,442.750218937263,2211966282613.25,55.0042464964554,0.17068942874608928
IND,India,IN,2001,485440139204.171,450.357900514128,2370880066359.36,59.0179097968845,0.18160285082834104
IND,India,IN,2002,514939140318.756,469.149928973927,2499312620417.46,62.5527712945573,0.2772823412065184
IND,India,IN,2003,607700687237.318,544.143133545002,2748991073206.54,62.1900538960464,0.22357028228197537
IND,India,IN,2004,709152728830.775,624.258826510066,3046571526360.91,62.5929767433885,0.22162214289796653
IND,India,IN,2005,820383763511.445,710.488080408949,3391057140645.14,62.2265261001737,0.19337966907355483
IND,India,IN,2006,940259888787.721,801.668353659022,3777405338051.76,59.6667302762217,0.1307784411952566
IND,India,IN,2007,1216736438834.96,1021.88707706826,4176965103209.64,57.4975363892468,0.3468095564805698
IND,India,IN,2008,1198895139005.92,992.519584923828,4388857508366.17,57.2922142809949,-0.06003001677788704
IND,India,IN,2009,1341888016994.9,1094.94974598436,4763102417294.42,55.2564461117969,0.1459099526674191
IND,India,IN,2010,1675615519484.96,1347.51939071367,5230655285642.35,51.5919103003897,0.263077044603029
IND,India,IN,2011,1823051829894.55,1445.46127486037,5618380734786.9,51.5565536600977,0.19452073446633453
IND,India,IN,2012,1827637590410.41,1429.32199520032,6162754462198.7,50.6780305618952,-0.025151761763379295
IND,India,IN,2013,1856721507621.58,1432.84397512195,6497743441802.88,50.3118273627008,0.023701624158544272
IND,India,IN,2014,2039126479154.52,1553.88396075118,6812807109169.83,49.9009248748319,0.26468444820034087
IND,India,IN,2015,2103588360044.94,1583.99815907985,7204580698460.8,49.9647183856551,0.08553161453485732
IND,India,IN,2016,2294796885663.16,1707.50892912243,7795524017465.34,47.6337555915272,0.07115054590975065
IND,India,IN,2017,2651474262755.45,1950.10468280866,8354710136357.47,47.5836093800197,0.301454579195413
IND,India,IN,2018,2702929641648.74,1966.25455171679,9230789424534.98,46.5224986659322,-0.004790376374403402
IND,India,IN,2019,2835606256558.19,2041.42863698585,9932850520576.54,,
IND,India,IN,2020,2674851578587.27,1907.04251637669,9771021183358.88,,
IND,India,IN,2021,3167270623260.47,2239.61384367482,11384367630967.9,,
IND,India,IN,2022,3346107287730.93,2347.44829434623,13124053155136.1,,
IND,India,IN,2023,3638489096033.86,2530.12031278204,14845911292307.9,,
IND,India,IN,2024,3912686168582.21,2696.66389984463,16190819718797.5,,
IRL,Ireland,IE,1960,1998550221.80554,706.551022345168,,,
IRL,Ireland,IE,1961,2151772979.96956,761.851359570018,,,
IRL,Ireland,IE,1962,2329372971.89171,821.344113076887,,,
IRL,Ireland,IE,1963,2505073357.88508,878.156576476286,,,
IRL,Ireland,IE,1964,2851091646.43165,994.607331611746,,,
IRL,Ireland,IE,1965,3035655793.5247,1055.03624701098,,,
IRL,Ireland,IE,1966,3198820903.82796,1107.31823034754,,,
IRL,Ireland,IE,1967,3445739914.73101,1187.18321236576,,,
IRL,Ireland,IE,1968,3378701146.84197,1158.85549787929,,,
IRL,Ireland,IE,1969,3902721631.54663,1330.78329549951,,,
IRL,Ireland,IE,1970,4395995085.99509,1486.51452734638,,,
IRL,Ireland,IE,1971,5098250287.46646,1703.93218277317,,,
IRL,Ireland,IE,1972,6318060582.21873,2080.46514718169,,,
IRL,Ireland,IE,1973,7481173065.79201,2424.26904706558,,,
IRL,Ireland,IE,1974,7896860614.98803,2516.92768605196,,,
IRL,Ireland,IE,1975,9483808362.36934,2973.40012301715,,,
IRL,Ireland,IE,1976,9453756014.71837,2919.58308695615,,,
IRL,Ireland,IE,1977,11248340431.3779,3427.0734359204,,,
IRL,Ireland,IE,1978,14647996073.6937,4399.98680535092,,,
IRL,Ireland,IE,1979,18319334300.4513,5429.96200087479,,,
IRL,Ireland,IE,1980,21747855640.0712,6372.43777545453,,,
IRL,Ireland,IE,1981,20670190138.1671,5986.1541089392,,,
IRL,Ireland,IE,1982,21474754080.0358,6160.63861381484,,,
IRL,Ireland,IE,1983,20766047763.5314,5915.24177164341,,,
IRL,Ireland,IE,1984,20106648454.8404,5692.02738597285,,,
IRL,Ireland,IE,1985,21270013325.5601,6011.7355464232,,,
IRL,Ireland,IE,1986,28714571852.4799,8112.17136316453,,,
IRL,Ireland,IE,1987,33920518492.5094,9581.91308572415,,,
IRL,Ireland,IE,1988,37772897420.5159,10715.8706184163,,,
IRL,Ireland,IE,1989,39238392677.7542,11175.816603647,,,
IRL,Ireland,IE,1990,49305632408.4929,14031.3025675469,48260029859.7662,,
IRL,Ireland,IE,1991,49787502852.0725,14087.2077980306,50854815800.7517,,
IRL,Ireland,IE,1992,55918538121.3989,15714.3847487231,53752727436.6604,,
IRL,Ireland,IE,1993,52417477613.676,14657.0615549805,56508512548.173,,
IRL,Ireland,IE,1994,57097656065.96,15902.9296755168,61037178152.1853,,
IRL,Ireland,IE,1995,69139823232.3232,19158.4564773907,68320921081.0325,,
IRL,Ireland,IE,1996,75790785030.2419,20835.8973666717,74474161435.3107,,
IRL,Ireland,IE,1997,82856648758.3572,22551.1139134126,83154181089.6917,,
IRL,Ireland,IE,1998,90199410115.5097,24294.8547674007,93160227483.321,,
IRL,Ireland,IE,1999,98893958262.6438,26338.1077543817,101534472721.861,,
IRL,Ireland,IE,2000,100207610429.909,26334.5672050501,114952273134.222,,
IRL,Ireland,IE,2001,109346669229.695,28282.409882073,125950306599.102,,
IRL,Ireland,IE,2002,128596035288.401,32705.4345565698,138491150176.63,,
IRL,Ireland,IE,2003,164670771259.602,41203.5295847568,145014198908.236,,
IRL,Ireland,IE,2004,194372115041.065,47754.2023194244,157659335259.766,,
IRL,Ireland,IE,2005,211876989655.907,50933.0216095589,168336054806.382,,
IRL,Ireland,IE,2006,232180617162.279,54329.1618599624,189029911943.719,,
IRL,Ireland,IE,2007,270079279419.5,61396.417461176,205800481424.432,,
IRL,Ireland,IE,2008,275447471451.063,61353.1065629523,198299092484.809,,
IRL,Ireland,IE,2009,236443117248.477,52133.0909237885,188081266066.874,,
IRL,Ireland,IE,2010,221985621537.5,48679.4026820361,197076149002.53,,
IRL,Ireland,IE,2011,241337364609.738,52692.7813135606,208511613167.804,,
IRL,Ireland,IE,2012,227270922957.327,49411.7387476787,214918771383.305,,
IRL,Ireland,IE,2013,243301556084.989,52619.2123745817,225821495313.278,,
IRL,Ireland,IE,2014,266787238499.03,57278.2590911107,245187087093.32,,
IRL,Ireland,IE,2015,302391428540.035,64311.8234684057,336695182891.5,,
IRL,Ireland,IE,2016,305733136180.907,64192.9418053178,347739763486.59,,
IRL,Ireland,IE,2017,348532394023.595,72198.1076995377,388369654017.787,,
IRL,Ireland,IE,2018,395461216460.418,80738.9628834696,422696075807.799,,
IRL,Ireland,IE,2019,407124824064.995,81810.1926481407,457946413933.007,,
IRL,Ireland,IE,2020,436555518400.451,86622.5067251295,492886866396.886,,
IRL,Ireland,IE,2021,531306516907.984,103961.976350649,597445848156.993,,
IRL,Ireland,IE,2022,548570250341.987,105234.511567597,709490152389.069,,
IRL,Ireland,IE,2023,551394889339.778,103887.800388081,662924221900.406,,
IRL,Ireland,IE,2024,577389475009.922,107316.337306921,705755786877.782,,
IRN,"Iran, Islamic Rep.",IR,1960,4199134389.90099,195.577527212584,,,
IRN,"Iran, Islamic Rep.",IR,1961,4426949094.83828,200.081529294826,,,
IRN,"Iran, Islamic Rep.",IR,1962,4693566416.48845,205.786809657214,,,
IRN,"Iran, Islamic Rep.",IR,1963,4928628018.38944,209.559376274185,,,
IRN,"Iran, Islamic Rep.",IR,1964,5379845647.69637,221.731727810658,,,
IRN,"Iran, Islamic Rep.",IR,1965,6197319929.0429,247.526675505443,,,
IRN,"Iran, Islamic Rep.",IR,1966,6789938671.74918,262.877683796297,,,
IRN,"Iran, Islamic Rep.",IR,1967,7555383690.16502,283.733705768519,,,
IRN,"Iran, Islamic Rep.",IR,1968,8623172959.89439,314.285456656371,,,
IRN,"Iran, Islamic Rep.",IR,1969,9743089607.49835,344.601687457468,,,
IRN,"Iran, Islamic Rep.",IR,1970,10976245153.5842,376.606879152384,,,
IRN,"Iran, Islamic Rep.",IR,1971,13731802833.0379,457.28363801324,,,
IRN,"Iran, Islamic Rep.",IR,1972,17153463263.1023,554.748034125811,,,
IRN,"Iran, Islamic Rep.",IR,1973,27081698249.5137,850.560177143918,,,
IRN,"Iran, Islamic Rep.",IR,1974,46209092072.1331,1408.96571902077,,,
IRN,"Iran, Islamic Rep.",IR,1975,51776222349.8812,1531.70617122586,,,
IRN,"Iran, Islamic Rep.",IR,1976,68055295080.7542,1953.5196967855,,,
IRN,"Iran, Islamic Rep.",IR,1977,80600122701.9652,2243.05559538314,,,
IRN,"Iran, Islamic Rep.",IR,1978,77994316621.4828,2100.77015324707,,,
IRN,"Iran, Islamic Rep.",IR,1979,90391877325.9312,2352.4265515265,,,
IRN,"Iran, Islamic Rep.",IR,1980,94362275580.021,2368.39285730473,,,
IRN,"Iran, Islamic Rep.",IR,1981,100499312749.922,2393.44985576144,,,
IRN,"Iran, Islamic Rep.",IR,1982,125948756439.48,2844.87611384054,,,
IRN,"Iran, Islamic Rep.",IR,1983,156365156618.242,3397.06140021275,,,
IRN,"Iran, Islamic Rep.",IR,1984,162276728619.519,3395.33697556582,,,
IRN,"Iran, Islamic Rep.",IR,1985,180183629599.683,3634.03209560743,,,
IRN,"Iran, Islamic Rep.",IR,1986,209094561833.481,4064.34667297518,,,
IRN,"Iran, Islamic Rep.",IR,1987,134009995923.166,2513.1511156474,,,
IRN,"Iran, Islamic Rep.",IR,1988,123057861333.91,2234.46235141339,,,
IRN,"Iran, Islamic Rep.",IR,1989,120496362916.27,2124.97214820342,,,
IRN,"Iran, Islamic Rep.",IR,1990,124813263926.226,2137.94222739878,423630030156.442,,
IRN,"Iran, Islamic Rep.",IR,1991,131637664957.524,2194.43906802841,493647584258.802,,
IRN,"Iran, Islamic Rep.",IR,1992,119768691216.667,1957.48507794252,521548508581.658,,
IRN,"Iran, Islamic Rep.",IR,1993,63743623231.2312,1038.10985680796,526057011710.201,,
IRN,"Iran, Islamic Rep.",IR,1994,71841461172.2365,1167.7627251321,528164661882.275,,
IRN,"Iran, Islamic Rep.",IR,1995,96419225744.9927,1550.0095955237,552185989285.95,,
IRN,"Iran, Islamic Rep.",IR,1996,120403931883.348,1914.78121290985,598003918562.787,,
IRN,"Iran, Islamic Rep.",IR,1997,113919163421.479,1790.06617576107,616530882263.923,,
IRN,"Iran, Islamic Rep.",IR,1998,110276913362.445,1709.19334095949,636427899441.927,,
IRN,"Iran, Islamic Rep.",IR,1999,113848450088.686,1739.59462001971,658360060664.741,,
IRN,"Iran, Islamic Rep.",IR,2000,109591707801.431,1650.01385832603,712629570942.752,,
IRN,"Iran, Islamic Rep.",IR,2001,126878750295.583,1881.02266634748,746106962309.363,,
IRN,"Iran, Islamic Rep.",IR,2002,128626917504.398,1891.25756092031,818914829169.246,,
IRN,"Iran, Islamic Rep.",IR,2003,151911222120.261,2208.99636553529,907228078719.057,,
IRN,"Iran, Islamic Rep.",IR,2004,187754571246.703,2672.42266512669,972025667852.83,,
IRN,"Iran, Islamic Rep.",IR,2005,224970371328.826,3132.05081925856,1034480975483.56,,
IRN,"Iran, Islamic Rep.",IR,2006,265602187406.199,3618.9160136791,1119699630598.24,,
IRN,"Iran, Islamic Rep.",IR,2007,349736591836.295,4687.99166265915,1243829453158.88,,
IRN,"Iran, Islamic Rep.",IR,2008,406070949550.867,5377.41150725587,1270974781287.85,,
IRN,"Iran, Islamic Rep.",IR,2009,414059094949.597,5415.52280554144,1291696494018.72,,
IRN,"Iran, Islamic Rep.",IR,2010,487069570461.36,6291.19443652344,1383196224848.44,,
IRN,"Iran, Islamic Rep.",IR,2011,629082257472.368,8025.68743364356,1449083552221.0,,
IRN,"Iran, Islamic Rep.",IR,2012,644019315003.54,8114.08099831877,1295740677467.97,,
IRN,"Iran, Islamic Rep.",IR,2013,500399839839.877,6222.74194840326,1250610246950.94,,
IRN,"Iran, Islamic Rep.",IR,2014,462284793280.825,5672.06372896319,1255791375247.15,,
IRN,"Iran, Islamic Rep.",IR,2015,409191686496.677,4952.73355532178,1131039620719.18,,
IRN,"Iran, Islamic Rep.",IR,2016,459042684192.698,5477.03712389913,1221422583406.8,,
IRN,"Iran, Islamic Rep.",IR,2017,489168731811.147,5753.11544659399,1281375169176.87,,
IRN,"Iran, Islamic Rep.",IR,2018,398880231367.268,4631.78709016514,1277953990214.69,,
IRN,"Iran, Islamic Rep.",IR,2019,333519146339.191,3831.27894763337,1162001171464.4,,
IRN,"Iran, Islamic Rep.",IR,2020,262186179355.944,2988.78122414716,1237805777178.19,,
IRN,"Iran, Islamic Rep.",IR,2021,383436202446.695,4334.79268631354,1322577157396.53,,
IRN,"Iran, Islamic Rep.",IR,2022,394362621793.035,4405.09291519791,1470380001563.54,,
IRN,"Iran, Islamic Rep.",IR,2023,404625655076.275,4465.63766853306,1600138337693.92,,
IRN,"Iran, Islamic Rep.",IR,2024,436906331671.859,4771.40029026226,1688651728561.7,,
IRQ,Iraq,IQ,1960,1537252193.09912,218.917802531101,,,
IRQ,Iraq,IQ,1961,1671960965.21561,232.392612190864,,,
IRQ,Iraq,IQ,1962,1784174540.73018,240.653442461626,,,
IRQ,Iraq,IQ,1963,1805901510.0394,235.513623763733,,,
IRQ,Iraq,IQ,1964,2136408197.83672,269.423092996101,,,
IRQ,Iraq,IQ,1965,2335785506.0858,284.77757098584,,,
IRQ,Iraq,IQ,1966,2530306095.87756,298.205666763491,,,
IRQ,Iraq,IQ,1967,2551522656.19094,290.643664484678,,,
IRQ,Iraq,IQ,1968,2896598841.36046,318.832552563525,,,
IRQ,Iraq,IQ,1969,3007758796.89648,319.860143218706,,,
IRQ,Iraq,IQ,1970,3281318687.47253,337.042912609442,,,
IRQ,Iraq,IQ,1971,3865346534.65347,383.550287036941,,,
IRQ,Iraq,IQ,1972,4113848002.40312,394.41834302923,,,
IRQ,Iraq,IQ,1973,5134367778.1446,475.586335675674,,,
IRQ,Iraq,IQ,1974,11516762614.2906,1031.25081332691,,,
IRQ,Iraq,IQ,1975,13458516762.6143,1165.88163945653,,,
IRQ,Iraq,IQ,1976,17754825601.0836,1488.54335200482,,,
IRQ,Iraq,IQ,1977,19838130714.5276,1608.79545129648,,,
IRQ,Iraq,IQ,1978,23762275651.8794,1863.21761229727,,,
IRQ,Iraq,IQ,1979,37816457839.4853,2871.32952195974,,,
IRQ,Iraq,IQ,1980,52569000000.0,3867.64500744262,,,
IRQ,Iraq,IQ,1981,37823000000.0,2700.41204790874,,,
IRQ,Iraq,IQ,1982,42382333333.3333,2941.9748125381,,,
IRQ,Iraq,IQ,1983,40712903225.8064,2743.35449218755,,,
IRQ,Iraq,IQ,1984,46938387096.7742,3065.7178266236,,,
IRQ,Iraq,IQ,1985,48425161290.3226,3087.66394151806,,,
IRQ,Iraq,IQ,1986,47264516129.0323,2940.40623181091,,,
IRQ,Iraq,IQ,1987,56774193548.3871,3436.4763126353,,,
IRQ,Iraq,IQ,1988,62684516129.0323,3707.20841763297,,,
IRQ,Iraq,IQ,1989,65831935483.871,3791.17027583399,,,
IRQ,Iraq,IQ,1990,180408064516.129,10261.4157706888,,,
IRQ,Iraq,IQ,1991,407796349.663785,22.9521327615352,47865679774.9688,,
IRQ,Iraq,IQ,1992,553671957.671958,30.2539012636825,64912464640.9092,,
IRQ,Iraq,IQ,1993,1031944881.13189,53.7437842348819,86579026069.7901,,
IRQ,Iraq,IQ,1994,3991349282.75729,198.182101881974,91836132918.6705,,
IRQ,Iraq,IQ,1995,12894029888.1122,619.135530927038,95749417693.7608,,
IRQ,Iraq,IQ,1996,10433698621.3427,485.258492784825,108247890638.306,,
IRQ,Iraq,IQ,1997,20764857056.3795,936.341170908421,133500631047.636,,
IRQ,Iraq,IQ,1998,20617405044.2425,900.937142559106,182252654598.758,,
IRQ,Iraq,IQ,1999,36881601583.8194,1560.36466710272,217325437747.155,,
IRQ,Iraq,IQ,2000,48364250943.9051,1980.18916038782,259577403501.468,,
IRQ,Iraq,IQ,2001,36176430128.8057,1435.695683789,270111255027.357,,
IRQ,Iraq,IQ,2002,32928454672.4246,1266.15961275094,251805287771.753,,
IRQ,Iraq,IQ,2003,21921569478.8163,817.887862499622,162650639377.489,,
IRQ,Iraq,IQ,2004,36633669269.3981,1328.37157628292,256191378325.31,,
IRQ,Iraq,IQ,2005,50065104667.8159,1762.39360423421,268650501076.713,,
IRQ,Iraq,IQ,2006,65147051918.0219,2276.55435744086,292549681426.897,,
IRQ,Iraq,IQ,2007,88837057319.5179,3128.99010329066,306150208636.96,,
IRQ,Iraq,IQ,2008,131614434153.505,4542.96609046032,337724546711.309,,
IRQ,Iraq,IQ,2009,111657580326.315,3714.71205987194,351290680598.811,,
IRQ,Iraq,IQ,2010,138516722649.573,4461.75196161555,378324820663.84,,
IRQ,Iraq,IQ,2011,185749664444.444,5775.54229080293,415269270855.8,,
IRQ,Iraq,IQ,2012,218002476129.472,6477.59618450955,484698181757.22,,
IRQ,Iraq,IQ,2013,234637675128.645,6650.35282247395,517535382527.478,,
IRQ,Iraq,IQ,2014,228415656174.957,6249.39226978969,481300153146.581,,
IRQ,Iraq,IQ,2015,166774104959.102,4440.14189252367,350607538727.124,27.3918908850844,
IRQ,Iraq,IQ,2016,166743557747.671,4334.42096404188,349270949154.251,29.4760678291372,-2.59381293839855
IRQ,Iraq,IQ,2017,187217660050.676,4759.2846435467,400912993904.789,35.8630061595051,0.34840674609515226
IRQ,Iraq,IQ,2018,227367469034.031,5646.68932074742,484572670623.272,27.438248367378,-0.056852121380786345
IRQ,Iraq,IQ,2019,233636097800.338,5671.8568632942,504546085405.449,,
IRQ,Iraq,IQ,2020,180898797516.874,4295.18945121228,445338053116.048,,
IRQ,Iraq,IQ,2021,209691945713.103,4868.49431080783,548372044650.92,,
IRQ,Iraq,IQ,2022,287372232137.931,6520.73154560584,634224994897.802,,
IRQ,Iraq,IQ,2023,268881051643.549,5965.31835077761,660448460341.748,,
IRQ,Iraq,IQ,2024,279641257615.385,6073.61032342708,665966378219.474,,
ISL,Iceland,IS,1960,252169712.042125,1436.25885405655,,,
ISL,Iceland,IS,1961,257703244.559997,1439.44972356432,,,
ISL,Iceland,IS,1962,289200704.382542,1585.721437797,,,
ISL,Iceland,IS,1963,345175036.090555,1859.24836167773,,,
ISL,Iceland,IS,1964,440797869.282266,2332.47365785423,,,
ISL,Iceland,IS,1965,531569563.888591,2764.47356483879,,,
ISL,Iceland,IS,1966,638349755.221932,3264.04742660905,,,
ISL,Iceland,IS,1967,630567115.790732,3172.64877052559,,,
ISL,Iceland,IS,1968,481532847.590587,2389.88350467813,,,
ISL,Iceland,IS,1969,420945147.630956,2069.85896390776,,,
ISL,Iceland,IS,1970,526704545.454545,2576.35344434276,,,
ISL,Iceland,IS,1971,670251136.363636,3252.09917788448,,,
ISL,Iceland,IS,1972,839652164.06073,4014.84273017558,,,
ISL,Iceland,IS,1973,1154440252.96794,5437.34252541217,,,
ISL,Iceland,IS,1974,1515190595.29765,7040.55404419726,,,
ISL,Iceland,IS,1975,1406875081.32726,6454.17715159378,,,
ISL,Iceland,IS,1976,1669488389.96542,7583.27529804327,,,
ISL,Iceland,IS,1977,2208509076.28099,9957.25443433463,,,
ISL,Iceland,IS,1978,2511826196.009,11236.735735064,,,
ISL,Iceland,IS,1979,2853435053.88542,12640.6408128355,,,
ISL,Iceland,IS,1980,3381419251.29231,14821.8150912707,,,
ISL,Iceland,IS,1981,3492997010.04956,15137.2538408683,,,
ISL,Iceland,IS,1982,3206626644.5371,13711.7362718597,,,
ISL,Iceland,IS,1983,2765950335.71095,11671.8092292119,,,
ISL,Iceland,IS,1984,2864441387.40507,11959.5400102921,,,
ISL,Iceland,IS,1985,2984052356.55071,12361.1870365183,,,
ISL,Iceland,IS,1986,3989622739.28212,16406.04794507,,,
ISL,Iceland,IS,1987,5520318404.64149,22453.1882283809,,,
ISL,Iceland,IS,1988,6106635816.24587,24451.9733172334,,,
ISL,Iceland,IS,1989,5672569449.07068,22434.3467683494,,,
ISL,Iceland,IS,1990,6468736355.55678,25384.9150226302,5598639941.47588,29.9143656494847,
ISL,Iceland,IS,1991,6909730288.17061,26802.9895156678,5775035055.50372,31.315163289897,1.2965885001417519
ISL,Iceland,IS,1992,7080981738.05606,27124.2745379594,5707359074.34331,37.6488779059,-7.419424703685572
ISL,Iceland,IS,1993,6218581531.64347,23579.7953612417,5919382969.71728,43.0617549318278,0.05622088147841937
ISL,Iceland,IS,1994,6389460342.78656,24018.6313967189,6263970914.65991,44.1045034495658,0.4068900841091971
ISL,Iceland,IS,1995,7123633418.19739,26633.5913761549,6402775818.379,46.3446576667931,3.4824689247735603
ISL,Iceland,IS,1996,7426082270.67669,27614.8770273122,6660262547.88888,45.6988349847291,0.3581138405906643
ISL,Iceland,IS,1997,7569672925.33739,27919.1854966562,7284697334.38553,68.4657175452873,2.8649874096442827
ISL,Iceland,IS,1998,8503746467.99599,31030.2483442475,7870929434.08016,63.1763064838254,0.323629578052559
ISL,Iceland,IS,1999,8982047589.4895,32381.6252356488,8198700509.48308,59.1576793508091,-0.1793386406323007
ISL,Iceland,IS,2000,9025660361.75842,32096.3722613695,8375093029.85957,58.2580205912156,-0.31407136744022346
ISL,Iceland,IS,2001,8234846804.60582,28897.4439396908,9086333221.49219,60.284380518109,-0.4131441005885579
ISL,Iceland,IS,2002,9318395054.85934,32409.2161491753,9375292903.83657,56.2994062359328,0.9754810828469967
ISL,Iceland,IS,2003,11429333037.8443,39476.6978486684,9467640392.32602,54.4446338318885,10.573730279504256
ISL,Iceland,IS,2004,13825302535.7699,47334.9306537723,10402862044.4128,48.2797242905858,0.48347835373440473
ISL,Iceland,IS,2005,16852963067.0496,56794.8501588953,11074925909.5813,84.7176591672143,11.312344344245277
ISL,Iceland,IS,2006,17465318552.2941,57492.9342498703,12060170222.0007,86.9818396994222,0.9279115483400523
ISL,Iceland,IS,2007,21652505596.7528,69495.7267376825,12921528405.0239,84.2624186949972,3.5447153088245664
ISL,Iceland,IS,2008,18074622987.0185,56943.3704468563,13879915595.1021,129.738432199614,5.430798344696786
ISL,Iceland,IS,2009,13154414219.207,41301.273219718,13333310873.277,145.745980756566,7.825952286876122
ISL,Iceland,IS,2010,13751161917.7398,43237.0729488958,12647987098.348,150.633812484101,-2.2498408743350513
ISL,Iceland,IS,2011,15221622925.9319,47714.5922308485,13059433954.0833,156.915918249342,7.7075566015877195
ISL,Iceland,IS,2012,14751508133.5443,45995.5478789467,13471498420.0286,152.739624546059,-3.2852899497555526
ISL,Iceland,IS,2013,16125060515.3117,49804.9829978371,14378252058.9283,140.954580207259,0.21793485130863172
ISL,Iceland,IS,2014,17867662177.8911,54576.7448146565,15058763610.4313,135.796521914069,2.2551453006464675
ISL,Iceland,IS,2015,17517210519.0912,52951.6815110898,16280817030.1433,117.370839587281,-3.0306095189158513
ISL,Iceland,IS,2016,20793168030.9524,61987.9263620283,17939410954.5851,103.362423152956,0.562057568637893
ISL,Iceland,IS,2017,24728285177.4603,72010.1490316258,19106258173.1222,90.4444869015692,0.748211340253378
ISL,Iceland,IS,2018,26260850582.0687,74452.1890731447,20174853794.358,81.9621967417907,-0.7873891783262841
ISL,Iceland,IS,2019,24681343649.2952,68452.23622306,21822649369.3722,90.1141894663873,0.435383350769715
ISL,Iceland,IS,2020,21629953194.0659,59023.5663465778,20447442733.9865,100.316262095676,0.3948731977231462
ISL,Iceland,IS,2021,25770339317.3897,69178.4046960961,22951036648.8571,96.0260171654601,1.2173978779383203
ISL,Iceland,IS,2022,28696453180.1657,75121.0152280628,28049039292.067,86.5127541952235,0.015665261785724048
ISL,Iceland,IS,2023,31452223861.9091,79960.0961535662,30156746997.1461,80.7303034760707,0.2682458150272676
ISL,Iceland,IS,2024,33462807982.85,82703.8579937471,31664276580.4617,,
ISR,Israel,IL,1960,3070585807.33625,1452.48664030437,,,
ISR,Israel,IL,1961,3708586471.46387,1697.29357961733,,,
ISR,Israel,IL,1962,2966154031.33123,1293.56913708296,,,
ISR,Israel,IL,1963,3535949088.90947,1486.31739760801,,,
ISR,Israel,IL,1964,4024344852.54797,1625.9979202214,,,
ISR,Israel,IL,1965,4329084428.62583,1689.06922693166,,,
ISR,Israel,IL,1966,4703300098.0703,1789.00726438581,,,
ISR,Israel,IL,1967,4762386782.7194,1734.93143268466,,,
ISR,Israel,IL,1968,5458427927.8861,1947.35209699825,,,
ISR,Israel,IL,1969,6297852761.13463,2189.03467540307,,,
ISR,Israel,IL,1970,7406712876.3832,2490.48852601991,,,
ISR,Israel,IL,1971,7052544000.09352,2297.99413492783,,,
ISR,Israel,IL,1972,9222557538.58382,2929.65614313336,,,
ISR,Israel,IL,1973,11902574258.9313,3631.04766898453,,,
ISR,Israel,IL,1974,17172607138.122,5085.16646080013,,,
ISR,Israel,IL,1975,16141767373.4859,4672.00213414932,,,
ISR,Israel,IL,1976,15956349550.0166,4516.37405887818,,,
ISR,Israel,IL,1977,18257113904.2478,5053.17295993573,,,
ISR,Israel,IL,1978,17701286907.0888,4797.09672278828,,,
ISR,Israel,IL,1979,22609741059.839,5971.93371892207,,,
ISR,Israel,IL,1980,25395256477.5976,6548.54473377969,,,
ISR,Israel,IL,1981,26882009819.3456,6795.25020711467,,,
ISR,Israel,IL,1982,29255285401.3621,7257.57514298241,,,
ISR,Israel,IL,1983,32675755462.0865,7959.98915032557,,,
ISR,Israel,IL,1984,30645607293.0048,7368.50379730819,,,
ISR,Israel,IL,1985,28905736366.7079,6828.66439090667,,,
ISR,Israel,IL,1986,35834154873.5622,8335.46286893748,,,
ISR,Israel,IL,1987,43049543634.9607,9853.40893452981,,,
ISR,Israel,IL,1988,52650948910.3748,11852.9826452892,,,
ISR,Israel,IL,1989,52443479454.114,11607.6758419907,,,
ISR,Israel,IL,1990,62016729540.7093,13308.311060238,73147636004.3255,132.118898345577,
ISR,Israel,IL,1991,70998755006.9019,14346.0810278646,81463925985.7838,117.72768005178,0.1983296974743353
ISR,Israel,IL,1992,79457685757.166,15509.9913638817,89785439290.5952,114.123027913945,0.8525288011076995
ISR,Israel,IL,1993,79855877174.4429,15178.8399875391,95697517239.8949,111.866313277602,-0.22795558134437352
ISR,Israel,IL,1994,90740103828.6058,16806.8353081322,105001126626.331,103.501650613099,0.4928925226367537
ISR,Israel,IL,1995,105497418058.646,19025.6840502517,114281450168.751,99.2859658269312,1.1666215258408894
ISR,Israel,IL,1996,115116595544.694,20224.2789080629,123249883012.158,98.1735667246328,0.9221162092185756
ISR,Israel,IL,1997,119459826346.611,20469.4699017497,130032024823.38,93.4134801274242,-0.20974002508989464
ISR,Israel,IL,1998,120547409278.703,20188.8141481667,136810592503.572,94.4480151714433,0.3338543430638502
ISR,Israel,IL,1999,121417185061.719,19823.2138876277,143418604359.191,88.2425171142693,-1.0158963457172863
ISR,Israel,IL,2000,136512300542.025,21706.5194056329,162150377873.966,,
ISR,Israel,IL,2001,135002039612.906,20966.3052667971,166211429804.283,,
ISR,Israel,IL,2002,125332331883.997,19076.4584298321,171485730111.625,,
ISR,Israel,IL,2003,131408914824.005,19643.4690380742,165091066810.3,,
ISR,Israel,IL,2004,140047984605.087,20568.0694088834,177517782178.285,,
ISR,Israel,IL,2005,147519922009.047,21286.8388636595,178110404884.452,,
ISR,Israel,IL,2006,158900547825.306,22527.2619795719,185974881025.615,,
ISR,Israel,IL,2007,184681214673.45,25721.2594077311,202951818634.872,,
ISR,Israel,IL,2008,221231658862.876,30269.217773489,205259145041.445,,
ISR,Israel,IL,2009,213403181852.86,28508.4938886475,210324347477.595,,
ISR,Israel,IL,2010,239679036634.372,31439.0887027614,224559403175.516,,
ISR,Israel,IL,2011,268094998225.028,34522.5215979073,243177744771.993,,
ISR,Israel,IL,2012,263589172712.391,33321.4300881602,256962642572.43,,
ISR,Israel,IL,2013,298478070673.058,37034.3161080785,280691146082.656,,
ISR,Israel,IL,2014,315017088116.716,38343.3046626235,286039801420.52,,
ISR,Israel,IL,2015,303469434072.296,36213.1041481958,300585585980.463,,
ISR,Israel,IL,2016,321940971558.016,37671.5389138798,326364570143.785,,
ISR,Israel,IL,2017,358451839052.991,41138.470964272,343921515244.162,,
ISR,Israel,IL,2018,376299083108.497,42362.6652754196,356999652016.665,,
ISR,Israel,IL,2019,400645216358.857,44250.6313628073,374158164922.827,,
ISR,Israel,IL,2020,410768352657.612,44575.5719045492,377407052497.651,,
ISR,Israel,IL,2021,489851549972.347,52270.9040241956,432603337813.424,,
ISR,Israel,IL,2022,525181008025.57,54949.621556429,511940108074.608,,
ISR,Israel,IL,2023,512184638998.974,52003.7200729997,525948204389.143,,
ISR,Israel,IL,2024,540379921261.681,54176.6844383302,555481708109.946,,
ITA,Italy,IT,1960,42012422612.3955,836.905850281885,,,
ITA,Italy,IT,1961,46649487320.4225,923.08778375214,,,
ITA,Italy,IT,1962,52413872628.0045,1030.15800343763,,,
ITA,Italy,IT,1963,60035924617.9277,1171.3869628098,,,
ITA,Italy,IT,1964,65720771779.4768,1271.80119301518,,,
ITA,Italy,IT,1965,70717012186.1774,1357.0106162201,,,
ITA,Italy,IT,1966,76622444787.3696,1458.94713889011,,,
ITA,Italy,IT,1967,84401995573.2456,1595.48578129215,,,
ITA,Italy,IT,1968,91485448147.84,1718.49646427147,,,
ITA,Italy,IT,1969,100996667239.335,1886.45002730465,,,
ITA,Italy,IT,1970,113656669764.56,2111.71986404332,,,
ITA,Italy,IT,1971,124959712858.926,2310.92376058816,,,
ITA,Italy,IT,1972,145594833997.344,2677.29372999774,,,
ITA,Italy,IT,1973,175896529392.229,3212.63949627574,,,
ITA,Italy,IT,1974,200024444775.231,3629.49182319594,,,
ITA,Italy,IT,1975,228220643534.994,4116.45964933054,,,
ITA,Italy,IT,1976,225235205861.828,4042.39482463789,,,
ITA,Italy,IT,1977,258190019749.835,4614.21004931651,,,
ITA,Italy,IT,1978,315784469541.41,5623.42917622719,,,
ITA,Italy,IT,1979,394584507107.9,7006.39699054556,,,
ITA,Italy,IT,1980,478356755595.749,8476.41045000836,,,
ITA,Italy,IT,1981,431695533980.583,7640.40241250516,,,
ITA,Italy,IT,1982,428257421617.752,7573.93967597775,,,
ITA,Italy,IT,1983,444063496940.337,7850.62789042275,,,
ITA,Italy,IT,1984,438896930791.272,7757.55374836822,,,
ITA,Italy,IT,1985,453259761687.456,8009.10347642127,,,
ITA,Italy,IT,1986,641862313287.44,11341.0939892903,,,
ITA,Italy,IT,1987,807570134448.76,14267.5368168757,,,
ITA,Italy,IT,1988,893663934840.821,15780.9495122174,,,
ITA,Italy,IT,1989,930801709003.669,16424.4301587005,,,
ITA,Italy,IT,1990,1183945130898.51,20873.7834092719,1058827882084.8,,
ITA,Italy,IT,1991,1249092439519.28,22007.1350964074,1111475562061.48,71.2588510037498,
ITA,Italy,IT,1992,1323204350353.5,23297.0460325456,1146288692809.39,77.2855315218802,3.8076608471404247
ITA,Italy,IT,1993,1067412587670.73,18781.9529427137,1163452148162.45,,
ITA,Italy,IT,1994,1101750159702.21,19382.2002150155,1213857027382.44,,
ITA,Italy,IT,1995,1177369428265.78,20712.1798690324,1275087213867.71,,
ITA,Italy,IT,1996,1314776508972.27,23122.9337219116,1313028330958.53,,
ITA,Italy,IT,1997,1244988176443.84,21883.9872666651,1361453089742.71,,
ITA,Italy,IT,1998,1272729786996.77,22365.1837644545,1426859939137.68,,
ITA,Italy,IT,1999,1255004736463.98,22049.9990620261,1460169980172.29,,
ITA,Italy,IT,2000,1149661363439.38,20190.0035636084,1545768752662.19,,
ITA,Italy,IT,2001,1172041488805.87,20570.4385917862,1603164497258.89,,
ITA,Italy,IT,2002,1281746271196.04,22451.3964379368,1646072139397.13,,
ITA,Italy,IT,2003,1582930016538.82,27577.5700319855,1679092604191.41,,
ITA,Italy,IT,2004,1812808753294.75,31348.1901841445,1710835263471.15,,
ITA,Italy,IT,2005,1864982261286.85,32062.723833669,1753016877957.85,,
ITA,Italy,IT,2006,1958563654385.64,33537.1286994269,1895691665643.8,,
ITA,Italy,IT,2007,2222524108127.65,37826.1754554823,2004103450704.83,,
ITA,Italy,IT,2008,2417508414187.19,40828.5795580937,2097398729606.2,,
ITA,Italy,IT,2009,2209484319012.65,37099.6133958219,2053694261322.75,,
ITA,Italy,IT,2010,2144936254535.0,35856.8625485539,2092362873127.09,,
ITA,Italy,IT,2011,2306974020278.21,38432.3742820019,2184513771818.95,,
ITA,Italy,IT,2012,2097929495121.68,34854.3949441965,2183804737265.14,,
ITA,Italy,IT,2013,2153225581941.46,35701.6746002376,2198918891792.88,,
ITA,Italy,IT,2014,2173255507985.84,36028.3494022349,2211700088150.52,,
ITA,Italy,IT,2015,1845428048839.1,30639.8829751432,2252253163528.53,,
ITA,Italy,IT,2016,1887111188176.93,31391.5692898108,2433618302347.89,,
ITA,Italy,IT,2017,1970720904584.71,32844.115660604,2528635516998.96,,
ITA,Italy,IT,2018,2099435266458.67,34904.1081923834,2609651815348.66,,
ITA,Italy,IT,2019,2019606796583.53,33812.788724868,2787073032822.59,,
ITA,Italy,IT,2020,1907481094079.23,32091.4866621366,2641203589480.81,,
ITA,Italy,IT,2021,2179207773596.09,36852.5425414951,2946333608376.65,,
ITA,Italy,IT,2022,2104067630319.46,35653.9042103495,3319366253339.18,,
ITA,Italy,IT,2023,2304605139862.79,39065.4244365633,3415333338674.66,,
ITA,Italy,IT,2024,2372774547793.12,40226.0472416173,3589121540312.88,,
JAM,Jamaica,JM,1960,699064380.374248,423.674098184095,,,
JAM,Jamaica,JM,1961,748043500.7826,447.057273660594,,,
JAM,Jamaica,JM,1962,777727688.908924,458.313997796567,,,
JAM,Jamaica,JM,1963,826706669.317332,480.336499711715,,,
JAM,Jamaica,JM,1964,897949000.8204,514.416511313452,,,
JAM,Jamaica,JM,1965,972159611.136156,549.493560414107,,,
JAM,Jamaica,JM,1966,1096759561.29618,612.210363692586,,,
JAM,Jamaica,JM,1967,1148014310.8255,633.259680574944,,,
JAM,Jamaica,JM,1968,1083839132.92869,591.045817173244,,,
JAM,Jamaica,JM,1969,1191239047.00876,642.133421058915,,,
JAM,Jamaica,JM,1970,1404720441.88818,747.909399172491,,,
JAM,Jamaica,JM,1971,1539861815.89381,808.866506083755,,,
JAM,Jamaica,JM,1972,1875146587.4443,970.802906405502,,,
JAM,Jamaica,JM,1973,1905917553.19149,971.802513228502,,,
JAM,Jamaica,JM,1974,2375122375.12238,1192.98569350958,,,
JAM,Jamaica,JM,1975,2860442750.44275,1416.77546764568,,,
JAM,Jamaica,JM,1976,2966042856.04286,1449.977882067,,,
JAM,Jamaica,JM,1977,3249733139.73314,1569.42127051131,,,
JAM,Jamaica,JM,1978,2644527821.53011,1262.40327239465,,,
JAM,Jamaica,JM,1979,2425064229.04184,1144.17562986584,,,
JAM,Jamaica,JM,1980,2679379371.51261,1248.74484727418,,,
JAM,Jamaica,JM,1981,2979027966.45373,1370.41277901541,,,
JAM,Jamaica,JM,1982,3293496311.93093,1494.40208283218,,,
JAM,Jamaica,JM,1983,3619262277.47712,1619.4784563122,,,
JAM,Jamaica,JM,1984,2373564549.4932,1048.13405395534,,,
JAM,Jamaica,JM,1985,2100239018.82467,916.872292838674,,,
JAM,Jamaica,JM,1986,2754549581.92409,1191.34976782142,,,
JAM,Jamaica,JM,1987,3287007321.56699,1410.84598702428,,,
JAM,Jamaica,JM,1988,3828342820.3494,1632.01481656159,,,
JAM,Jamaica,JM,1989,4404937853.39452,1864.98497550062,,,
JAM,Jamaica,JM,1990,4592208086.69235,1929.59891905857,11521456517.7173,138.741327638319,
JAM,Jamaica,JM,1991,4106207649.05547,1710.30058243722,12487377433.0547,232.832210578933,3.301806102575015
JAM,Jamaica,JM,1992,3535460089.80719,1458.10146892635,13021707420.9646,123.606951339215,-9.714033883321918
JAM,Jamaica,JM,1993,5440075675.74067,2220.51518327186,14585698253.4292,112.197175107941,1.1084059849367198
JAM,Jamaica,JM,1994,5452558947.03045,2202.85831038471,15103217255.1845,94.6607428923022,-1.8205677913659344
JAM,Jamaica,JM,1995,6577520642.82297,2630.84935382822,15782245338.4018,83.8611841763719,0.5221490883514378
JAM,Jamaica,JM,1996,7393891920.80358,2928.89692611996,16052903143.7781,72.2521952357009,-0.6419082358972962
JAM,Jamaica,JM,1997,8400041723.54861,3296.91634805083,16143493119.2365,73.7000090787124,9.367286859735485
JAM,Jamaica,JM,1998,8787195622.43502,3419.49352868739,15943810189.9367,81.6705597000984,-4.9364276524326
JAM,Jamaica,JM,1999,8887057997.36228,3431.56813468335,16338833649.3001,88.9636436472209,1.8472289263173003
JAM,Jamaica,JM,2000,9005064474.93003,3453.09252800226,16855762170.3953,98.3341557109605,1.8354636597428586
JAM,Jamaica,JM,2001,9194727831.07318,3503.55026688858,17467104335.7971,117.535033564029,3.192929312245255
JAM,Jamaica,JM,2002,9719009494.84779,3680.64551727724,18092832500.6728,127.777467033609,2.5756835018280615
JAM,Jamaica,JM,2003,9430234810.78586,3549.70758394618,19126479087.3748,127.433255587593,-0.3883812218781966
JAM,Jamaica,JM,2004,10174664853.9476,3807.56293124552,19900797155.3032,122.008068595913,0.5122660336868257
JAM,Jamaica,JM,2005,11243865777.7131,4184.43974867497,20708227645.6423,121.00247616654,1.4755993831320742
JAM,Jamaica,JM,2006,11930179089.8855,4417.00127135363,21965707098.4358,117.698811478754,0.34698220097173693
JAM,Jamaica,JM,2007,12799600047.1845,4716.48612542727,22883875381.3583,112.989990199089,0.4580727199763139
JAM,Jamaica,JM,2008,13709401520.0326,5029.80095281745,23135445417.6733,120.339824591656,8.09159521839009
JAM,Jamaica,JM,2009,12120458114.8318,4428.38153333557,22266634916.3324,134.678769793404,0.20048774631975833
JAM,Jamaica,JM,2010,13220549908.2494,4809.977380312,22208837625.3628,136.224334891016,-29.169573016043785
JAM,Jamaica,JM,2011,14444661522.1463,5232.63644918132,23059255170.7083,133.978459775192,1.5793757466729657
JAM,Jamaica,JM,2012,14807086555.5283,5340.83333232158,23214929063.4246,137.934669887058,6.882149051800102
JAM,Jamaica,JM,2013,14264205152.6126,5124.21301411137,24023892586.5579,135.885094993632,-1.2870509099248455
JAM,Jamaica,JM,2014,13899217679.9219,4975.11325459872,24397287651.2427,132.413890497651,-2.620371653326998
JAM,Jamaica,JM,2015,14188936918.0036,5062.8955502426,25182384150.2051,124.64830084408,-0.9148252521076019
JAM,Jamaica,JM,2016,14077096676.6213,5009.79448724295,26411115826.8499,122.655747801579,-0.3417349667548012
JAM,Jamaica,JM,2017,14808985132.7722,5259.31332766957,27651386383.771,102.463603382541,-1.6871709115086468
JAM,Jamaica,JM,2018,15730792876.2656,5578.10347525832,28300462384.3033,,
JAM,Jamaica,JM,2019,15830766531.1474,5607.24299266608,28468528877.0366,92.2464484531468,
JAM,Jamaica,JM,2020,13812421835.7369,4879.44025773374,25451633088.1949,106.282373001667,-0.02547313977928164
JAM,Jamaica,JM,2021,14657586159.4316,5165.33782130331,27176946493.566,,
JAM,Jamaica,JM,2022,17097760686.7775,6022.15339791763,30634742220.3548,,
JAM,Jamaica,JM,2023,19423355367.2372,6839.72502408181,32563744657.7294,,
JAM,Jamaica,JM,2024,19930288337.028,7019.74634780454,33111437467.4481,,
JOR,Jordan,JO,1960,,,,,
JOR,Jordan,JO,1961,,,,,
JOR,Jordan,JO,1962,,,,,
JOR,Jordan,JO,1963,,,,,
JOR,Jordan,JO,1964,,,,,
JOR,Jordan,JO,1965,599759760.096096,545.513861689675,,,
JOR,Jordan,JO,1966,657999736.800105,558.402981092455,,,
JOR,Jordan,JO,1967,631679747.328101,496.922746235673,,,
JOR,Jordan,JO,1968,561119775.55209,408.842352820548,,,
JOR,Jordan,JO,1969,698879720.448112,474.427887073594,,,
JOR,Jordan,JO,1970,639519744.192102,408.596257509347,,,
JOR,Jordan,JO,1971,678159728.736109,412.218818849468,,,
JOR,Jordan,JO,1972,788479684.608126,459.874244108895,,,
JOR,Jordan,JO,1973,943783839.718052,530.783996638002,,,
JOR,Jordan,JO,1974,1197483948.68547,651.095948462669,,,
JOR,Jordan,JO,1975,1363073497.77355,717.7640972871,,,
JOR,Jordan,JO,1976,1708521219.46003,872.506019353732,,,
JOR,Jordan,JO,1977,2096778602.16785,1038.52230070493,,,
JOR,Jordan,JO,1978,2602208588.95706,1248.90326044987,,,
JOR,Jordan,JO,1979,3271368780.65347,1518.82451343828,,,
JOR,Jordan,JO,1980,3910044474.28044,1750.09801076564,,,
JOR,Jordan,JO,1981,4383944702.85958,1885.14842198943,,,
JOR,Jordan,JO,1982,4681240992.70338,1928.87589643338,,,
JOR,Jordan,JO,1983,4920692190.95569,1939.33654498872,,,
JOR,Jordan,JO,1984,4967162160.40472,1871.09074979987,,,
JOR,Jordan,JO,1985,4993601520.43079,1797.02877146361,,,
JOR,Jordan,JO,1986,6402050484.90425,2200.10278230881,,,
JOR,Jordan,JO,1987,6756209762.48231,2216.87045179385,,,
JOR,Jordan,JO,1988,6277451829.05325,1965.98031813995,,,
JOR,Jordan,JO,1989,4221373673.80468,1260.2518650001,,,
JOR,Jordan,JO,1990,4160087507.83472,1148.59005469899,15636361819.2545,128.794683278404,
JOR,Jordan,JO,1991,4344467193.25095,1109.65564611997,16425175600.8976,129.999661933739,0.3674138826841466
JOR,Jordan,JO,1992,5310833193.59005,1286.6347360596,19210169394.4591,152.601096831376,0.8820834882770913
JOR,Jordan,JO,1993,5606400221.69269,1289.4145431007,20547902359.8199,125.609617959016,-0.7940387447169667
JOR,Jordan,JO,1994,6236295978.24531,1367.18721776691,22029986806.2985,116.445964243913,0.1482621896293393
JOR,Jordan,JO,1995,6727597031.96347,1415.71151592128,23886580676.7787,105.062888412836,-0.10433473119512605
JOR,Jordan,JO,1996,6927503526.09309,1410.17424189419,24831532320.7699,106.234221027771,0.3081339102490914
JOR,Jordan,JO,1997,7245839210.15515,1435.87593846863,26095451424.9837,100.385416463901,-0.06773656629767912
JOR,Jordan,JO,1998,7912270803.94922,1532.11380395602,27183603327.3745,101.172590823202,0.6720417400159111
JOR,Jordan,JO,1999,8149929478.13822,1544.58750592979,28502713258.9654,99.9058546631362,0.10401508698230086
JOR,Jordan,JO,2000,8460789844.8519,1570.61002940477,30385910541.9386,93.7109707103206,-0.11340734618559914
JOR,Jordan,JO,2001,8975814652.8196,1632.29454010563,32707488485.7529,90.8265631629398,0.0963722421023109
JOR,Jordan,JO,2002,9582510578.27927,1706.26744384401,35136896932.6905,85.0740359140418,-8.046164476189855e-05
JOR,Jordan,JO,2003,10195627644.5698,1775.67625581432,37321760721.1519,88.9183393971254,0.4181287211853545
JOR,Jordan,JO,2004,11411706629.055,1940.08641342805,41608792594.7203,89.0222348564437,0.2549954178134105
JOR,Jordan,JO,2005,12588998589.5628,2087.87079273635,46409399612.5231,79.9498072958681,-0.019596722510675995
JOR,Jordan,JO,2006,15056981664.3159,2342.63459574933,51712316825.587,72.6249133521929,0.16410585709053174
JOR,Jordan,JO,2007,17110437235.543,2506.20599484139,57455973870.5506,69.9595261843331,0.18024421075007774
JOR,Jordan,JO,2008,22658715989.3302,3241.6524135556,62791457385.8143,55.0660525842339,0.0950016323906017
JOR,Jordan,JO,2009,24537876056.338,3435.8337590698,66352659859.5362,59.2214668762727,0.5768921296690948
JOR,Jordan,JO,2010,27133804225.3521,3718.46571622945,68713655220.9253,59.7710843617397,0.7143084229725856
JOR,Jordan,JO,2011,29524149154.9296,3946.85503855525,72050912802.1938,60.4217719904335,0.4856817404566301
JOR,Jordan,JO,2012,31634561690.1408,4169.50470054618,73887520573.5489,65.3506139398579,1.5432615724432852
JOR,Jordan,JO,2013,34454440140.8451,4311.21916713038,78452380693.4733,73.723812248079,1.0356826616083945
JOR,Jordan,JO,2014,36847643521.1268,4191.18050084986,80397356421.9829,77.7139917549107,1.6630787931747693
JOR,Jordan,JO,2015,38587017887.3239,4042.75678097555,85588348124.0501,78.8614496694168,0.34569638043127715
JOR,Jordan,JO,2016,39892551126.7606,3986.71677010853,87534483836.1905,74.071860773415,-0.4527570996547817
JOR,Jordan,JO,2017,41608435915.493,4065.61628749384,94825378274.4728,75.3805020477717,0.24900826271929843
JOR,Jordan,JO,2018,43370860704.2254,4145.43989673265,94604332953.0972,,
JOR,Jordan,JO,2019,44503006338.0282,4170.1144003465,100626037104.859,79.3448532492717,
JOR,Jordan,JO,2020,43700383098.5916,4022.0401356135,104080200892.953,75.9660726859906,-0.6118355733374954
JOR,Jordan,JO,2021,46296100140.8451,4183.49998326866,101616771489.092,98.9957033934574,-5.128494922418085
JOR,Jordan,JO,2022,48764963380.2817,4332.25159897931,111743557894.989,100.908283146258,0.33344609142820647
JOR,Jordan,JO,2023,51088476338.0282,4466.08314208575,119103273959.643,102.847276112668,0.4531722376086026
JOR,Jordan,JO,2024,53352289577.4648,4618.09592498567,125019343386.99,,
JPN,Japan,JP,1960,47419238274.4619,508.702779291773,,,
JPN,Japan,JP,1961,57266758179.5883,608.864581144951,,,
JPN,Japan,JP,1962,64987857541.6256,684.565509797705,,,
JPN,Japan,JP,1963,74379284603.3875,775.592123080162,,,
JPN,Japan,JP,1964,87490590817.9803,902.867721515126,,,
JPN,Japan,JP,1965,97338107605.8236,993.732722209078,,,
JPN,Japan,JP,1966,113046784179.289,1143.60789652395,,,
JPN,Japan,JP,1967,132475614226.519,1326.36103912253,,,
JPN,Japan,JP,1968,156897496759.128,1553.27139379996,,,
JPN,Japan,JP,1969,184298841304.667,1802.98028061972,,,
JPN,Japan,JP,1970,217223652719.444,2100.74807036009,,,
JPN,Japan,JP,1971,245364056622.363,2321.39092521418,,,
JPN,Japan,JP,1972,324933841268.585,3031.43860570759,,,
JPN,Japan,JP,1973,441460582535.921,4061.0133895326,,,
JPN,Japan,JP,1974,490035789970.299,4448.31965623627,,,
JPN,Japan,JP,1975,532861438884.724,4775.89953559305,,,
JPN,Japan,JP,1976,598883902155.605,5310.43140904992,,,
JPN,Japan,JP,1977,737069290927.712,6472.7877874079,,,
JPN,Japan,JP,1978,1035611588216.59,9012.13603523182,,,
JPN,Japan,JP,1979,1077910077676.37,9301.14831026293,,,
JPN,Japan,JP,1980,1129377244854.04,9668.74626395709,,,
JPN,Japan,JP,1981,1245221410764.15,10583.1278908402,,,
JPN,Japan,JP,1982,1158731426905.85,9779.97490636267,,,
JPN,Japan,JP,1983,1270859919742.9,10652.0147161768,,,
JPN,Japan,JP,1984,1345824500836.76,11207.4523524293,,,
JPN,Japan,JP,1985,1427019759717.41,11809.4603450715,,,
JPN,Japan,JP,1986,2120083812109.91,17451.8349394142,,,
JPN,Japan,JP,1987,2580748422781.09,21141.7183951789,,,
JPN,Japan,JP,1988,3125724434400.79,25499.8811728107,,,
JPN,Japan,JP,1989,3109455047823.93,25265.9487590208,,,
JPN,Japan,JP,1990,3185904656663.85,25801.3950393094,2458757725394.36,,
JPN,Japan,JP,1991,3648065760648.88,29428.4289039469,2631467510417.43,,
JPN,Japan,JP,1992,3980702922117.66,31992.7902119161,2715675018159.04,,
JPN,Japan,JP,1993,4536940479038.25,36345.2441262708,2767279212213.77,,
JPN,Japan,JP,1994,4998797547740.97,39933.5150564874,2856992786468.72,,
JPN,Japan,JP,1995,5545563663889.7,44197.6191013908,2993644735915.0,,
JPN,Japan,JP,1996,4923391533851.63,39150.0396308089,3143992144629.41,,
JPN,Japan,JP,1997,4492448605638.94,35638.2319556941,3229588924781.63,,
JPN,Japan,JP,1998,4098362709531.24,32423.7556133801,3224451308869.43,,
JPN,Japan,JP,1999,4635982224063.88,36610.1683163197,3258971755243.63,,
JPN,Japan,JP,2000,4968359075956.59,39169.3595701504,3461199212871.49,,
JPN,Japan,JP,2001,4374711694090.87,34406.1824638092,3552841434344.91,,
JPN,Japan,JP,2002,4182846045873.61,32820.7936433254,3647933229747.3,,
JPN,Japan,JP,2003,4519561645253.53,35387.0374203599,3753919256711.54,,
JPN,Japan,JP,2004,4893116005656.56,38298.9801712303,3938955753801.61,,
JPN,Japan,JP,2005,4831467035389.8,37812.8950199948,4110440479265.64,,
JPN,Japan,JP,2006,4601663122649.92,35991.546002862,4300322202225.7,,
JPN,Japan,JP,2007,4579750920354.81,35779.0245416427,4482081297524.2,,
JPN,Japan,JP,2008,5106679115127.3,39876.3039685725,4517267516318.56,,
JPN,Japan,JP,2009,5289493117993.89,41308.9968370512,4295629000666.77,,
JPN,Japan,JP,2010,5759071769013.11,44968.1562349739,4525401285474.55,,
JPN,Japan,JP,2011,6233147172341.35,48760.0789494211,4629400479632.82,,
JPN,Japan,JP,2012,6272362996105.03,49145.2804308193,4799612889015.1,,
JPN,Japan,JP,2013,5212328181166.18,40898.6478964744,5021591088716.88,,
JPN,Japan,JP,2014,4896994405353.29,38475.3952461838,5034454618847.27,,
JPN,Japan,JP,2015,4444930651964.18,34960.6393843385,5200905340128.5,,
JPN,Japan,JP,2016,5003677627544.24,39375.4731620781,5158900389806.62,,
JPN,Japan,JP,2017,4930837369151.42,38834.0529341227,5262254961496.84,,
JPN,Japan,JP,2018,5040880939324.86,39751.1330982711,5344060957173.06,,
JPN,Japan,JP,2019,5117993853016.51,40415.9567649547,5404462313923.94,,
JPN,Japan,JP,2020,5054068005376.28,40028.7341726762,5356710635860.81,,
JPN,Japan,JP,2021,5039148168861.22,40094.5599795288,5574650884739.54,,
JPN,Japan,JP,2022,4262463317796.53,34065.6438962526,5930403853110.9,,
JPN,Japan,JP,2023,4213167237905.83,33836.1756271617,6212962918547.56,,
JPN,Japan,JP,2024,4026210821146.81,32475.8924992191,6407671854496.88,,
KAZ,Kazakhstan,KZ,1960,,,,,
KAZ,Kazakhstan,KZ,1961,,,,,
KAZ,Kazakhstan,KZ,1962,,,,,
KAZ,Kazakhstan,KZ,1963,,,,,
KAZ,Kazakhstan,KZ,1964,,,,,
KAZ,Kazakhstan,KZ,1965,,,,,
KAZ,Kazakhstan,KZ,1966,,,,,
KAZ,Kazakhstan,KZ,1967,,,,,
KAZ,Kazakhstan,KZ,1968,,,,,
KAZ,Kazakhstan,KZ,1969,,,,,
KAZ,Kazakhstan,KZ,1970,,,,,
KAZ,Kazakhstan,KZ,1971,,,,,
KAZ,Kazakhstan,KZ,1972,,,,,
KAZ,Kazakhstan,KZ,1973,,,,,
KAZ,Kazakhstan,KZ,1974,,,,,
KAZ,Kazakhstan,KZ,1975,,,,,
KAZ,Kazakhstan,KZ,1976,,,,,
KAZ,Kazakhstan,KZ,1977,,,,,
KAZ,Kazakhstan,KZ,1978,,,,,
KAZ,Kazakhstan,KZ,1979,,,,,
KAZ,Kazakhstan,KZ,1980,,,,,
KAZ,Kazakhstan,KZ,1981,,,,,
KAZ,Kazakhstan,KZ,1982,,,,,
KAZ,Kazakhstan,KZ,1983,,,,,
KAZ,Kazakhstan,KZ,1984,,,,,
KAZ,Kazakhstan,KZ,1985,,,,,
KAZ,Kazakhstan,KZ,1986,,,,,
KAZ,Kazakhstan,KZ,1987,,,,,
KAZ,Kazakhstan,KZ,1988,,,,,
KAZ,Kazakhstan,KZ,1989,,,,,
KAZ,Kazakhstan,KZ,1990,26932016269.6107,1570.00883112591,135074235240.789,,
KAZ,Kazakhstan,KZ,1991,24923076923.0769,1442.42455540825,124281550014.757,,
KAZ,Kazakhstan,KZ,1992,24917355371.9008,1437.59848100913,120376717015.586,,
KAZ,Kazakhstan,KZ,1993,23409260879.9427,1355.13493859139,111892872895.191,,
KAZ,Kazakhstan,KZ,1994,21250792886.1054,1246.83633018218,99882474775.9079,,
KAZ,Kazakhstan,KZ,1995,20374302652.3819,1217.79138769863,93614609796.8566,,
KAZ,Kazakhstan,KZ,1996,21035357936.8796,1281.39152895397,95805115256.741,,
KAZ,Kazakhstan,KZ,1997,22165932062.966,1381.63593295187,99113997427.6229,,
KAZ,Kazakhstan,KZ,1998,22135245507.3656,1414.59289652597,98323575364.6449,,
KAZ,Kazakhstan,KZ,1999,16870817181.7799,1091.54727722159,102407254091.346,,
KAZ,Kazakhstan,KZ,2000,18291990662.0356,1180.0444563226,114990222142.234,,
KAZ,Kazakhstan,KZ,2001,22152689179.8815,1422.27331810957,133452670508.841,,
KAZ,Kazakhstan,KZ,2002,24636598527.4437,1573.55219932325,148808116627.365,,
KAZ,Kazakhstan,KZ,2003,30833692900.1091,1958.02050246511,165858440472.901,,
KAZ,Kazakhstan,KZ,2004,43151647002.6096,2722.47407755402,186669097079.464,,
KAZ,Kazakhstan,KZ,2005,57123671733.8952,3577.35804001782,211196657907.107,,
KAZ,Kazakhstan,KZ,2006,81003864630.018,5030.13494711519,241004547154.978,,
KAZ,Kazakhstan,KZ,2007,104849915058.376,6449.43931096532,269564507813.482,,
KAZ,Kazakhstan,KZ,2008,133441648851.982,8123.54705891736,283825255031.34,,
KAZ,Kazakhstan,KZ,2009,115308686941.38,6938.01175663001,289002744475.035,,
KAZ,Kazakhstan,KZ,2010,148047348240.643,8793.07589980782,313868548165.779,9.52296325134078,
KAZ,Kazakhstan,KZ,2011,192626464617.071,11287.1464926039,344049455918.982,8.80131007226425,0.09460145758355637
KAZ,Kazakhstan,KZ,2012,207998568865.789,12018.7966527993,369783340663.465,10.4981138465889,0.1897216131607968
KAZ,Kazakhstan,KZ,2013,236634603409.089,13478.459627612,417039504506.503,10.8406391538642,0.08076781100193212
KAZ,Kazakhstan,KZ,2014,221415613595.469,12427.7094576939,426844567293.671,12.6469696266918,0.23963762215681952
KAZ,Kazakhstan,KZ,2015,184388404706.042,10196.1226255982,406611059018.014,19.307916061599,-0.37557466081818364
KAZ,Kazakhstan,KZ,2016,137278320084.171,7475.56688689424,422786764645.624,16.7694252748762,-0.7777572980414348
KAZ,Kazakhstan,KZ,2017,166805788827.233,8943.08416791984,447143865260.692,16.9303582595661,0.2143125499016144
KAZ,Kazakhstan,KZ,2018,179339977690.485,9472.48527327758,475138151280.585,21.9922369362835,0.400083615673025
KAZ,Kazakhstan,KZ,2019,181667184854.501,9457.12614657136,551108130794.884,18.4830469477519,-0.07717840372392366
KAZ,Kazakhstan,KZ,2020,171082365861.423,8781.50797787648,565757228613.755,23.7157605024381,0.4775620431226346
KAZ,Kazakhstan,KZ,2021,197112255360.612,9983.60103576902,650469813945.991,22.4120405815457,0.042536708080483245
KAZ,Kazakhstan,KZ,2022,225496328925.494,11255.3396437881,719143972705.045,21.3547830101811,0.057916589692753255
KAZ,Kazakhstan,KZ,2023,261840101059.923,12879.4275257974,783017688189.349,20.8858497183933,0.10228429992469482
KAZ,Kazakhstan,KZ,2024,288406138230.669,14005.3487362345,840445512071.735,,
KEN,Kenya,KE,1960,791265459.493816,102.824417465582,,,
KEN,Kenya,KE,1961,792959472.816211,99.2716957068382,,,
KEN,Kenya,KE,1962,868111400.75544,104.600455936259,,,
KEN,Kenya,KE,1963,926589349.36426,107.393655978243,,,
KEN,Kenya,KE,1964,998759334.496266,111.300544823892,,,
KEN,Kenya,KE,1965,997919320.832272,106.865601340262,,,
KEN,Kenya,KE,1966,1164519674.19213,119.833476389359,,,
KEN,Kenya,KE,1967,1232559506.9762,121.90214207834,,,
KEN,Kenya,KE,1968,1353295458.68182,128.654646882243,,,
KEN,Kenya,KE,1969,1458379416.64823,133.310793093247,,,
KEN,Kenya,KE,1970,1603447358.62106,141.039390962597,,,
KEN,Kenya,KE,1971,1778391288.64348,150.852979093178,,,
KEN,Kenya,KE,1972,2107279157.08834,172.642044778441,,,
KEN,Kenya,KE,1973,2509001324.34591,198.578083872556,,,
KEN,Kenya,KE,1974,2969958812.01648,227.233442066411,,,
KEN,Kenya,KE,1975,3259345083.26283,241.224426147057,,,
KEN,Kenya,KE,1976,3474542391.69992,248.935108198575,,,
KEN,Kenya,KE,1977,4494378764.32011,311.48625291648,,,
KEN,Kenya,KE,1978,5303735110.55151,355.141982232607,,,
KEN,Kenya,KE,1979,6234391113.46434,403.242079834358,,,
KEN,Kenya,KE,1980,7265315820.20777,453.558973444809,,,
KEN,Kenya,KE,1981,6854491705.88377,412.883704225392,,,
KEN,Kenya,KE,1982,6431579356.95926,373.794835688888,,,
KEN,Kenya,KE,1983,5979198313.76093,335.037151735189,,,
KEN,Kenya,KE,1984,6191437070.18411,334.40283575753,,,
KEN,Kenya,KE,1985,6135034213.78998,319.503611010714,,,
KEN,Kenya,KE,1986,7239126568.14092,363.745117772717,,,
KEN,Kenya,KE,1987,7970820369.2949,386.630929992512,,,
KEN,Kenya,KE,1988,8355380879.12955,391.238771204282,,,
KEN,Kenya,KE,1989,8283114514.17081,374.489193682103,,,
KEN,Kenya,KE,1990,8572359038.16958,374.458992895562,39587653483.521,,
KEN,Kenya,KE,1991,8151488783.19064,344.722642127742,41515097273.2209,,
KEN,Kenya,KE,1992,8209120763.04955,336.68139978696,42121691418.6239,,
KEN,Kenya,KE,1993,5751786642.55871,228.998032843434,43272411383.6063,,
KEN,Kenya,KE,1994,7148148564.04239,276.447871981244,45359958236.7536,,
KEN,Kenya,KE,1995,9046320255.40507,340.064842175429,48351578866.6054,,
KEN,Kenya,KE,1996,12045865396.1323,440.527078880876,51278552662.3958,,
KEN,Kenya,KE,1997,13115764358.2846,466.723814611399,52410546872.6057,,
KEN,Kenya,KE,1998,14093998843.7334,487.883239905452,54743370148.0552,,
KEN,Kenya,KE,1999,12896010459.3711,433.721235701305,56797949171.4744,,
KEN,Kenya,KE,2000,12705350097.8044,414.626365130846,58432863846.0635,,
KEN,Kenya,KE,2001,12986007425.8781,410.700452474814,62007031615.8442,,
KEN,Kenya,KE,2002,13147736898.5176,402.936385605382,63314978396.5385,,
KEN,Kenya,KE,2003,14904517649.8476,442.898457253405,66458368611.2695,,
KEN,Kenya,KE,2004,16095337093.8366,463.662781300121,71728946875.3981,,
KEN,Kenya,KE,2005,18737895512.7378,523.456312433863,78347607390.589,,
KEN,Kenya,KE,2006,25825512284.2891,699.80237063381,85991146841.4899,,
KEN,Kenya,KE,2007,31958195182.2406,840.201439476765,94371493369.4559,,
KEN,Kenya,KE,2008,35895153327.8497,915.54435473604,96413190295.6955,,
KEN,Kenya,KE,2009,42347217912.9176,1047.9678324485,100215839417.265,,
KEN,Kenya,KE,2010,45405615063.7551,1091.51873101194,109607761069.453,,
KEN,Kenya,KE,2011,46869473150.61,1096.14499807675,117598023944.482,,
KEN,Kenya,KE,2012,56396704671.5777,1285.00536171512,124961878452.748,,
KEN,Kenya,KE,2013,61671440407.8387,1370.87885214659,139746695151.583,,
KEN,Kenya,KE,2014,68285796514.2896,1482.81566253497,154709329446.165,,
KEN,Kenya,KE,2015,70120446896.8359,1489.11959777284,173206956148.628,,
KEN,Kenya,KE,2016,74815144163.8931,1554.12610314423,188546457052.59,,
KEN,Kenya,KE,2017,82036510877.2599,1667.48447230835,205511364865.135,,
KEN,Kenya,KE,2018,92202979985.2863,1836.45275528993,221491717233.004,,
KEN,Kenya,KE,2019,100378436207.371,1960.40808854893,240006995767.663,,
KEN,Kenya,KE,2020,100657505750.545,1927.66459027849,250255393335.358,,
KEN,Kenya,KE,2021,109703658904.994,2061.35622089594,284129273925.386,,
KEN,Kenya,KE,2022,114448978152.637,2109.56288513137,319179328511.243,,
KEN,Kenya,KE,2023,108038588970.595,1952.30457929636,349035957917.845,,
KEN,Kenya,KE,2024,124498691699.125,2206.1349785176,373549891750.11,,
KGZ,Kyrgyz Republic,KG,1960,,,,,
KGZ,Kyrgyz Republic,KG,1961,,,,,
KGZ,Kyrgyz Republic,KG,1962,,,,,
KGZ,Kyrgyz Republic,KG,1963,,,,,
KGZ,Kyrgyz Republic,KG,1964,,,,,
KGZ,Kyrgyz Republic,KG,1965,,,,,
KGZ,Kyrgyz Republic,KG,1966,,,,,
KGZ,Kyrgyz Republic,KG,1967,,,,,
KGZ,Kyrgyz Republic,KG,1968,,,,,
KGZ,Kyrgyz Republic,KG,1969,,,,,
KGZ,Kyrgyz Republic,KG,1970,,,,,
KGZ,Kyrgyz Republic,KG,1971,,,,,
KGZ,Kyrgyz Republic,KG,1972,,,,,
KGZ,Kyrgyz Republic,KG,1973,,,,,
KGZ,Kyrgyz Republic,KG,1974,,,,,
KGZ,Kyrgyz Republic,KG,1975,,,,,
KGZ,Kyrgyz Republic,KG,1976,,,,,
KGZ,Kyrgyz Republic,KG,1977,,,,,
KGZ,Kyrgyz Republic,KG,1978,,,,,
KGZ,Kyrgyz Republic,KG,1979,,,,,
KGZ,Kyrgyz Republic,KG,1980,,,,,
KGZ,Kyrgyz Republic,KG,1981,,,,,
KGZ,Kyrgyz Republic,KG,1982,,,,,
KGZ,Kyrgyz Republic,KG,1983,,,,,
KGZ,Kyrgyz Republic,KG,1984,,,,,
KGZ,Kyrgyz Republic,KG,1985,,,,,
KGZ,Kyrgyz Republic,KG,1986,,,,,
KGZ,Kyrgyz Republic,KG,1987,,,,,
KGZ,Kyrgyz Republic,KG,1988,,,,,
KGZ,Kyrgyz Republic,KG,1989,,,,,
KGZ,Kyrgyz Republic,KG,1990,2660202622.91006,605.798144966488,11170168416.7966,,
KGZ,Kyrgyz Republic,KG,1991,2542256424.35069,569.548584035047,10630564112.7966,,
KGZ,Kyrgyz Republic,KG,1992,2315346942.855,512.766741120388,9368256102.77165,,
KGZ,Kyrgyz Republic,KG,1993,2026019252.61241,448.554190878232,8107716053.04421,,
KGZ,Kyrgyz Republic,KG,1994,1681780847.41091,372.481759948941,6617613642.24192,,
KGZ,Kyrgyz Republic,KG,1995,1661147035.24388,364.250365258345,6389911212.98483,,
KGZ,Kyrgyz Republic,KG,1996,1827570586.16784,394.856879614212,6967876605.9873,,
KGZ,Kyrgyz Republic,KG,1997,1767864035.71943,376.427930059811,7790830580.2531,,
KGZ,Kyrgyz Republic,KG,1998,1645963749.83146,345.137046084246,8045555485.36403,,
KGZ,Kyrgyz Republic,KG,1999,1249061487.01457,258.048055936976,8457698762.21228,,
KGZ,Kyrgyz Republic,KG,2000,1369688498.06778,279.621738464365,9120091690.02516,,
KGZ,Kyrgyz Republic,KG,2001,1525116370.27939,308.41129550148,9821712906.24774,,
KGZ,Kyrgyz Republic,KG,2002,1605643104.73021,321.726775366804,9972613783.76033,,
KGZ,Kyrgyz Republic,KG,2003,1919008090.49641,380.505828812441,10884450551.7862,,
KGZ,Kyrgyz Republic,KG,2004,2211534585.0034,433.233873286,11962539832.4296,,
KGZ,Kyrgyz Republic,KG,2005,2460246766.41401,476.548193640077,12315965409.7066,,
KGZ,Kyrgyz Republic,KG,2006,2834168889.42019,543.113512472219,13089706552.7888,,
KGZ,Kyrgyz Republic,KG,2007,3802570552.56105,721.771577544361,14592873714.8541,,
KGZ,Kyrgyz Republic,KG,2008,5139958909.17936,966.388569370494,16123695426.1079,,
KGZ,Kyrgyz Republic,KG,2009,4690061380.60253,870.198894546917,16691390973.8752,,
KGZ,Kyrgyz Republic,KG,2010,4794361863.01353,876.954476440354,16814571636.6724,,
KGZ,Kyrgyz Republic,KG,2011,6197765984.28468,1117.40174350185,18183659161.176,,
KGZ,Kyrgyz Republic,KG,2012,6605142884.36215,1168.62244675446,20283491468.0054,,
KGZ,Kyrgyz Republic,KG,2013,7335033800.59056,1269.66303464348,23114163150.7939,,
KGZ,Kyrgyz Republic,KG,2014,7468102412.68237,1264.52668823891,24971077860.1925,53.8893270176244,
KGZ,Kyrgyz Republic,KG,2015,6678177511.66313,1105.65193844261,25086544783.7459,72.4565575830671,7.051953737033373
KGZ,Kyrgyz Republic,KG,2016,6813095379.1187,1103.27489428412,28429771863.0656,60.4735108680683,-0.21495984049060265
KGZ,Kyrgyz Republic,KG,2017,7702938379.42036,1221.39046807082,31241590663.088,60.9182286766387,0.20356064275837948
KGZ,Kyrgyz Republic,KG,2018,8271106235.41552,1283.5203037417,30789434119.8894,51.6567858407378,0.9286739038141503
KGZ,Kyrgyz Republic,KG,2019,9371275264.36735,1421.99927504102,34955978964.9393,51.3325378370411,0.12910596338479977
KGZ,Kyrgyz Republic,KG,2020,8270468614.24051,1229.51766602907,34834094213.2461,67.9562222931595,-6.643854986249349
KGZ,Kyrgyz Republic,KG,2021,9249133946.26531,1349.99730650542,39301901464.0311,56.3623694600643,-0.09115589967705809
KGZ,Kyrgyz Republic,KG,2022,12134931017.9465,1739.72018344174,45879594489.2342,47.085480540382,0.0761299644837467
KGZ,Kyrgyz Republic,KG,2023,15180842369.4894,2138.22210211478,51814586970.3659,40.54198900827,0.07427555521909461
KGZ,Kyrgyz Republic,KG,2024,17478259659.2625,2419.26553574523,57864889798.0022,,
KHM,Cambodia,KH,1960,,,,,
KHM,Cambodia,KH,1961,,,,,
KHM,Cambodia,KH,1962,,,,,
KHM,Cambodia,KH,1963,,,,,
KHM,Cambodia,KH,1964,,,,,
KHM,Cambodia,KH,1965,,,,,
KHM,Cambodia,KH,1966,,,,,
KHM,Cambodia,KH,1967,,,,,
KHM,Cambodia,KH,1968,,,,,
KHM,Cambodia,KH,1969,,,,,
KHM,Cambodia,KH,1970,,,,,
KHM,Cambodia,KH,1971,,,,,
KHM,Cambodia,KH,1972,,,,,
KHM,Cambodia,KH,1973,,,,,
KHM,Cambodia,KH,1974,,,,,
KHM,Cambodia,KH,1975,749129748.150633,113.825789208758,,,
KHM,Cambodia,KH,1976,790357254.540309,128.827777341533,,,
KHM,Cambodia,KH,1977,716261764.498093,126.357117453489,,,
KHM,Cambodia,KH,1978,766642356.138135,147.101573366096,,,
KHM,Cambodia,KH,1979,723738502.67823,142.221617062037,,,
KHM,Cambodia,KH,1980,744384129.707563,143.154317973128,,,
KHM,Cambodia,KH,1981,815153652.415596,154.253841174151,,,
KHM,Cambodia,KH,1982,865516039.800558,159.206634020357,,,
KHM,Cambodia,KH,1983,939291262.100055,166.65319934361,,,
KHM,Cambodia,KH,1984,1021176058.63327,174.705837134358,,,
KHM,Cambodia,KH,1985,1102669184.43812,182.446852317187,,,
KHM,Cambodia,KH,1986,1167630317.8411,185.759997798349,,,
KHM,Cambodia,KH,1987,1036974910.45,158.124375446975,,,
KHM,Cambodia,KH,1988,1662877859.22297,244.109577464605,,,
KHM,Cambodia,KH,1989,1353137647.68304,191.297492431658,,,
KHM,Cambodia,KH,1990,1402541176.5121,190.181470036159,10396290527.9643,,
KHM,Cambodia,KH,1991,2054974089.3643,267.336306726982,11563776555.1314,,
KHM,Cambodia,KH,1992,2491486594.18917,307.094922385136,12657283369.386,,
KHM,Cambodia,KH,1993,2533727592.04165,294.059372727558,13488340386.4742,,
KHM,Cambodia,KH,1994,2791435272.26653,302.1307854832,8980985670.63207,,
KHM,Cambodia,KH,1995,3441205692.9166,343.485224671585,10077366644.2719,,
KHM,Cambodia,KH,1996,3506695719.57259,324.655870983004,10867053240.1987,,
KHM,Cambodia,KH,1997,3443413388.65696,297.59041960803,11497359838.3609,,
KHM,Cambodia,KH,1998,3120425502.66241,258.780953189377,12170888167.2422,,
KHM,Cambodia,KH,1999,3517242477.2548,286.753596443196,13911358385.6736,,
KHM,Cambodia,KH,2000,3694168979.32019,296.426687526334,15648212291.0836,,
KHM,Cambodia,KH,2001,4145665969.92864,327.500984314444,17182956708.0688,,
KHM,Cambodia,KH,2002,4501227626.62752,350.147276634294,18543232821.8267,,
KHM,Cambodia,KH,2003,5046693484.31767,386.691123931778,20853910301.2724,,
KHM,Cambodia,KH,2004,5883297159.87352,444.199067529081,23440026263.0214,,
KHM,Cambodia,KH,2005,7066296463.3598,525.797325120926,27391055614.7192,,
KHM,Cambodia,KH,2006,8350531016.65753,612.252648550727,31325690955.1289,,
KHM,Cambodia,KH,2007,10127916459.8983,731.692295125426,35520024828.2326,,
KHM,Cambodia,KH,2008,12174303999.0812,866.283999789749,38911165513.9601,,
KHM,Cambodia,KH,2009,12502901169.7377,875.748936193569,40746485215.2719,,
KHM,Cambodia,KH,2010,13808673288.0696,952.274616324008,43335477862.6357,,
KHM,Cambodia,KH,2011,16032622023.8265,1088.98152823081,47452391312.3707,,
KHM,Cambodia,KH,2012,17826536699.8016,1192.80263041673,53555447530.5541,,
KHM,Cambodia,KH,2013,19807135252.8649,1305.6600972686,59026496728.1017,,
KHM,Cambodia,KH,2014,22041463967.9009,1431.56396469993,63400653497.7179,,
KHM,Cambodia,KH,2015,24174170369.0738,1547.32010444393,69267932041.222,,
KHM,Cambodia,KH,2016,26556545153.3573,1675.19555711109,75271078913.0336,,
KHM,Cambodia,KH,2017,29355665909.7905,1826.35391688754,81171550322.3937,,
KHM,Cambodia,KH,2018,33145892168.8958,2036.67377566578,91413678746.1866,,
KHM,Cambodia,KH,2019,36685356407.7206,2225.87705485686,101425852442.976,,
KHM,Cambodia,KH,2020,34818073901.4851,2081.73914242939,99390356590.6425,,
KHM,Cambodia,KH,2021,36790163687.4421,2167.40324198499,105674090069.142,28.0325110484223,
KHM,Cambodia,KH,2022,39994532959.6074,2325.03050040841,119015567874.092,27.4923946808839,0.051137374853891956
KHM,Cambodia,KH,2023,42335646895.7984,2429.74853452838,129472162766.306,50.3420177209934,0.9866657470139474
KHM,Cambodia,KH,2024,46352647034.7775,2627.8796974226,140580072943.655,,
KIR,Kiribati,KI,1960,,,,,
KIR,Kiribati,KI,1961,,,,,
KIR,Kiribati,KI,1962,,,,,
KIR,Kiribati,KI,1963,,,,,
KIR,Kiribati,KI,1964,,,,,
KIR,Kiribati,KI,1965,,,,,
KIR,Kiribati,KI,1966,,,,,
KIR,Kiribati,KI,1967,,,,,
KIR,Kiribati,KI,1968,,,,,
KIR,Kiribati,KI,1969,,,,,
KIR,Kiribati,KI,1970,11560877.2811451,201.023774667798,,,
KIR,Kiribati,KI,1971,12356134.3838676,210.668594146279,,,
KIR,Kiribati,KI,1972,15314346.4925323,256.187000109277,,,
KIR,Kiribati,KI,1973,25645040.4712955,421.626997094822,,,
KIR,Kiribati,KI,1974,69256488.5160763,1131.29075149996,,,
KIR,Kiribati,KI,1975,44547453.6024265,730.441792552945,,,
KIR,Kiribati,KI,1976,33246816.5018414,548.075641711172,,,
KIR,Kiribati,KI,1977,31335458.7039851,519.943894734849,,,
KIR,Kiribati,KI,1978,36563964.5510014,610.783852582543,,,
KIR,Kiribati,KI,1979,34466197.0333233,572.794606018137,,,
KIR,Kiribati,KI,1980,33157723.1094117,542.253599617514,,,
KIR,Kiribati,KI,1981,35267489.2425442,567.722497103141,,,
KIR,Kiribati,KI,1982,32742712.6527597,518.62249584629,,,
KIR,Kiribati,KI,1983,31000545.7710517,483.107821082637,,,
KIR,Kiribati,KI,1984,34394167.0416706,527.291455228898,,,
KIR,Kiribati,KI,1985,26126615.2284866,392.905065394709,,,
KIR,Kiribati,KI,1986,25993008.7943576,381.918758641144,,,
KIR,Kiribati,KI,1987,29554412.5328693,423.822473332128,,,
KIR,Kiribati,KI,1988,38278810.3176488,535.915134580045,,,
KIR,Kiribati,KI,1989,37645319.1994276,514.652948165033,,,
KIR,Kiribati,KI,1990,36534294.7991591,488.067527876014,89192035.8017036,,
KIR,Kiribati,KI,1991,41247791.6364169,540.125861123481,86999784.3261175,,
KIR,Kiribati,KI,1992,61491369.281929,791.99610105394,110301879.271525,,
KIR,Kiribati,KI,1993,58953595.9090414,747.75302075115,112798965.066409,,
KIR,Kiribati,KI,1994,67055333.9021503,837.971706204,117563734.652975,,
KIR,Kiribati,KI,1995,68596394.6026524,844.429605862723,123332119.232255,,
KIR,Kiribati,KI,1996,81456854.1385109,985.885941426854,125524674.392712,,
KIR,Kiribati,KI,1997,80205806.8250976,953.162998384941,129192354.874799,,
KIR,Kiribati,KI,1998,74905705.8928477,874.484349123221,136447881.245061,,
KIR,Kiribati,KI,1999,77323978.1928449,887.496019475758,132962287.362719,,
KIR,Kiribati,KI,2000,74910527.2586758,845.367240231973,145142424.032806,,
KIR,Kiribati,KI,2001,64935850.1573877,718.833787096781,143744360.973886,,
KIR,Kiribati,KI,2002,74743869.1313473,810.10870037444,148090670.537453,,
KIR,Kiribati,KI,2003,96105619.3795504,1020.50033851394,148635263.817443,,
KIR,Kiribati,KI,2004,104085892.133271,1083.2688987175,151702715.649462,,
KIR,Kiribati,KI,2005,113895437.324786,1161.78341739977,158481412.566625,,
KIR,Kiribati,KI,2006,112338353.264712,1123.19258990684,172806424.564093,,
KIR,Kiribati,KI,2007,138054945.643442,1352.57814048911,182910603.375974,,
KIR,Kiribati,KI,2008,147017894.97877,1410.62246914058,180870183.240703,,
KIR,Kiribati,KI,2009,140177384.145395,1316.62753853678,182962657.356972,,
KIR,Kiribati,KI,2010,165458433.127645,1522.10068744154,187456471.802346,,
KIR,Kiribati,KI,2011,195970140.170383,1771.12926848792,197568194.319608,,
KIR,Kiribati,KI,2012,207001545.867109,1843.55336349889,212926945.001633,,
KIR,Kiribati,KI,2013,201730860.757856,1772.08718317132,233292072.85742,,
KIR,Kiribati,KI,2014,200287281.98074,1736.70535682101,240354497.909504,,
KIR,Kiribati,KI,2015,191559398.688293,1639.85274740652,269913079.511485,,
KIR,Kiribati,KI,2016,206467818.503227,1742.66799324117,291791468.053021,,
KIR,Kiribati,KI,2017,222875736.343445,1853.05122713319,308152392.019748,,
KIR,Kiribati,KI,2018,233514717.441266,1912.73809378187,326179430.65841,,
KIR,Kiribati,KI,2019,216985388.322754,1750.9977188915,342386077.02702,,
KIR,Kiribati,KI,2020,220897998.732518,1751.7823197053,341842564.466708,,
KIR,Kiribati,KI,2021,285259893.983064,2222.04829512346,387761958.155448,,
KIR,Kiribati,KI,2022,270040456.961045,2069.76720110559,434376227.301959,,
KIR,Kiribati,KI,2023,288610732.190775,2177.70114080416,461941012.755098,,
KIR,Kiribati,KI,2024,307862546.789627,2288.63458265531,498029490.186256,,
KNA,St. Kitts and Nevis,KN,1960,12366635.7500773,221.584586097067,,,
KNA,St. Kitts and Nevis,KN,1961,12483302.125078,225.599127572162,,,
KNA,St. Kitts and Nevis,KN,1962,12541635.3125784,230.286541058342,,,
KNA,St. Kitts and Nevis,KN,1963,12833301.2500802,240.139616588017,,,
KNA,St. Kitts and Nevis,KN,1964,13416633.1250839,256.40471515277,,,
KNA,St. Kitts and Nevis,KN,1965,13593932.3220537,265.823194079933,,,
KNA,St. Kitts and Nevis,KN,1966,14469078.1796966,289.973108735753,,,
KNA,St. Kitts and Nevis,KN,1967,16742338.2519864,344.457118650064,,,
KNA,St. Kitts and Nevis,KN,1968,14600000.0,309.027410307969,,,
KNA,St. Kitts and Nevis,KN,1969,15850000.0,346.592027290022,,,
KNA,St. Kitts and Nevis,KN,1970,16300000.0,365.421692149038,,,
KNA,St. Kitts and Nevis,KN,1971,19624746.4503043,443.938525320189,,,
KNA,St. Kitts and Nevis,KN,1972,22944849.1155047,521.083031260752,,,
KNA,St. Kitts and Nevis,KN,1973,24196018.3767228,551.413363188761,,,
KNA,St. Kitts and Nevis,KN,1974,31514856.3078422,720.537205812844,,,
KNA,St. Kitts and Nevis,KN,1975,33364055.2995392,765.12533365911,,,
KNA,St. Kitts and Nevis,KN,1976,30095602.2944551,692.139328790191,,,
KNA,St. Kitts and Nevis,KN,1977,44496296.2962963,1026.25343180719,,,
KNA,St. Kitts and Nevis,KN,1978,49433333.3333333,1143.84000123408,,,
KNA,St. Kitts and Nevis,KN,1979,58840740.7407407,1367.339965625,,,
KNA,St. Kitts and Nevis,KN,1980,68459259.2592593,1597.6489908812,,,
KNA,St. Kitts and Nevis,KN,1981,80888888.8888889,1894.44210241437,,,
KNA,St. Kitts and Nevis,KN,1982,86022222.2222222,2022.52944188428,,,
KNA,St. Kitts and Nevis,KN,1983,86874074.0740741,2052.11116535348,,,
KNA,St. Kitts and Nevis,KN,1984,98603703.7037037,2341.40772929271,,,
KNA,St. Kitts and Nevis,KN,1985,111007407.407407,2650.9864691075,,,
KNA,St. Kitts and Nevis,KN,1986,130685185.185185,3140.11209537184,,,
KNA,St. Kitts and Nevis,KN,1987,147748148.148148,3573.284031831,,,
KNA,St. Kitts and Nevis,KN,1988,172692592.592593,4205.65468298165,,,
KNA,St. Kitts and Nevis,KN,1989,192518518.518518,4723.45351878204,,,
KNA,St. Kitts and Nevis,KN,1990,217259259.259259,5373.44824048425,363220495.753078,,
KNA,St. Kitts and Nevis,KN,1991,220540740.740741,5464.61025672087,368501946.709917,,
KNA,St. Kitts and Nevis,KN,1992,242137037.037037,5947.1211356266,392989313.327464,,
KNA,St. Kitts and Nevis,KN,1993,263755555.555556,6395.31437746849,429668980.884827,,
KNA,St. Kitts and Nevis,KN,1994,295159259.259259,7065.28291984056,462109503.228471,,
KNA,St. Kitts and Nevis,KN,1995,313485185.185185,7406.44486096454,497196086.294231,,
KNA,St. Kitts and Nevis,KN,1996,333944444.444444,7788.42839854571,535880781.728854,,
KNA,St. Kitts and Nevis,KN,1997,374641307.974641,8626.72257471312,582320695.186754,,
KNA,St. Kitts and Nevis,KN,1998,383257331.40548,8710.78984057184,585998920.788632,,
KNA,St. Kitts and Nevis,KN,1999,406595484.373262,9116.28627997718,613426887.970918,,
KNA,St. Kitts and Nevis,KN,2000,421695769.843918,9319.65545093525,690322971.355017,,
KNA,St. Kitts and Nevis,KN,2001,458643829.014199,10022.5919235637,742949267.795744,,
KNA,St. Kitts and Nevis,KN,2002,481077373.669966,10453.6587064313,764813996.891991,79.2688095806907,
KNA,St. Kitts and Nevis,KN,2003,469869869.86987,10175.6295449989,749236741.514893,92.3085420315927,-3.362962074140757
KNA,St. Kitts and Nevis,KN,2004,506900000.0,10944.6183741768,800131640.569426,90.828054331704,0.5241661066309308
KNA,St. Kitts and Nevis,KN,2005,547203703.703704,11783.7867154145,905536529.626896,92.3212291448103,0.42481689585919996
KNA,St. Kitts and Nevis,KN,2006,644414814.814815,13837.8495311219,962869402.757257,84.6590647845878,0.7041400189133742
KNA,St. Kitts and Nevis,KN,2007,689285185.185185,14757.9579751035,994895716.645312,97.046322814295,3.852156411181117
KNA,St. Kitts and Nevis,KN,2008,777692592.592593,16604.9448615905,1128826508.16672,92.4815575039171,0.375539453810048
KNA,St. Kitts and Nevis,KN,2009,774274074.074074,16503.4119292794,1097118231.87286,100.754350550575,-1.9204005928376535
KNA,St. Kitts and Nevis,KN,2010,778718518.518518,16622.9457908577,1109849563.33969,104.877909576037,2.87392477245785
KNA,St. Kitts and Nevis,KN,2011,836092592.592593,17832.4572919975,1151059045.16662,103.00959046712,1.0811068200021787
KNA,St. Kitts and Nevis,KN,2012,824585185.185185,17532.0559008608,1103295123.22526,96.9555960797348,1.2933208070709796
KNA,St. Kitts and Nevis,KN,2013,874548148.148148,18580.1301949935,1159047588.95253,67.1288453720016,-3.809829836880448
KNA,St. Kitts and Nevis,KN,2014,952111111.111111,20219.3954237956,1259894306.10067,57.666394367293,-0.37706657193477644
KNA,St. Kitts and Nevis,KN,2015,957222222.222222,20328.8003530109,1265579265.23194,,
KNA,St. Kitts and Nevis,KN,2016,1006818518.51852,21387.5415511103,1328207470.1639,,
KNA,St. Kitts and Nevis,KN,2017,1056977777.77778,22464.9899633959,1391674596.19905,,
KNA,St. Kitts and Nevis,KN,2018,1076548148.14815,22901.3816403197,1447606595.65757,,
KNA,St. Kitts and Nevis,KN,2019,1107855555.55556,23595.4923231291,1525099297.07708,,
KNA,St. Kitts and Nevis,KN,2020,883922222.222222,18859.0190361046,1280771310.01142,,
KNA,St. Kitts and Nevis,KN,2021,858622222.222222,18361.1449697886,1257766533.81363,,
KNA,St. Kitts and Nevis,KN,2022,980188888.888889,20985.0112160159,1486796318.77658,,
KNA,St. Kitts and Nevis,KN,2023,1056751851.85185,22600.4502299468,1606969716.58137,,
KNA,St. Kitts and Nevis,KN,2024,1066681481.48148,22771.4168922033,1665025419.53542,,
KOR,"Korea, Rep.",KR,1960,3958811881.18812,158.274135881229,,,
KOR,"Korea, Rep.",KR,1961,2417628736.52655,93.8313831944754,,,
KOR,"Korea, Rep.",KR,1962,2814615384.61538,106.159702780685,,,
KOR,"Korea, Rep.",KR,1963,3988461538.46154,146.302492590131,,,
KOR,"Korea, Rep.",KR,1964,3459019942.79079,123.606374492665,,,
KOR,"Korea, Rep.",KR,1965,3120861498.91442,108.723112442051,,,
KOR,"Korea, Rep.",KR,1966,3929055143.5021,133.479834432364,,,
KOR,"Korea, Rep.",KR,1967,4855892445.82682,161.159443282246,,,
KOR,"Korea, Rep.",KR,1968,6119394892.37109,198.434884397043,,,
KOR,"Korea, Rep.",KR,1969,7678698837.59346,243.426137656633,,,
KOR,"Korea, Rep.",KR,1970,9005144969.11666,279.308746302217,,,
KOR,"Korea, Rep.",KR,1971,9903571248.53268,301.178736655376,,,
KOR,"Korea, Rep.",KR,1972,10862211760.8252,324.192811178745,,,
KOR,"Korea, Rep.",KR,1973,13876472208.2678,406.897093528455,,,
KOR,"Korea, Rep.",KR,1974,19543973941.3681,563.352475775669,,,
KOR,"Korea, Rep.",KR,1975,21784297520.6612,617.456061933567,,,
KOR,"Korea, Rep.",KR,1976,29902479338.843,834.134207951691,,,
KOR,"Korea, Rep.",KR,1977,38446487603.3058,1055.8800411599,,,
KOR,"Korea, Rep.",KR,1978,51972107438.0165,1405.82237444554,,,
KOR,"Korea, Rep.",KR,1979,66946900826.4463,1783.62231287847,,,
KOR,"Korea, Rep.",KR,1980,65398377597.5108,1715.42239973641,,,
KOR,"Korea, Rep.",KR,1981,72933533011.7706,1883.45598002963,,,
KOR,"Korea, Rep.",KR,1982,78358416171.4889,1992.51677784629,,,
KOR,"Korea, Rep.",KR,1983,87760553261.9279,2198.93929063878,,,
KOR,"Korea, Rep.",KR,1984,97510744119.1162,2413.27650109593,,,
KOR,"Korea, Rep.",KR,1985,101296177099.377,2482.39995573606,,,
KOR,"Korea, Rep.",KR,1986,116836246284.832,2834.89033966815,,,
KOR,"Korea, Rep.",KR,1987,147948709376.434,3554.60600894471,,,
KOR,"Korea, Rep.",KR,1988,199591287824.777,4748.64064406123,,,
KOR,"Korea, Rep.",KR,1989,246928837311.406,5817.06556721983,,,
KOR,"Korea, Rep.",KR,1990,283365844161.092,6609.99728316175,358187125246.697,7.44280156883706,
KOR,"Korea, Rep.",KR,1991,330647042837.334,7636.9480638849,410211321362.576,10.242860165184,0.24560411687887843
KOR,"Korea, Rep.",KR,1992,355524903068.056,8126.66206183629,445566678589.937,9.99384594985674,0.04703380246340607
KOR,"Korea, Rep.",KR,1993,392665710525.411,8884.91946408987,487498211137.348,9.20041893348368,0.014220306634510124
KOR,"Korea, Rep.",KR,1994,463619823515.164,10385.3904572997,544057830051.644,8.1789368617001,0.03168837240343453
KOR,"Korea, Rep.",KR,1995,566581003128.204,12564.7243743092,608871842065.342,7.21688976925724,0.0458288834990794
KOR,"Korea, Rep.",KR,1996,610167053824.007,13402.994604707,668944044114.198,6.86298018400292,0.016415538473845828
KOR,"Korea, Rep.",KR,1997,569755022973.035,12398.4904543462,722468658677.207,8.6798604727881,0.1415852706157098
KOR,"Korea, Rep.",KR,1998,383331833681.821,8281.71948271445,693124625328.878,,
KOR,"Korea, Rep.",KR,1999,497514040642.262,10672.4475586765,783492526099.428,,
KOR,"Korea, Rep.",KR,2000,576179387819.613,12257.0206622345,871475638525.286,,
KOR,"Korea, Rep.",KR,2001,547656279894.587,11561.2071745115,934349291854.747,,
KOR,"Korea, Rep.",KR,2002,627246933729.618,13165.08362497,1019446685620.94,,
KOR,"Korea, Rep.",KR,2003,702714855193.904,14672.8057539465,1058222737252.78,,
KOR,"Korea, Rep.",KR,2004,793175561887.027,16496.1316167114,1143105567943.22,,
KOR,"Korea, Rep.",KR,2005,934901071332.984,19402.5026259549,1213618156671.84,,
KOR,"Korea, Rep.",KR,2006,1053216909887.56,21743.4774514254,1302227991055.99,,
KOR,"Korea, Rep.",KR,2007,1172614086539.86,24086.4104391677,1414985950534.54,,
KOR,"Korea, Rep.",KR,2008,1047339010225.25,21350.427979823,1468996086974.66,,
KOR,"Korea, Rep.",KR,2009,943941876218.743,19143.8516053025,1454994406417.93,,
KOR,"Korea, Rep.",KR,2010,1143672241149.72,23079.2601257735,1572680440074.07,,
KOR,"Korea, Rep.",KR,2011,1253289537500.81,25097.595426845,1625275455251.2,,
KOR,"Korea, Rep.",KR,2012,1278046536287.01,25459.1689000965,1684562928828.18,32.4090205799357,
KOR,"Korea, Rep.",KR,2013,1370632955321.2,27179.5170146052,1726902752731.95,34.9298593014974,1.524753575120328
KOR,"Korea, Rep.",KR,2014,1484488526271.8,29252.9312377352,1792600237630.01,36.5002640215506,0.9601900091466721
KOR,"Korea, Rep.",KR,2015,1466038936206.43,28737.4391706499,1933849119227.42,37.4929571097141,0.0553570266633278
KOR,"Korea, Rep.",KR,2016,1499679823909.61,29280.4403170048,2026967821102.36,38.0655141568922,0.2276608853853473
KOR,"Korea, Rep.",KR,2017,1623074183501.9,31600.7358741365,2103651261121.49,37.3486351375477,0.46079334887261847
KOR,"Korea, Rep.",KR,2018,1725373496825.43,33447.1562836166,2220442287180.66,37.5556431793942,0.3577249090231652
KOR,"Korea, Rep.",KR,2019,1651422932447.77,31902.4169048194,2270666072345.05,39.969480137044,0.24072353256795997
KOR,"Korea, Rep.",KR,2020,1644312831906.17,31721.2989141857,2340031075342.67,46.4315966423379,1.4908892988748748
KOR,"Korea, Rep.",KR,2021,1818432106880.04,35125.5224984723,2506662609666.9,48.955278643504,0.7605871465516393
KOR,"Korea, Rep.",KR,2022,1673916511799.71,32394.6833725203,2647260793541.75,51.1791323198157,-0.2384281037277581
KOR,"Korea, Rep.",KR,2023,1712792854202.37,33121.3712885508,2699603936744.09,52.2965549034288,0.7457654717415927
KOR,"Korea, Rep.",KR,2024,,,,,
KWT,Kuwait,KW,1960,,,,,
KWT,Kuwait,KW,1961,,,,,
KWT,Kuwait,KW,1962,1828107502.79955,4748.39284354226,,,
KWT,Kuwait,KW,1963,1900895856.66293,4444.5230858112,,,
KWT,Kuwait,KW,1964,2071668533.03471,4378.78429775998,,,
KWT,Kuwait,KW,1965,2097199161.12034,4023.99037772478,,,
KWT,Kuwait,KW,1966,2391199043.52038,4176.11038180964,,,
KWT,Kuwait,KW,1967,2441599023.36039,3887.34562038245,,,
KWT,Kuwait,KW,1968,2662798934.88043,3871.94559219275,,,
KWT,Kuwait,KW,1969,2769198892.32044,3694.96497750415,,,
KWT,Kuwait,KW,1970,2873638850.54446,3551.58710706336,,,
KWT,Kuwait,KW,1971,3880392195.40688,4485.60842678202,,,
KWT,Kuwait,KW,1972,4450537925.33189,4835.69104574325,,,
KWT,Kuwait,KW,1973,5408804607.3129,5532.43234039128,,,
KWT,Kuwait,KW,1974,13006948296.2705,12526.6031710726,,,
KWT,Kuwait,KW,1975,12022811620.7867,10881.7216440289,,,
KWT,Kuwait,KW,1976,13132252801.9372,11141.1981409668,,,
KWT,Kuwait,KW,1977,14137406740.5065,11237.7967179507,,,
KWT,Kuwait,KW,1978,15503557496.1916,11567.0653748784,,,
KWT,Kuwait,KW,1979,24749063922.4796,17385.8942886966,,,
KWT,Kuwait,KW,1980,28638868355.9196,19031.9051902,,,
KWT,Kuwait,KW,1981,25058020338.2535,15825.191918191,,,
KWT,Kuwait,KW,1982,21577153356.4192,12978.8949980867,,,
KWT,Kuwait,KW,1983,20871081080.1538,11965.3390511088,,,
KWT,Kuwait,KW,1984,21700082752.9369,11918.6168925905,,,
KWT,Kuwait,KW,1985,21445970613.7595,11321.663553949,,,
KWT,Kuwait,KW,1986,17903989745.178,9076.70885221848,,,
KWT,Kuwait,KW,1987,22368704133.6668,10895.6500280404,,,
KWT,Kuwait,KW,1988,20690322152.8945,9692.34754600725,,,
KWT,Kuwait,KW,1989,24313855653.3993,10964.6929080372,,,
KWT,Kuwait,KW,1990,18427777777.7778,10937.5415268808,51830199714.7037,,
KWT,Kuwait,KW,1991,11009993703.1474,8147.10807329839,31609795101.8132,,
KWT,Kuwait,KW,1992,19858555214.7239,12146.19505586,59102505231.3233,,
KWT,Kuwait,KW,1993,23941391390.7285,14317.7209419057,81068824174.1444,,
KWT,Kuwait,KW,1994,24848483838.3838,14929.7441110335,89784933082.9454,,
KWT,Kuwait,KW,1995,27186980646.5448,16168.165602374,96120914824.745,,
KWT,Kuwait,KW,1996,31492373308.7516,18201.0958607918,98472964934.045,,
KWT,Kuwait,KW,1997,30350190704.4361,16977.3895620399,102648636588.376,,
KWT,Kuwait,KW,1998,25943705784.2996,14066.9509572183,107603565236.528,,
KWT,Kuwait,KW,1999,30122365849.2518,15853.6264423466,107173982494.725,,
KWT,Kuwait,KW,2000,37718743480.0751,19296.3471698729,114747023085.585,,
KWT,Kuwait,KW,2001,34889559869.8326,17374.2318664227,117581074993.74,,
KWT,Kuwait,KW,2002,38135788413.8276,18512.7523035862,123007582239.2,,
KWT,Kuwait,KW,2003,47874582231.588,22690.655175144,147169230082.401,,
KWT,Kuwait,KW,2004,59439090600.6108,27552.2827399787,166602568182.567,,
KWT,Kuwait,KW,2005,80798630136.9863,36122.6142741227,190055447161.541,,
KWT,Kuwait,KW,2006,101557330723.423,42946.6374104066,210639123108.947,,
KWT,Kuwait,KW,2007,114634043361.692,45709.4132876371,229308408275.783,,
KWT,Kuwait,KW,2008,147379737229.753,55585.1889344442,239522365117.063,,
KWT,Kuwait,KW,2009,105968691905.415,37907.1001320042,223946418603.25,,
KWT,Kuwait,KW,2010,115416245238.478,39212.2522190461,221294735531.378,,
KWT,Kuwait,KW,2011,154039231299.128,49169.6063983139,247607548979.805,,
KWT,Kuwait,KW,2012,174047662555.419,52155.2225460479,273942363690.304,,
KWT,Kuwait,KW,2013,174168116687.215,49651.0439709448,269446403355.205,,
KWT,Kuwait,KW,2014,162650450784.686,44368.781373043,250513498911.703,,
KWT,Kuwait,KW,2015,114585555830.916,29882.2126867068,173580844573.035,,
KWT,Kuwait,KW,2016,109406674087.947,27323.6890643847,167620163110.365,,
KWT,Kuwait,KW,2017,120687539675.517,29047.6535822842,193471105512.371,,
KWT,Kuwait,KW,2018,138646316321.596,32067.9623689512,222102130573.674,,
KWT,Kuwait,KW,2019,140856394870.02,31707.8737464917,225238748759.914,,
KWT,Kuwait,KW,2020,111045470461.207,25236.0755520534,182442653725.594,,
KWT,Kuwait,KW,2021,148350671614.185,34018.6342879647,220886348976.419,,
KWT,Kuwait,KW,2022,183502046669.15,39981.7690981957,252627730077.861,,
KWT,Kuwait,KW,2023,165384407267.056,34075.8490439847,257354882134.389,,
KWT,Kuwait,KW,2024,160227273001.348,32213.8622292316,256830086700.12,,
LAO,Lao PDR,LA,1960,,,,,
LAO,Lao PDR,LA,1961,,,,,
LAO,Lao PDR,LA,1962,,,,,
LAO,Lao PDR,LA,1963,,,,,
LAO,Lao PDR,LA,1964,,,,,
LAO,Lao PDR,LA,1965,,,,,
LAO,Lao PDR,LA,1966,,,,,
LAO,Lao PDR,LA,1967,,,,,
LAO,Lao PDR,LA,1968,,,,,
LAO,Lao PDR,LA,1969,,,,,
LAO,Lao PDR,LA,1970,,,,,
LAO,Lao PDR,LA,1971,,,,,
LAO,Lao PDR,LA,1972,,,,,
LAO,Lao PDR,LA,1973,,,,,
LAO,Lao PDR,LA,1974,,,,,
LAO,Lao PDR,LA,1975,,,,,
LAO,Lao PDR,LA,1976,,,,,
LAO,Lao PDR,LA,1977,,,,,
LAO,Lao PDR,LA,1978,,,,,
LAO,Lao PDR,LA,1979,,,,,
LAO,Lao PDR,LA,1980,,,,,
LAO,Lao PDR,LA,1981,,,,,
LAO,Lao PDR,LA,1982,,,,,
LAO,Lao PDR,LA,1983,,,,,
LAO,Lao PDR,LA,1984,1757142855.91837,483.017781668524,,,
LAO,Lao PDR,LA,1985,2366666615.55556,632.801098281291,,,
LAO,Lao PDR,LA,1986,1776842097.16343,461.911552367003,,,
LAO,Lao PDR,LA,1987,1087273103.69639,274.729585339944,,,
LAO,Lao PDR,LA,1988,598961269.297879,147.070942942331,,,
LAO,Lao PDR,LA,1989,714046821.093797,170.377296803511,,,
LAO,Lao PDR,LA,1990,865559879.400406,200.7349054896,4363761389.5407,,
LAO,Lao PDR,LA,1991,1028087972.31085,231.806227548139,4705167970.25616,,
LAO,Lao PDR,LA,1992,1127806944.61513,247.345286150532,5079954039.98877,,
LAO,Lao PDR,LA,1993,1327748689.88094,283.400573286349,5507840000.43641,,
LAO,Lao PDR,LA,1994,1543606345.11684,320.968128951646,6084424275.6299,,
LAO,Lao PDR,LA,1995,1763536304.53964,357.758162193406,6648776915.20482,,
LAO,Lao PDR,LA,1996,1873671550.34636,371.341879197673,7239582549.63888,,
LAO,Lao PDR,LA,1997,1747011857.33107,339.09319241187,7870515416.95308,,
LAO,Lao PDR,LA,1998,1280177838.71905,243.923962451418,8274750149.18368,,
LAO,Lao PDR,LA,1999,1454430642.44959,272.325307005412,9004985809.88952,,
LAO,Lao PDR,LA,2000,1731198022.46763,318.749852236965,9742974225.19941,,
LAO,Lao PDR,LA,2001,1768619058.34647,320.316005439568,10535332008.0514,,
LAO,Lao PDR,LA,2002,1758176653.07746,313.350817148131,11332299880.3305,,
LAO,Lao PDR,LA,2003,2023324407.28414,355.097216151461,12257140061.6633,,
LAO,Lao PDR,LA,2004,2366398119.86321,409.296298284117,13386972232.0346,,
LAO,Lao PDR,LA,2005,2735558734.7379,466.061506997741,14788036347.3066,,
LAO,Lao PDR,LA,2006,3455030060.9785,579.391947440719,16558002670.8547,,
LAO,Lao PDR,LA,2007,4223152739.04052,697.323013673925,18298564184.0331,,
LAO,Lao PDR,LA,2008,5446433157.40114,885.747376088762,20110556743.143,,
LAO,Lao PDR,LA,2009,5836137329.63305,935.03237283283,21752548533.1042,,
LAO,Lao PDR,LA,2010,7131771014.70456,1125.91610151261,23894264991.2341,,
LAO,Lao PDR,LA,2011,8750104617.17303,1361.54704394913,26347634540.9717,,
LAO,Lao PDR,LA,2012,10192846339.4029,1563.5650771337,31166890463.4396,,
LAO,Lao PDR,LA,2013,11983252626.5452,1812.51774424651,34521998381.2813,,
LAO,Lao PDR,LA,2014,13279245886.3854,1981.03910900473,38868372116.7692,,
LAO,Lao PDR,LA,2015,14426380125.6488,2121.01339097363,41395269251.0588,,
LAO,Lao PDR,LA,2016,15912501722.6143,2303.22156035363,46586124701.5285,,
LAO,Lao PDR,LA,2017,17071155481.4994,2432.43059478511,50122949866.8694,,
LAO,Lao PDR,LA,2018,18141641089.7963,2545.1075420815,53366707257.3905,,
LAO,Lao PDR,LA,2019,18740561512.5555,2589.32081035237,56042601063.21,,
LAO,Lao PDR,LA,2020,18981805250.2424,2583.77730696131,58135955846.4305,,
LAO,Lao PDR,LA,2021,18827148530.9347,2526.05105018529,60225053628.2101,,
LAO,Lao PDR,LA,2022,15468785203.7532,2046.40440255621,66265586057.857,,
LAO,Lao PDR,LA,2023,15843155731.2552,2066.94979776957,71221494499.9171,,
LAO,Lao PDR,LA,2024,16502933121.0806,2123.97909411797,76049830544.9911,,
LBN,Lebanon,LB,1960,,,,,
LBN,Lebanon,LB,1961,,,,,
LBN,Lebanon,LB,1962,,,,,
LBN,Lebanon,LB,1963,,,,,
LBN,Lebanon,LB,1964,,,,,
LBN,Lebanon,LB,1965,,,,,
LBN,Lebanon,LB,1966,,,,,
LBN,Lebanon,LB,1967,,,,,
LBN,Lebanon,LB,1968,,,,,
LBN,Lebanon,LB,1969,,,,,
LBN,Lebanon,LB,1970,,,,,
LBN,Lebanon,LB,1971,,,,,
LBN,Lebanon,LB,1972,,,,,
LBN,Lebanon,LB,1973,,,,,
LBN,Lebanon,LB,1974,,,,,
LBN,Lebanon,LB,1975,,,,,
LBN,Lebanon,LB,1976,,,,,
LBN,Lebanon,LB,1977,,,,,
LBN,Lebanon,LB,1978,,,,,
LBN,Lebanon,LB,1979,,,,,
LBN,Lebanon,LB,1980,,,,,
LBN,Lebanon,LB,1981,,,,,
LBN,Lebanon,LB,1982,,,,,
LBN,Lebanon,LB,1983,,,,,
LBN,Lebanon,LB,1984,,,,,
LBN,Lebanon,LB,1985,,,,,
LBN,Lebanon,LB,1986,,,,,
LBN,Lebanon,LB,1987,,,,,
LBN,Lebanon,LB,1988,3313540067.93246,959.153901867443,,,
LBN,Lebanon,LB,1989,2717998687.71002,771.001121245521,,,
LBN,Lebanon,LB,1990,2838485353.96187,789.526338484738,10750781534.8517,,
LBN,Lebanon,LB,1991,4690415092.53663,1278.42125745633,16610108797.7133,,
LBN,Lebanon,LB,1992,5843579160.90122,1559.38100628446,19781278548.1127,,
LBN,Lebanon,LB,1993,7941744492.23595,2078.63864215562,22430224368.3411,,
LBN,Lebanon,LB,1994,9599127050.17558,2467.76942720577,24765996544.9275,,
LBN,Lebanon,LB,1995,11718795528.5556,2958.74263957462,26915874162.4739,,
LBN,Lebanon,LB,1996,13690217333.5879,3393.05090749359,30501961987.4328,,
LBN,Lebanon,LB,1997,15751867489.4446,3834.0590787531,31355287003.757,96.9088659793814,
LBN,Lebanon,LB,1998,17247179005.5219,4124.85527892575,32869994199.5624,106.957053807029,2.1008141925694463
LBN,Lebanon,LB,1999,17391056369.2265,4086.93872789633,33159932512.3844,128.641269114899,13.537366133255555
LBN,Lebanon,LB,2000,17260364842.4544,3986.83513941026,34366112723.8816,,
LBN,Lebanon,LB,2001,17649751243.7811,4009.55929751102,36489188155.5303,,
LBN,Lebanon,LB,2002,19152238805.9701,4290.85283803266,38324718400.9543,,
LBN,Lebanon,LB,2003,20082918739.6352,4437.71588507526,40342563133.0319,,
LBN,Lebanon,LB,2004,21159827992.0398,4600.68371412993,44194530902.8992,,
LBN,Lebanon,LB,2005,21497336498.8391,4602.19804637945,46804414732.9436,,
LBN,Lebanon,LB,2006,22022709851.4096,4635.2514117486,48995393156.8461,,
LBN,Lebanon,LB,2007,24827355014.9254,5125.25809960149,55008171422.1584,,
LBN,Lebanon,LB,2008,29118916105.4726,5912.04532820842,61152899774.417,,
LBN,Lebanon,LB,2009,35399582928.6899,7090.85493856621,67825932482.82,,
LBN,Lebanon,LB,2010,38443907042.1227,7625.81051551165,74125159476.9364,,
LBN,Lebanon,LB,2011,39927125961.5257,7834.96257108993,76310623816.177,,
LBN,Lebanon,LB,2012,44016799515.7546,8406.98405608118,84407152005.059,,
LBN,Lebanon,LB,2013,46880103080.597,8162.37929361396,93707683516.7205,,
LBN,Lebanon,LB,2014,48095213746.6003,7577.6413302369,102439561735.377,,
LBN,Lebanon,LB,2015,49929337836.8159,7714.1099998804,110329048228.764,,
LBN,Lebanon,LB,2016,51147308774.1294,8089.012088155,119762487637.993,,
LBN,Lebanon,LB,2017,53027680685.9038,8608.21084982387,129139845044.674,,
LBN,Lebanon,LB,2018,54901519155.5556,9174.53666204759,131563779278.949,,
LBN,Lebanon,LB,2019,51605959131.2741,8905.88005497437,125803329502.353,,
LBN,Lebanon,LB,2020,31712128253.7961,5561.19166950397,92719310020.9046,,
LBN,Lebanon,LB,2021,23131941556.7843,4045.37391066234,66328931529.5091,,
LBN,Lebanon,LB,2022,20992421948.8081,3654.35845534878,70616088355.3971,,
LBN,Lebanon,LB,2023,20078620356.9931,3477.72489842684,72600709791.5249,,
LBN,Lebanon,LB,2024,,,,,
LBR,Liberia,LR,1960,190495600.0,167.171498224694,,,
LBR,Liberia,LR,1961,183920900.0,157.504686495101,,,
LBR,Liberia,LR,1962,191861800.0,160.280325035358,,,
LBR,Liberia,LR,1963,200229600.0,163.131266223133,,,
LBR,Liberia,LR,1964,218929100.0,173.926490274043,,,
LBR,Liberia,LR,1965,229260800.0,177.562432424897,,,
LBR,Liberia,LR,1966,244459500.0,184.583689159405,,,
LBR,Liberia,LR,1967,261024300.0,192.150746999304,,,
LBR,Liberia,LR,1968,276820700.0,198.647104834485,,,
LBR,Liberia,LR,1969,306961800.0,214.717911590964,,,
LBR,Liberia,LR,1970,323099700.0,220.293848130057,,,
LBR,Liberia,LR,1971,341543100.0,227.078201448463,,,
LBR,Liberia,LR,1972,368098000.0,238.610979665126,,,
LBR,Liberia,LR,1973,386968300.0,244.361727924182,,,
LBR,Liberia,LR,1974,486955000.0,299.413660673331,,,
LBR,Liberia,LR,1975,577549300.0,345.648935641772,,,
LBR,Liberia,LR,1976,596675700.0,347.498456664298,,,
LBR,Liberia,LR,1977,673010600.0,381.089104930355,,,
LBR,Liberia,LR,1978,717240400.0,394.468078319392,,,
LBR,Liberia,LR,1979,814067900.0,434.69976445937,,,
LBR,Liberia,LR,1980,854711500.0,443.027171656595,,,
LBR,Liberia,LR,1981,846514500.0,426.054939761947,,,
LBR,Liberia,LR,1982,863933200.0,422.446142509338,,,
LBR,Liberia,LR,1983,823374900.0,390.759726697144,,,
LBR,Liberia,LR,1984,848478300.0,390.407957992226,,,
LBR,Liberia,LR,1985,851296100.0,379.951475961811,,,
LBR,Liberia,LR,1986,840964400.0,364.288669189794,,,
LBR,Liberia,LR,1987,972800000.0,409.215940071402,,,
LBR,Liberia,LR,1988,1038300000.0,424.325719336919,,,
LBR,Liberia,LR,1989,786300000.0,312.289255390892,,,
LBR,Liberia,LR,1990,384400000.0,172.867610123278,1748971487.14076,,
LBR,Liberia,LR,1991,348000000.0,177.867006590279,1550909689.92292,,
LBR,Liberia,LR,1992,223500000.0,107.842801384441,1029705162.58453,,
LBR,Liberia,LR,1993,160400000.0,74.4272028642409,706514749.859453,,
LBR,Liberia,LR,1994,132200000.0,61.490431307467,564563098.085154,,
LBR,Liberia,LR,1995,134800000.0,62.1438140627579,551809812.299927,,
LBR,Liberia,LR,1996,159400000.0,71.4065248720036,630022666.933998,,
LBR,Liberia,LR,1997,295900000.0,122.627993745516,1322020679.44962,,
LBR,Liberia,LR,1998,359600000.0,134.675393352518,1740724349.91726,,
LBR,Liberia,LR,1999,441800000.0,156.573166945696,2149171527.39036,,
LBR,Liberia,LR,2000,874000000.0,298.485340578945,2826791043.58807,,
LBR,Liberia,LR,2001,906000000.0,300.463828598983,2974850449.62205,,
LBR,Liberia,LR,2002,927000000.0,299.536445539621,3134763219.16779,,
LBR,Liberia,LR,2003,748000000.0,239.779556677091,2233017927.11666,,
LBR,Liberia,LR,2004,897000000.0,284.140223992458,2353140546.78611,,
LBR,Liberia,LR,2005,949000000.0,287.487333441381,2555093116.76425,,
LBR,Liberia,LR,2006,1119000000.0,320.55808618515,2845755597.74627,,
LBR,Liberia,LR,2007,1373000000.0,374.211308104278,3201556695.19429,,
LBR,Liberia,LR,2008,1726000000.0,451.713856283285,3496422549.66868,,
LBR,Liberia,LR,2009,1768000000.0,448.386367025545,3704460178.33695,,
LBR,Liberia,LR,2010,1998000000.0,492.252808033724,3978191716.3477,,
LBR,Liberia,LR,2011,2398000000.0,568.087865520004,4393239184.19532,,
LBR,Liberia,LR,2012,2791614000.0,638.368751462083,5059406068.44856,,
LBR,Liberia,LR,2013,3177198100.0,710.744570927863,6080102164.40169,,
LBR,Liberia,LR,2014,3225652000.0,706.714490064507,6475698206.39695,,
LBR,Liberia,LR,2015,3227075700.0,692.590082351257,6245654129.67803,,
LBR,Liberia,LR,2016,3398419600.0,714.613063145659,7087452920.22171,,
LBR,Liberia,LR,2017,3390703400.0,699.269095727404,8073192528.51871,,
LBR,Liberia,LR,2018,3422754800.0,692.203127129794,8899159431.27983,,
LBR,Liberia,LR,2019,3319596500.0,658.164180770507,9580659050.4301,,
LBR,Liberia,LR,2020,3176126300.0,616.787867006715,8545642458.19244,,
LBR,Liberia,LR,2021,3513049500.0,667.96610514319,8095196890.78495,,
LBR,Liberia,LR,2022,4001047000.0,744.617175237387,9089317746.92568,,
LBR,Liberia,LR,2023,4390000000.0,799.194470229642,9857427644.16015,,
LBR,Liberia,LR,2024,4750000000.0,846.277368387389,10579672532.0552,,
LBY,Libya,LY,1960,401644248.9423,269.038073094669,,,
LBY,Libya,LY,1961,443905612.037755,285.341580882777,,,
LBY,Libya,LY,1962,619725784.909686,382.084505727445,,,
LBY,Libya,LY,1963,892327910.668836,527.861939504427,,,
LBY,Libya,LY,1964,1341395421.44183,764.898389420845,,,
LBY,Libya,LY,1965,1804979680.40813,1000.53474079103,,,
LBY,Libya,LY,1966,2312438535.82459,1250.60018821673,,,
LBY,Libya,LY,1967,2726986912.80523,1436.61803256942,,,
LBY,Libya,LY,1968,3850623094.95076,1971.86632548697,,,
LBY,Libya,LY,1969,4380987481.20501,2174.95045716041,,,
LBY,Libya,LY,1970,4601649451.34022,2209.5811758058,,,
LBY,Libya,LY,1971,5260185125.41886,2442.58280826718,,,
LBY,Libya,LY,1972,6299395543.96301,2829.80145194559,,,
LBY,Libya,LY,1973,8625889429.58277,3727.38549878198,,,
LBY,Libya,LY,1974,15112543717.1298,6213.50027490617,,,
LBY,Libya,LY,1975,14710912457.6509,5720.62691135285,,,
LBY,Libya,LY,1976,19096943016.5748,7017.74340734557,,,
LBY,Libya,LY,1977,22428297107.5929,7783.46009141417,,,
LBY,Libya,LY,1978,22136422643.3959,7251.83754156259,,,
LBY,Libya,LY,1979,30536429496.9448,9442.75933267842,,,
LBY,Libya,LY,1980,40953924948.7419,11959.5222690783,,,
LBY,Libya,LY,1981,36374353880.3994,10044.0410042727,,,
LBY,Libya,LY,1982,33760146990.5726,9063.69851267735,,,
LBY,Libya,LY,1983,33200520139.9749,8927.36442785362,,,
LBY,Libya,LY,1984,29476109152.7531,7811.06937340039,,,
LBY,Libya,LY,1985,31530566324.273,8087.36306792904,,,
LBY,Libya,LY,1986,24180400959.4288,6018.91345215523,,,
LBY,Libya,LY,1987,26697659334.6911,6464.7328401846,,,
LBY,Libya,LY,1988,24308959591.195,5736.28243992278,,,
LBY,Libya,LY,1989,25156707899.1462,5792.5791631313,,,
LBY,Libya,LY,1990,28904183602.4818,6502.27886565421,76336325963.3993,,
LBY,Libya,LY,1991,31991821264.7118,7039.83391970596,91272573963.4226,,
LBY,Libya,LY,1992,33887047909.2746,7302.68908679226,90820566162.166,,
LBY,Libya,LY,1993,30660051910.5037,6477.87035840641,89474543885.2246,,
LBY,Libya,LY,1994,28610549763.4685,5933.29121354077,93153107854.474,,
LBY,Libya,LY,1995,25541379186.6458,5205.25706378741,92994492811.5631,,
LBY,Libya,LY,1996,27884615384.6154,5591.02027544558,96717953734.5572,,
LBY,Libya,LY,1997,30700897874.8704,6061.81366033598,103514332832.99,,
LBY,Libya,LY,1998,27251301398.2813,5301.08354775559,100959286915.705,,
LBY,Libya,LY,1999,35975860857.1164,6894.51875534758,103155520707.494,,
LBY,Libya,LY,2000,38270954138.1128,7214.10040377084,109373537683.331,,
LBY,Libya,LY,2001,34112093927.254,6312.80030498965,109864797004.836,,
LBY,Libya,LY,2002,20481889763.7795,3718.29434696755,110502228282.495,,
LBY,Libya,LY,2003,26265625000.0,4674.09943200321,127350867123.263,,
LBY,Libya,LY,2004,33122307692.3077,5773.76333234281,136610171685.976,,
LBY,Libya,LY,2005,47334691241.4924,8079.24957329001,157618648440.93,,
LBY,Libya,LY,2006,60094231606.642,10048.8480434289,173041361685.136,,
LBY,Libya,LY,2007,68032978390.6007,11144.9448413435,188802016681.796,,
LBY,Libya,LY,2008,86710767415.1371,13906.1407818125,192127838331.509,,
LBY,Libya,LY,2009,60808562033.4191,9551.05403869755,184806729196.853,,
LBY,Libya,LY,2010,75380825062.4216,11600.9068649472,196456261301.186,,
LBY,Libya,LY,2011,48169263294.1007,7593.8391525702,99575929952.2947,,
LBY,Libya,LY,2012,92540938129.1315,14975.8902795144,165767103868.621,,
LBY,Libya,LY,2013,75351107029.0605,11951.7134126011,133349219556.353,,
LBY,Libya,LY,2014,57372355592.022,8926.42074591474,112538152127.142,,
LBY,Libya,LY,2015,48717501321.3052,7458.48917756374,116940831227.105,,
LBY,Libya,LY,2016,49912073701.298,7525.80299308216,112487606548.722,,
LBY,Libya,LY,2017,67157452181.7738,9965.83236729757,121473194597.018,,
LBY,Libya,LY,2018,76686029772.1483,11196.5854810844,129305467689.061,,
LBY,Libya,LY,2019,69254496471.6938,9963.19489084483,112565780546.273,,
LBY,Libya,LY,2020,46854285440.642,6650.33810585348,77180930238.7107,,
LBY,Libya,LY,2021,35217995647.2862,4935.82787349801,90199384483.2022,,
LBY,Libya,LY,2022,43246297921.8499,5986.63694851258,88656571302.4505,,
LBY,Libya,LY,2023,45096462972.4014,6172.81246940233,101174573849.539,,
LBY,Libya,LY,2024,46636278901.9016,6318.40314031017,102993304184.472,,
LCA,St. Lucia,LC,1960,,,,,
LCA,St. Lucia,LC,1961,,,,,
LCA,St. Lucia,LC,1962,,,,,
LCA,St. Lucia,LC,1963,,,,,
LCA,St. Lucia,LC,1964,,,,,
LCA,St. Lucia,LC,1965,,,,,
LCA,St. Lucia,LC,1966,,,,,
LCA,St. Lucia,LC,1967,,,,,
LCA,St. Lucia,LC,1968,,,,,
LCA,St. Lucia,LC,1969,,,,,
LCA,St. Lucia,LC,1970,,,,,
LCA,St. Lucia,LC,1971,,,,,
LCA,St. Lucia,LC,1972,,,,,
LCA,St. Lucia,LC,1973,,,,,
LCA,St. Lucia,LC,1974,,,,,
LCA,St. Lucia,LC,1975,,,,,
LCA,St. Lucia,LC,1976,,,,,
LCA,St. Lucia,LC,1977,,,,,
LCA,St. Lucia,LC,1978,,,,,
LCA,St. Lucia,LC,1979,,,,,
LCA,St. Lucia,LC,1980,170370370.37037,1428.20328921427,,,
LCA,St. Lucia,LC,1981,194444444.444444,1604.77728442339,,,
LCA,St. Lucia,LC,1982,183333333.333333,1489.46138368254,,,
LCA,St. Lucia,LC,1983,197037037.037037,1575.74163524069,,,
LCA,St. Lucia,LC,1984,251481481.481481,1979.12504018731,,,
LCA,St. Lucia,LC,1985,284444444.444444,2202.28125368301,,,
LCA,St. Lucia,LC,1986,340000000.0,2590.69331524928,,,
LCA,St. Lucia,LC,1987,375555555.555556,2818.91475118073,,,
LCA,St. Lucia,LC,1988,429629629.62963,3182.44170096022,,,
LCA,St. Lucia,LC,1989,486666666.666667,3565.01015783716,,,
LCA,St. Lucia,LC,1990,579629629.62963,4204.57161863111,958222550.836967,,
LCA,St. Lucia,LC,1991,613703703.703704,4398.67906897723,994349400.781684,,
LCA,St. Lucia,LC,1992,674074074.074074,4759.83867808296,1097892681.52583,,
LCA,St. Lucia,LC,1993,684814814.814815,4764.72464839218,1130470981.55446,,
LCA,St. Lucia,LC,1994,713703703.703704,4892.06733637469,1173065896.08983,,
LCA,St. Lucia,LC,1995,762962962.962963,5147.92024022295,1218599260.65351,,
LCA,St. Lucia,LC,1996,788888888.888889,5244.01665086076,1277175599.33106,,
LCA,St. Lucia,LC,1997,805925925.925926,5282.37011402006,1290181690.25373,,
LCA,St. Lucia,LC,1998,877407407.407407,5672.51373770766,1386700031.86561,,
LCA,St. Lucia,LC,1999,921851851.851852,5882.83398968649,1443880514.66081,,
LCA,St. Lucia,LC,2000,932592592.592592,5879.56191426207,1477307041.32179,30.8776806989674,
LCA,St. Lucia,LC,2001,892592592.592592,5570.45247098106,1459090175.05161,40.0705394190871,-3.8263279023903682
LCA,St. Lucia,LC,2002,900000000.0,5567.89428424719,1487935173.3657,50.0329218106996,3.2112891330759123
LCA,St. Lucia,LC,2003,987407407.407407,6058.60622059326,1582019145.20049,48.5183795948987,0.3058733301386403
LCA,St. Lucia,LC,2004,1066666666.66667,6494.60034867886,1742624517.97292,49.5833333333333,0.3101690432573621
LCA,St. Lucia,LC,2005,1135555555.55556,6863.43641919345,1789889459.89373,52.0352250489237,1.3117544945655304
LCA,St. Lucia,LC,2006,1268319185.18519,7611.17856675319,1959394598.6536,47.1957374440562,0.04544820151215141
LCA,St. Lucia,LC,2007,1336088814.81481,7964.38211480117,2046523142.87249,45.2980532065982,0.07609021462552319
LCA,St. Lucia,LC,2008,1437731111.11111,8516.96075488787,2189194267.03526,41.6345301264286,-0.0464679147131734
LCA,St. Lucia,LC,2009,1401507888.88889,8250.52180732734,2140384715.3597,43.3977023635892,-0.19728986026423348
LCA,St. Lucia,LC,2010,1482385185.18519,8673.68720340529,2173546036.09393,45.8570272133998,2.157801739232163
LCA,St. Lucia,LC,2011,1568370370.37037,9128.99442011613,2314377079.25926,,
LCA,St. Lucia,LC,2012,1598207407.40741,9260.30006551714,2320160606.42391,,
LCA,St. Lucia,LC,2013,1660392592.59259,9577.21733754358,2428896995.15468,,
LCA,St. Lucia,LC,2014,1749185185.18518,10044.8218377677,2508124115.03731,,
LCA,St. Lucia,LC,2015,1807640740.74074,10334.9860823918,2510450378.66625,,
LCA,St. Lucia,LC,2016,1868544444.44444,10638.1269396653,2688565160.89794,,
LCA,St. Lucia,LC,2017,1998503703.7037,11333.1123822102,2844567883.7689,,
LCA,St. Lucia,LC,2018,2060955555.55556,11642.6984727769,3085990648.9362,,
LCA,St. Lucia,LC,2019,2095344444.44444,11794.0597229805,3324021510.09089,,
LCA,St. Lucia,LC,2020,1499274074.07407,8411.07474936367,2658092445.8899,,
LCA,St. Lucia,LC,2021,1867185185.18518,10459.1321248092,3409978230.91316,,
LCA,St. Lucia,LC,2022,2342714814.81481,13103.8243147472,4397900557.96638,,
LCA,St. Lucia,LC,2023,2430166666.66667,13554.7684784933,4656839898.51058,,
LCA,St. Lucia,LC,2024,2549062962.96296,14181.6303351598,4955061818.04914,,
LIE,Liechtenstein,LI,1960,,,,,
LIE,Liechtenstein,LI,1961,,,,,
LIE,Liechtenstein,LI,1962,,,,,
LIE,Liechtenstein,LI,1963,,,,,
LIE,Liechtenstein,LI,1964,,,,,
LIE,Liechtenstein,LI,1965,,,,,
LIE,Liechtenstein,LI,1966,,,,,
LIE,Liechtenstein,LI,1967,,,,,
LIE,Liechtenstein,LI,1968,,,,,
LIE,Liechtenstein,LI,1969,,,,,
LIE,Liechtenstein,LI,1970,90099360.8433666,4262.03220640334,,,
LIE,Liechtenstein,LI,1971,104889795.333846,4856.0090432336,,,
LIE,Liechtenstein,LI,1972,124940289.32382,5645.23266418851,,,
LIE,Liechtenstein,LI,1973,165928881.55552,7282.37355960148,,,
LIE,Liechtenstein,LI,1974,193980464.882101,8271.73531542796,,,
LIE,Liechtenstein,LI,1975,246389101.853613,10332.5128681378,,,
LIE,Liechtenstein,LI,1976,272489300.467827,11326.3488431219,,,
LIE,Liechtenstein,LI,1977,303493119.480763,12416.8693020523,,,
LIE,Liechtenstein,LI,1978,436912067.784287,17456.9309487089,,,
LIE,Liechtenstein,LI,1979,503173104.391887,19674.4126839447,,,
LIE,Liechtenstein,LI,1980,534699362.896161,20958.7395302666,,,
LIE,Liechtenstein,LI,1981,511647750.124475,19929.4102802351,,,
LIE,Liechtenstein,LI,1982,522096760.291094,19885.6126562976,,,
LIE,Liechtenstein,LI,1983,524023624.89055,19814.8538489961,,,
LIE,Liechtenstein,LI,1984,502620991.852944,18898.3678693391,,,
LIE,Liechtenstein,LI,1985,529073612.453579,19684.2626852288,,,
LIE,Liechtenstein,LI,1986,779357802.50006,28612.8865004795,,,
LIE,Liechtenstein,LI,1987,1052848995.97101,38206.2269467289,,,
LIE,Liechtenstein,LI,1988,1161757671.01756,41568.5441182755,,,
LIE,Liechtenstein,LI,1989,1119983801.21338,39551.6404002324,,,
LIE,Liechtenstein,LI,1990,1421509216.37424,49457.5609343203,,,
LIE,Liechtenstein,LI,1991,1484160302.14952,50811.7464531317,,,
LIE,Liechtenstein,LI,1992,1631177029.45063,55057.1110625654,,,
LIE,Liechtenstein,LI,1993,1673085244.6879,55604.5479972049,,,
LIE,Liechtenstein,LI,1994,1948129622.75132,63935.9902445462,,,
LIE,Liechtenstein,LI,1995,2428525060.69927,78909.7043377718,,,
LIE,Liechtenstein,LI,1996,2504012993.42238,80688.7182490376,,,
LIE,Liechtenstein,LI,1997,2298389802.88883,73590.8620289713,,,
LIE,Liechtenstein,LI,1998,2479699106.02264,78302.9905905848,,,
LIE,Liechtenstein,LI,1999,2664105901.18863,82682.284882177,,,
LIE,Liechtenstein,LI,2000,2483889858.32312,76087.911114202,,,
LIE,Liechtenstein,LI,2001,2491800558.77674,75067.8001680043,,,
LIE,Liechtenstein,LI,2002,2688618747.38148,79795.1785891101,,,
LIE,Liechtenstein,LI,2003,3070803051.42164,90108.3673647008,,,
LIE,Liechtenstein,LI,2004,3454373797.74442,100280.831356705,,,
LIE,Liechtenstein,LI,2005,3659319116.88057,105295.057027611,,,
LIE,Liechtenstein,LI,2006,4000102086.14635,114167.939211301,,,
LIE,Liechtenstein,LI,2007,4601429897.21468,130492.595349517,,,
LIE,Liechtenstein,LI,2008,5081479840.08716,143249.227302093,,,
LIE,Liechtenstein,LI,2009,4504375348.07038,126024.714567466,,,
LIE,Liechtenstein,LI,2010,5082337238.44718,141089.812849014,,,
LIE,Liechtenstein,LI,2011,5739706004.89616,158066.369379163,,,
LIE,Liechtenstein,LI,2012,5456102482.28614,148842.035144342,,,
LIE,Liechtenstein,LI,2013,6391708310.67727,172823.607794648,,,
LIE,Liechtenstein,LI,2014,6657526979.72277,178735.153020908,,,
LIE,Liechtenstein,LI,2015,6268515276.17441,167187.15730982,,,
LIE,Liechtenstein,LI,2016,6237302033.50132,165375.491396259,,,
LIE,Liechtenstein,LI,2017,6474308717.85289,170547.092298954,,,
LIE,Liechtenstein,LI,2018,6692620691.84146,174988.775083446,,,
LIE,Liechtenstein,LI,2019,6436467007.11932,166907.839305016,,,
LIE,Liechtenstein,LI,2020,6405870210.32293,164671.093553454,,,
LIE,Liechtenstein,LI,2021,7912602342.18895,201944.830335076,,,
LIE,Liechtenstein,LI,2022,7378156576.2354,186821.881757157,,,
LIE,Liechtenstein,LI,2023,8287748667.20832,207973.617746758,,,
LIE,Liechtenstein,LI,2024,,,,,
LKA,Sri Lanka,LK,1960,1409873949.57983,145.928701305768,,,
LKA,Sri Lanka,LK,1961,1444327731.09244,145.900945139998,,,
LKA,Sri Lanka,LK,1962,1434156378.60082,141.383197837884,,,
LKA,Sri Lanka,LK,1963,1240672268.90756,119.352332353465,,,
LKA,Sri Lanka,LK,1964,1309747899.15966,122.941808998544,,,
LKA,Sri Lanka,LK,1965,1698319327.73109,155.566984755479,,,
LKA,Sri Lanka,LK,1966,1751470588.23529,156.606032177183,,,
LKA,Sri Lanka,LK,1967,1859465020.57613,162.294823066611,,,
LKA,Sri Lanka,LK,1968,1801344537.81513,153.48764748655,,,
LKA,Sri Lanka,LK,1969,1965546218.48739,163.60657987529,,,
LKA,Sri Lanka,LK,1970,2296470588.23529,186.900791824546,,,
LKA,Sri Lanka,LK,1971,2369308600.33727,188.760802167739,,,
LKA,Sri Lanka,LK,1972,2553936348.40871,199.38289288123,,,
LKA,Sri Lanka,LK,1973,2875625000.0,220.170239208337,,,
LKA,Sri Lanka,LK,1974,3574586466.16541,268.650905004753,,,
LKA,Sri Lanka,LK,1975,3791298145.50642,279.82158260032,,,
LKA,Sri Lanka,LK,1976,3591319857.31272,260.301495010261,,,
LKA,Sri Lanka,LK,1977,4104509582.86359,292.148992496788,,,
LKA,Sri Lanka,LK,1978,2733183856.50224,190.996464636951,,,
LKA,Sri Lanka,LK,1979,3364611432.24149,230.775069370251,,,
LKA,Sri Lanka,LK,1980,4024621899.57653,271.055290073685,,,
LKA,Sri Lanka,LK,1981,4415844155.84416,292.45135975768,,,
LKA,Sri Lanka,LK,1982,4768765016.81884,311.957878889278,,,
LKA,Sri Lanka,LK,1983,5167913302.16745,335.823151714647,,,
LKA,Sri Lanka,LK,1984,6043474842.76729,391.369617569858,,,
LKA,Sri Lanka,LK,1985,5978460972.01767,384.611537689196,,,
LKA,Sri Lanka,LK,1986,6405210563.88294,407.164600454213,,,
LKA,Sri Lanka,LK,1987,6682167119.56522,419.824409443665,,,
LKA,Sri Lanka,LK,1988,6978371581.26375,434.015552780537,,,
LKA,Sri Lanka,LK,1989,6987267683.77254,430.02388973818,,,
LKA,Sri Lanka,LK,1990,8032551173.24014,491.213686238493,41329904728.6183,96.5806255127663,
LKA,Sri Lanka,LK,1991,9000362581.58086,546.292515570886,44693068468.5354,98.4833957754233,0.32884944659883536
LKA,Sri Lanka,LK,1992,9703011635.86585,579.655117618283,47722862975.6752,95.3619119503954,0.12842940647382803
LKA,Sri Lanka,LK,1993,10338679635.7616,607.231847102846,52225010187.7074,96.7978140982655,0.16761746024028906
LKA,Sri Lanka,LK,1994,11717604208.8223,678.268012020205,56327121024.2357,94.8553232346257,0.2698989612210862
LKA,Sri Lanka,LK,1995,13029697560.9756,741.838255293455,60671121193.9067,94.6498205974494,0.2803439158966196
LKA,Sri Lanka,LK,1996,13897738375.2488,776.192371057587,64129557244.1097,92.343984335944,0.1449036429073681
LKA,Sri Lanka,LK,1997,15091913883.7091,827.035756058631,69414028636.5447,86.105931670321,0.030524852190691735
LKA,Sri Lanka,LK,1998,15794972847.1683,849.37461276858,73492167116.9098,89.1958239111343,0.26811819078384325
LKA,Sri Lanka,LK,1999,15656327859.5696,826.421228127739,77737438833.4276,95.1081546127673,0.188913311878029
LKA,Sri Lanka,LK,2000,16330814179.9766,846.460813304966,84268270519.9234,96.9040326453759,0.1431323056130622
LKA,Sri Lanka,LK,2001,15749753804.8344,803.544026627385,84834118463.209,103.219274149885,0.7626855565081339
LKA,Sri Lanka,LK,2002,16536535647.0834,834.936014905338,89568100817.4846,105.524990754701,0.2520913821976521
LKA,Sri Lanka,LK,2003,18881765437.2151,946.382255128072,96762088315.6222,102.270712023476,0.25859625735956543
LKA,Sri Lanka,LK,2004,20662525941.2985,1028.62068132555,104774542076.052,102.328536698869,0.22878690352830872
LKA,Sri Lanka,LK,2005,24405791044.7761,1207.21994764165,114804514457.854,90.6049131149854,0.09662891317106295
LKA,Sri Lanka,LK,2006,28279802405.9138,1389.50625583936,127419930495.518,88.6994841221229,0.23552081554712986
LKA,Sri Lanka,LK,2007,32350238760.4239,1578.63451125392,139767212523.979,84.9944169483341,0.19533513249763051
LKA,Sri Lanka,LK,2008,40713826215.0093,1973.58476901287,150936623732.283,,
LKA,Sri Lanka,LK,2009,42066224093.0065,2026.65939950702,157242031516.717,86.063491912486,
LKA,Sri Lanka,LK,2010,58636161081.712,2808.36779237408,171910623369.945,69.2530251841062,0.30020973211338814
LKA,Sri Lanka,LK,2011,67753284043.9282,3224.95736331928,190668570948.271,68.5257394060365,0.310328378824819
LKA,Sri Lanka,LK,2012,70447216891.3366,3327.77612404326,216969311691.012,66.747235367261,0.02255186692165866
LKA,Sri Lanka,LK,2013,77000578167.353,3740.61589348326,231635412206.587,68.353616559854,0.3825904694488487
LKA,Sri Lanka,LK,2014,82528535713.926,3971.91913148166,243530581325.688,68.5910423335315,0.33412748314921875
LKA,Sri Lanka,LK,2015,85090301052.0465,4057.7158346231,256403786039.428,73.5126591624451,0.46180887013794375
LKA,Sri Lanka,LK,2016,88000211171.5956,4149.19190775593,277383189833.412,,
LKA,Sri Lanka,LK,2017,94369350285.5814,4398.88828068715,291985462544.986,,
LKA,Sri Lanka,LK,2018,94450015982.8405,4358.56095906047,307237748359.208,,
LKA,Sri Lanka,LK,2019,88998706296.5783,4081.94772722003,307704703449.53,,
LKA,Sri Lanka,LK,2020,84335574581.5072,3847.60137695639,283651681999.953,,
LKA,Sri Lanka,LK,2021,88556698937.7033,3996.96240014909,317188291991.223,,
LKA,Sri Lanka,LK,2022,74143020262.8076,3342.63650253855,314829453164.917,,
LKA,Sri Lanka,LK,2023,83716142582.1945,3798.89016573011,318559256926.749,,
LKA,Sri Lanka,LK,2024,98963185509.6499,4515.56787322732,342603896900.927,,
LSO,Lesotho,LS,1960,34579986.1680055,46.9517802688466,,,
LSO,Lesotho,LS,1961,35699985.7200057,47.0464636332084,,,
LSO,Lesotho,LS,1962,41859983.2560067,53.5421254364935,,,
LSO,Lesotho,LS,1963,47039981.1840075,58.4076957931387,,,
LSO,Lesotho,LS,1964,51939979.2240083,62.6207647163176,,,
LSO,Lesotho,LS,1965,54879978.0480088,64.255497720391,,,
LSO,Lesotho,LS,1966,56699977.3200091,64.2951651830872,,,
LSO,Lesotho,LS,1967,59261976.2952095,64.8393253862871,,,
LSO,Lesotho,LS,1968,61445975.4216098,64.809251529746,,,
LSO,Lesotho,LS,1969,65967973.6128106,67.0950360280091,,,
LSO,Lesotho,LS,1970,68739972.504011,67.4401975761263,,,
LSO,Lesotho,LS,1971,76480285.0044113,72.4076446248424,,,
LSO,Lesotho,LS,1972,80913200.4292822,73.9566189783241,,,
LSO,Lesotho,LS,1973,121188715.759865,106.991292251913,,,
LSO,Lesotho,LS,1974,150851316.52727,128.666618214693,,,
LSO,Lesotho,LS,1975,149558895.914581,123.231375218727,,,
LSO,Lesotho,LS,1976,147660036.915009,117.825077692245,,,
LSO,Lesotho,LS,1977,193315048.328762,149.860460251124,,,
LSO,Lesotho,LS,1978,266570066.642517,200.845413521682,,,
LSO,Lesotho,LS,1979,290134592.523007,212.370938385373,,,
LSO,Lesotho,LS,1980,431542536.663782,306.815565970065,,,
LSO,Lesotho,LS,1981,434188034.188034,299.839326847018,,,
LSO,Lesotho,LS,1982,348741683.673845,233.939892397725,,,
LSO,Lesotho,LS,1983,386699308.859169,252.017748063376,,,
LSO,Lesotho,LS,1984,333163670.280225,210.998495414288,,,
LSO,Lesotho,LS,1985,268629925.852805,165.373921882027,,,
LSO,Lesotho,LS,1986,318858422.989262,191.375758184053,,,
LSO,Lesotho,LS,1987,402768324.481971,236.451032636079,,,
LSO,Lesotho,LS,1988,470395800.600668,270.36712009929,,,
LSO,Lesotho,LS,1989,495409232.627579,279.035252539421,,,
LSO,Lesotho,LS,1990,596410263.743849,329.563785157203,1382711467.4023,,
LSO,Lesotho,LS,1991,704325366.718393,382.291247739142,1529057872.27658,,
LSO,Lesotho,LS,1992,831029861.704746,443.624297195576,1672693665.61051,,
LSO,Lesotho,LS,1993,835582062.476169,439.365410681482,1772441136.8046,,
LSO,Lesotho,LS,1994,878250945.280469,455.593586203956,1918539101.66429,,
LSO,Lesotho,LS,1995,1001894000.27846,513.413448796175,2023226630.65837,,
LSO,Lesotho,LS,1996,946112492.844847,479.671394625707,2175581041.76159,,
LSO,Lesotho,LS,1997,998004258.715675,501.981388900965,2295062170.92974,,
LSO,Lesotho,LS,1998,928460893.108965,464.683745548265,2356542358.35145,,
LSO,Lesotho,LS,1999,912773681.050642,455.650054387377,2401266218.88415,,
LSO,Lesotho,LS,2000,887291687.920796,442.779545779081,2550829821.2922,,
LSO,Lesotho,LS,2001,825706961.238689,412.677473676821,2701162148.64909,,
LSO,Lesotho,LS,2002,775777238.55814,388.92334985135,2762993886.75286,,
LSO,Lesotho,LS,2003,1157825434.78971,583.270036200288,2946017812.97257,,
LSO,Lesotho,LS,2004,1511236655.52047,766.685820928242,3076437173.06163,,
LSO,Lesotho,LS,2005,1682343527.49221,861.381496414995,3282873966.87736,,
LSO,Lesotho,LS,2006,1800092563.75462,925.467485502842,3527263619.06876,,
LSO,Lesotho,LS,2007,1682131784.51365,861.188420899563,3774547161.73809,,
LSO,Lesotho,LS,2008,1766902709.19935,898.482517882593,4059772691.37472,37.5171853858454,
LSO,Lesotho,LS,2009,1740894964.80511,878.847950537772,4033598929.9442,41.6905722621989,-2.4030519449860255
LSO,Lesotho,LS,2010,2234754241.91918,1119.47557793042,4297759286.39977,29.563599276758,-0.2464990783757938
LSO,Lesotho,LS,2011,2579409619.96722,1280.73390931581,4588922382.32492,27.1308905908949,0.13443672474567192
LSO,Lesotho,LS,2012,2477702216.26888,1217.93071228944,4661713347.89244,32.1837873350535,1.3408478570740352
LSO,Lesotho,LS,2013,2367112931.642,1151.03735837227,5219948224.49632,33.208634984126,-0.020300628684813
LSO,Lesotho,LS,2014,2441063054.05792,1173.5377928819,5764436175.6392,33.0174927862044,0.03653326874816133
LSO,Lesotho,LS,2015,2359686724.53829,1121.19851342518,6386751308.41258,33.1383846153849,-0.038590987137931916
LSO,Lesotho,LS,2016,2114426452.2019,992.491840678465,6268088273.64999,42.0604324864983,-0.9048719184048424
LSO,Lesotho,LS,2017,2306741672.29006,1069.36673247542,5649078944.01488,37.368022786851,0.04418860162580744
LSO,Lesotho,LS,2018,2556247291.99785,1170.65569702819,5747871432.63277,32.8447143461545,-0.2266531900389752
LSO,Lesotho,LS,2019,2390702295.82777,1082.05706777516,5674505764.43564,32.1670318908686,0.9619506351898592
LSO,Lesotho,LS,2020,2053699870.07191,918.582577421982,5721443976.33825,2.99271685255602,-15.074211801467081
LSO,Lesotho,LS,2021,2412130021.64641,1066.58643600093,5755132494.46552,,
LSO,Lesotho,LS,2022,2354980884.15271,1030.12579628833,6312660804.56615,,
LSO,Lesotho,LS,2023,2117962430.3041,916.282970463888,6659272958.62664,,
LSO,Lesotho,LS,2024,2271541845.62002,971.814620468788,7008693666.1915,,
LTU,Lithuania,LT,1960,,,,,
LTU,Lithuania,LT,1961,,,,,
LTU,Lithuania,LT,1962,,,,,
LTU,Lithuania,LT,1963,,,,,
LTU,Lithuania,LT,1964,,,,,
LTU,Lithuania,LT,1965,,,,,
LTU,Lithuania,LT,1966,,,,,
LTU,Lithuania,LT,1967,,,,,
LTU,Lithuania,LT,1968,,,,,
LTU,Lithuania,LT,1969,,,,,
LTU,Lithuania,LT,1970,,,,,
LTU,Lithuania,LT,1971,,,,,
LTU,Lithuania,LT,1972,,,,,
LTU,Lithuania,LT,1973,,,,,
LTU,Lithuania,LT,1974,,,,,
LTU,Lithuania,LT,1975,,,,,
LTU,Lithuania,LT,1976,,,,,
LTU,Lithuania,LT,1977,,,,,
LTU,Lithuania,LT,1978,,,,,
LTU,Lithuania,LT,1979,,,,,
LTU,Lithuania,LT,1980,,,,,
LTU,Lithuania,LT,1981,,,,,
LTU,Lithuania,LT,1982,,,,,
LTU,Lithuania,LT,1983,,,,,
LTU,Lithuania,LT,1984,,,,,
LTU,Lithuania,LT,1985,,,,,
LTU,Lithuania,LT,1986,,,,,
LTU,Lithuania,LT,1987,,,,,
LTU,Lithuania,LT,1988,,,,,
LTU,Lithuania,LT,1989,,,,,
LTU,Lithuania,LT,1990,,,33084134342.1029,,
LTU,Lithuania,LT,1991,,,32261731616.1787,,
LTU,Lithuania,LT,1992,,,25982121964.1262,,
LTU,Lithuania,LT,1993,,,22281964612.3678,,
LTU,Lithuania,LT,1994,,,20535197134.9365,,
LTU,Lithuania,LT,1995,7921210339.58439,2182.69156931505,21655546441.1214,,
LTU,Lithuania,LT,1996,8430207164.43677,2340.67545970008,23121145546.5304,,
LTU,Lithuania,LT,1997,10168271903.3233,2844.16286797492,25393773537.318,,
LTU,Lithuania,LT,1998,11289161847.2162,3180.64498555255,27673378445.288,,
LTU,Lithuania,LT,1999,11022095813.552,3127.51176667183,27688903923.3416,,
LTU,Lithuania,LT,2000,11550695727.2335,3300.63634928559,29626873338.1009,,
LTU,Lithuania,LT,2001,12260761329.3051,3532.52787363242,32823086006.3732,,
LTU,Lithuania,LT,2002,14282292664.6004,4148.13091485015,36142792289.5919,,
LTU,Lithuania,LT,2003,18809197969.5431,5507.47434187652,41276116354.8869,,
LTU,Lithuania,LT,2004,22743164431.1972,6734.57487061946,44231028969.1952,,
LTU,Lithuania,LT,2005,26105207115.3129,7857.03148786492,48225773908.967,,
LTU,Lithuania,LT,2006,30116192746.8942,9210.10118229413,53780120738.4136,,
LTU,Lithuania,LT,2007,39729151614.6689,12295.1212779366,61762908725.7945,,
LTU,Lithuania,LT,2008,47831254207.5223,14955.5345462921,66317584060.9382,,
LTU,Lithuania,LT,2009,37494380038.9213,11854.3711053096,57462712608.2214,,
LTU,Lithuania,LT,2010,36638128534.0643,11829.122609457,61412748556.4468,,
LTU,Lithuania,LT,2011,43186501862.7907,14261.8433787325,68742918025.677,,
LTU,Lithuania,LT,2012,42709372066.8627,14288.1853493139,73433875022.644,,
LTU,Lithuania,LT,2013,46303660422.0434,15636.5252586048,78660793915.3755,,
LTU,Lithuania,LT,2014,48306546656.9281,16446.1647181663,82260097780.9508,,
LTU,Lithuania,LT,2015,41540954817.2039,14269.8039878287,83997132844.855,,
LTU,Lithuania,LT,2016,42970749245.0336,14934.2702840428,88542980893.5793,,
LTU,Lithuania,LT,2017,47756764508.446,16800.1510246099,95488665471.0222,,
LTU,Lithuania,LT,2018,54261795148.5372,19247.2315367967,102878073082.262,,
LTU,Lithuania,LT,2019,55122066225.796,19608.7943945553,114028537683.962,,
LTU,Lithuania,LT,2020,57412038533.2718,20428.6478157394,115963490767.144,,
LTU,Lithuania,LT,2021,67037321008.9679,23870.4594851722,128830296666.031,,
LTU,Lithuania,LT,2022,71033884499.7824,25085.784063499,142993189030.375,,
LTU,Lithuania,LT,2023,79789877416.1681,27786.0057829276,146206359207.239,,
LTU,Lithuania,LT,2024,84869215513.3648,29386.2878350187,157150520997.22,,
LUX,Luxembourg,LU,1960,709941874.044355,2261.17741836594,,,
LUX,Luxembourg,LU,1961,710163719.406917,2241.36003221423,,,
LUX,Luxembourg,LU,1962,747846862.209673,2331.55685801925,,,
LUX,Luxembourg,LU,1963,797902154.238122,2461.90112384487,,,
LUX,Luxembourg,LU,1964,910877686.268584,2779.18439746326,,,
LUX,Luxembourg,LU,1965,929477284.788002,2803.85304611765,,,
LUX,Luxembourg,LU,1966,976717015.461454,2925.22204723477,,,
LUX,Luxembourg,LU,1967,983052314.930267,2934.52832111007,,,
LUX,Luxembourg,LU,1968,1075561622.81321,3202.50594852825,,,
LUX,Luxembourg,LU,1969,1245432991.34271,3690.17182620062,,,
LUX,Luxembourg,LU,1970,1457768455.02219,4298.03389742102,,,
LUX,Luxembourg,LU,1971,1518773421.37846,4435.39800823681,,,
LUX,Luxembourg,LU,1972,1901697369.62698,5486.72062789089,,,
LUX,Luxembourg,LU,1973,2609875802.11136,7447.21301786664,,,
LUX,Luxembourg,LU,1974,3183637116.81856,8966.72895879047,,,
LUX,Luxembourg,LU,1975,3123333333.33333,8701.30473139249,,,
LUX,Luxembourg,LU,1976,3423586206.89655,9490.6903118849,,,
LUX,Luxembourg,LU,1977,3789321328.08104,10486.3357891095,,,
LUX,Luxembourg,LU,1978,4718539771.99949,13034.3882079614,,,
LUX,Luxembourg,LU,1979,5516982663.73143,15204.3308191994,,,
LUX,Luxembourg,LU,1980,6019805490.41247,16531.1148988397,,,
LUX,Luxembourg,LU,1981,5053665797.47936,13837.1299814617,,,
LUX,Luxembourg,LU,1982,4602316793.21914,12590.9767956204,,,
LUX,Luxembourg,LU,1983,4524217751.47929,12374.0304234408,,,
LUX,Luxembourg,LU,1984,4438435492.87908,12126.9391987909,,,
LUX,Luxembourg,LU,1985,4577211767.10374,12481.9658448559,,,
LUX,Luxembourg,LU,1986,6685595087.59256,18149.8692500239,,,
LUX,Luxembourg,LU,1987,8320902215.01891,22443.4314633012,,,
LUX,Luxembourg,LU,1988,9418167855.18376,25219.3542781732,,,
LUX,Luxembourg,LU,1989,10037674037.674,26618.0695774968,,,
LUX,Luxembourg,LU,1990,12778792853.6939,33465.478207919,11428408565.8394,2.52016078819326,
LUX,Luxembourg,LU,1991,13834219728.293,35747.3377992066,12836181941.1455,1.95657501786965,-0.03648970813295233
LUX,Luxembourg,LU,1992,15518702634.8808,39570.8615665986,13367607959.7774,2.62215760430915,0.2563817903768283
LUX,Luxembourg,LU,1993,15925521222.0149,40066.7242518773,14259298275.6533,2.90134514586522,0.061825832036608096
LUX,Luxembourg,LU,1994,17701798890.7644,43933.235442736,15120269081.7564,,
LUX,Luxembourg,LU,1995,20853093869.7318,51032.349635318,15658413160.9475,,
LUX,Luxembourg,LU,1996,20895314657.9805,50444.3591236175,16447823250.9292,,
LUX,Luxembourg,LU,1997,19563836265.2233,46641.6408754876,17817287972.3208,,
LUX,Luxembourg,LU,1998,20150053345.1878,47445.3810812051,18800270011.883,,
LUX,Luxembourg,LU,1999,21899317598.8414,50872.4492684624,21456887315.5603,,
LUX,Luxembourg,LU,2000,21230182989.3036,48659.5988753233,24050728709.2289,,
LUX,Luxembourg,LU,2001,21387533703.2327,48440.1420151355,24787997280.3662,,
LUX,Luxembourg,LU,2002,23649833332.1655,53005.7339209179,26135003699.075,,
LUX,Luxembourg,LU,2003,29667268248.1305,65689.3214536911,27188058615.3492,,
LUX,Luxembourg,LU,2004,35064843792.8993,76544.9170868473,29636196475.7496,,
LUX,Luxembourg,LU,2005,37672280120.4794,80988.1376230858,31997220939.5338,,
LUX,Luxembourg,LU,2006,42910146296.0646,90788.8004876145,37280674291.15,,
LUX,Luxembourg,LU,2007,51587401415.7872,107475.320297978,40861414727.8196,,
LUX,Luxembourg,LU,2008,58844277701.5258,120422.137934157,44452842913.4099,,
LUX,Luxembourg,LU,2009,54467289897.5582,109419.746953106,43244030111.8897,,
LUX,Luxembourg,LU,2010,56213985987.4168,110885.991378721,45801210629.9532,,
LUX,Luxembourg,LU,2011,61696281326.2453,119025.057203467,48970848492.8168,,
LUX,Luxembourg,LU,2012,59776383527.3602,112584.676270958,51308724180.9019,,
LUX,Luxembourg,LU,2013,65203276466.9763,120000.140729859,54838614516.1038,,
LUX,Luxembourg,LU,2014,68804811897.6445,123678.702143275,58578323745.8406,,
LUX,Luxembourg,LU,2015,60071584216.1375,105462.012584423,61453765784.1719,,
LUX,Luxembourg,LU,2016,62216885435.9488,106899.293549552,65980119592.3436,,
LUX,Luxembourg,LU,2017,65712180342.9836,110193.213797228,68570197215.6405,,
LUX,Luxembourg,LU,2018,71085623495.1145,116926.759593905,70910323890.9321,,
LUX,Luxembourg,LU,2019,69872035113.6469,112696.649059674,75250600111.6431,,
LUX,Luxembourg,LU,2020,73670782100.3909,116860.02817236,76953191626.4398,,
LUX,Luxembourg,LU,2021,86386759695.1653,134965.815442152,87543117438.5072,,
LUX,Luxembourg,LU,2022,80801680397.0139,123719.658915996,93643147424.9449,,
LUX,Luxembourg,LU,2023,87574021091.7525,131407.681364513,94916112738.7786,,
LUX,Luxembourg,LU,2024,93197329011.7078,137516.587324367,102180990717.512,,
LVA,Latvia,LV,1960,,,,,
LVA,Latvia,LV,1961,,,,,
LVA,Latvia,LV,1962,,,,,
LVA,Latvia,LV,1963,,,,,
LVA,Latvia,LV,1964,,,,,
LVA,Latvia,LV,1965,,,,,
LVA,Latvia,LV,1966,,,,,
LVA,Latvia,LV,1967,,,,,
LVA,Latvia,LV,1968,,,,,
LVA,Latvia,LV,1969,,,,,
LVA,Latvia,LV,1970,,,,,
LVA,Latvia,LV,1971,,,,,
LVA,Latvia,LV,1972,,,,,
LVA,Latvia,LV,1973,,,,,
LVA,Latvia,LV,1974,,,,,
LVA,Latvia,LV,1975,,,,,
LVA,Latvia,LV,1976,,,,,
LVA,Latvia,LV,1977,,,,,
LVA,Latvia,LV,1978,,,,,
LVA,Latvia,LV,1979,,,,,
LVA,Latvia,LV,1980,,,,,
LVA,Latvia,LV,1981,,,,,
LVA,Latvia,LV,1982,,,,,
LVA,Latvia,LV,1983,,,,,
LVA,Latvia,LV,1984,,,,,
LVA,Latvia,LV,1985,,,,,
LVA,Latvia,LV,1986,,,,,
LVA,Latvia,LV,1987,,,,,
LVA,Latvia,LV,1988,,,,,
LVA,Latvia,LV,1989,,,,,
LVA,Latvia,LV,1990,,,19835011572.6008,,
LVA,Latvia,LV,1991,,,17923043976.2502,,
LVA,Latvia,LV,1992,,,12443673424.2756,,
LVA,Latvia,LV,1993,,,12103865594.8063,,
LVA,Latvia,LV,1994,,,12633030763.0633,7.44569772362789,
LVA,Latvia,LV,1995,5608208784.9401,2256.77360387054,13274046169.9966,,
LVA,Latvia,LV,1996,5799465288.41246,2360.1714816213,13849152800.6339,,
LVA,Latvia,LV,1997,6349481006.53278,2609.89308697195,15348679631.5251,,
LVA,Latvia,LV,1998,6974112951.26891,2893.79998716563,16577660526.5543,,
LVA,Latvia,LV,1999,7324192889.74297,3063.89794599707,17211021266.3873,,
LVA,Latvia,LV,2000,7761252607.18424,3278.17896440803,18563678944.5969,,
LVA,Latvia,LV,2001,8190888739.6463,3504.61829462397,20711190610.2914,,
LVA,Latvia,LV,2002,9249030241.01864,4003.60935783538,22538736237.8586,,
LVA,Latvia,LV,2003,11244337719.8377,4914.57992829302,24173922814.9589,,
LVA,Latvia,LV,2004,13827070378.5612,6109.73265186817,26617288804.5237,,
LVA,Latvia,LV,2005,16306935905.4138,7283.78738127622,29874286352.6923,,
LVA,Latvia,LV,2006,20434922247.3037,9211.7374468148,33330006770.3976,,
LVA,Latvia,LV,2007,29420499247.7089,13370.9789452508,38023909319.5964,,
LVA,Latvia,LV,2008,34135200994.0067,15677.6080864506,40573809685.1484,,
LVA,Latvia,LV,2009,25691530442.035,11996.0322729773,35465016588.4098,,
LVA,Latvia,LV,2010,23468324572.3343,11188.4191700977,36378873545.9447,,
LVA,Latvia,LV,2011,26575547900.8247,12902.574053337,38349107132.1107,,
LVA,Latvia,LV,2012,27116149948.6683,13329.3499931271,41691428142.4646,,
LVA,Latvia,LV,2013,29152128167.8438,14484.4715282132,43976591824.0631,,
LVA,Latvia,LV,2014,30277203767.4058,15185.814581236,45804536136.3454,,
LVA,Latvia,LV,2015,26344565876.8902,13321.9753140616,47733302374.5768,,
LVA,Latvia,LV,2016,27117105059.5075,13838.5266823272,50560278535.6652,,
LVA,Latvia,LV,2017,29391059767.4259,15132.4958333982,53695043701.6934,,
LVA,Latvia,LV,2018,33247935477.3576,17252.1710428626,57464098005.6375,,
LVA,Latvia,LV,2019,33099503950.847,17294.9751600969,61623338377.0805,,
LVA,Latvia,LV,2020,33379927434.6149,17564.2321549354,62223400359.4028,,
LVA,Latvia,LV,2021,38183326784.9335,20261.8887788916,69560319491.8466,,
LVA,Latvia,LV,2022,38014713595.7686,20227.2307431581,75101731516.1743,,
LVA,Latvia,LV,2023,42572151720.138,22675.5786295407,78495987718.931,,
LVA,Latvia,LV,2024,43520773851.1219,23367.5986788961,81699623488.0085,,
MAC,"Macao SAR, China",MO,1960,,,,,
MAC,"Macao SAR, China",MO,1961,,,,,
MAC,"Macao SAR, China",MO,1962,,,,,
MAC,"Macao SAR, China",MO,1963,,,,,
MAC,"Macao SAR, China",MO,1964,,,,,
MAC,"Macao SAR, China",MO,1965,,,,,
MAC,"Macao SAR, China",MO,1966,,,,,
MAC,"Macao SAR, China",MO,1967,,,,,
MAC,"Macao SAR, China",MO,1968,,,,,
MAC,"Macao SAR, China",MO,1969,,,,,
MAC,"Macao SAR, China",MO,1970,,,,,
MAC,"Macao SAR, China",MO,1971,,,,,
MAC,"Macao SAR, China",MO,1972,,,,,
MAC,"Macao SAR, China",MO,1973,,,,,
MAC,"Macao SAR, China",MO,1974,,,,,
MAC,"Macao SAR, China",MO,1975,,,,,
MAC,"Macao SAR, China",MO,1976,,,,,
MAC,"Macao SAR, China",MO,1977,,,,,
MAC,"Macao SAR, China",MO,1978,,,,,
MAC,"Macao SAR, China",MO,1979,,,,,
MAC,"Macao SAR, China",MO,1980,,,,,
MAC,"Macao SAR, China",MO,1981,,,,,
MAC,"Macao SAR, China",MO,1982,1142497718.77916,4486.541208636,,,
MAC,"Macao SAR, China",MO,1983,1133013235.10045,4207.25300817099,,,
MAC,"Macao SAR, China",MO,1984,1304361353.27024,4611.49497355573,,,
MAC,"Macao SAR, China",MO,1985,1362072159.94515,4701.66434223387,,,
MAC,"Macao SAR, China",MO,1986,1532105070.18581,5175.15646068506,,,
MAC,"Macao SAR, China",MO,1987,1957724829.35921,6380.07114016362,,,
MAC,"Macao SAR, China",MO,1988,2288761822.51257,7242.91715984991,,,
MAC,"Macao SAR, China",MO,1989,2705665492.01675,8322.56380195863,,,
MAC,"Macao SAR, China",MO,1990,3246481233.24397,9692.43538809962,9358793438.56157,,
MAC,"Macao SAR, China",MO,1991,3765249711.09098,10707.3786750774,10029349085.7749,,
MAC,"Macao SAR, China",MO,1992,4914365189.04984,13249.8387410349,11622122881.111,,
MAC,"Macao SAR, China",MO,1993,5665606114.80317,14754.1825906333,12514611675.3997,,
MAC,"Macao SAR, China",MO,1994,6311207779.92441,15905.2615421482,13325492155.071,,
MAC,"Macao SAR, China",MO,1995,7046147736.91671,17215.1178522275,14053235564.1127,,
MAC,"Macao SAR, China",MO,1996,7176892950.39164,17289.5517956917,14250629785.8566,,
MAC,"Macao SAR, China",MO,1997,7267570892.70211,17415.6982810978,14455875121.95,,
MAC,"Macao SAR, China",MO,1998,6797792190.19681,16097.0688851452,13950146606.8898,,
MAC,"Macao SAR, China",MO,1999,6547670439.26,15319.7717343472,13813878396.1996,,
MAC,"Macao SAR, China",MO,2000,6774193548.3871,15731.9868750281,14938598529.4896,,
MAC,"Macao SAR, China",MO,2001,6860272608.45211,15810.7227666562,15716133515.7762,,
MAC,"Macao SAR, China",MO,2002,7371692774.43404,16814.9926424134,17382569351.3419,,
MAC,"Macao SAR, China",MO,2003,8246479565.94248,18589.8998330534,19789123771.6091,,
MAC,"Macao SAR, China",MO,2004,10643253553.184,23407.1993692194,25733025090.1805,,
MAC,"Macao SAR, China",MO,2005,12160056122.3757,25681.2167315221,28683028483.0856,,
MAC,"Macao SAR, China",MO,2006,14874098691.9082,29813.7877167933,33526838790.6972,,
MAC,"Macao SAR, China",MO,2007,18439981612.4086,35400.2334659409,39420173221.2314,,
MAC,"Macao SAR, China",MO,2008,21027018332.6663,38888.5118044503,41542297796.2099,,
MAC,"Macao SAR, China",MO,2009,21587786905.8499,40351.0035623363,42331193952.3906,,
MAC,"Macao SAR, China",MO,2010,28241798491.593,52591.8035225196,53609658524.0656,,
MAC,"Macao SAR, China",MO,2011,36845888757.1886,67041.2823092952,66543283702.9429,,
MAC,"Macao SAR, China",MO,2012,43189721376.9846,76051.6312325843,75587734812.7121,,
MAC,"Macao SAR, China",MO,2013,51536595089.2793,87069.767003344,88662888143.3566,,
MAC,"Macao SAR, China",MO,2014,54902831793.5018,88310.8119567344,90217341071.9546,,
MAC,"Macao SAR, China",MO,2015,45048190598.3249,70070.2918001631,70022650971.9238,,
MAC,"Macao SAR, China",MO,2016,45070808688.9611,69074.0363049212,70409197227.4455,,
MAC,"Macao SAR, China",MO,2017,50383871120.8733,77704.9215312666,78445696792.6884,,
MAC,"Macao SAR, China",MO,2018,55190661339.7796,83761.8171798142,85476958220.8241,,
MAC,"Macao SAR, China",MO,2019,55082293844.1008,81967.699172769,84779825204.4914,,
MAC,"Macao SAR, China",MO,2020,25343525935.8358,36976.2561071429,39219148014.2064,,
MAC,"Macao SAR, China",MO,2021,30969334705.0515,45376.314586156,50626336573.1949,,
MAC,"Macao SAR, China",MO,2022,24999113475.8368,36909.9564090312,43600459870.7372,,
MAC,"Macao SAR, China",MO,2023,45803067940.4072,67476.5290813306,79074346817.4287,,
MAC,"Macao SAR, China",MO,2024,50183212761.3484,73046.8890267079,88119857289.2449,,
MAF,St. Martin (French part),MF,1960,,,,,
MAF,St. Martin (French part),MF,1961,,,,,
MAF,St. Martin (French part),MF,1962,,,,,
MAF,St. Martin (French part),MF,1963,,,,,
MAF,St. Martin (French part),MF,1964,,,,,
MAF,St. Martin (French part),MF,1965,,,,,
MAF,St. Martin (French part),MF,1966,,,,,
MAF,St. Martin (French part),MF,1967,,,,,
MAF,St. Martin (French part),MF,1968,,,,,
MAF,St. Martin (French part),MF,1969,,,,,
MAF,St. Martin (French part),MF,1970,,,,,
MAF,St. Martin (French part),MF,1971,,,,,
MAF,St. Martin (French part),MF,1972,,,,,
MAF,St. Martin (French part),MF,1973,,,,,
MAF,St. Martin (French part),MF,1974,,,,,
MAF,St. Martin (French part),MF,1975,,,,,
MAF,St. Martin (French part),MF,1976,,,,,
MAF,St. Martin (French part),MF,1977,,,,,
MAF,St. Martin (French part),MF,1978,,,,,
MAF,St. Martin (French part),MF,1979,,,,,
MAF,St. Martin (French part),MF,1980,,,,,
MAF,St. Martin (French part),MF,1981,,,,,
MAF,St. Martin (French part),MF,1982,,,,,
MAF,St. Martin (French part),MF,1983,,,,,
MAF,St. Martin (French part),MF,1984,,,,,
MAF,St. Martin (French part),MF,1985,,,,,
MAF,St. Martin (French part),MF,1986,,,,,
MAF,St. Martin (French part),MF,1987,,,,,
MAF,St. Martin (French part),MF,1988,,,,,
MAF,St. Martin (French part),MF,1989,,,,,
MAF,St. Martin (French part),MF,1990,,,,,
MAF,St. Martin (French part),MF,1991,,,,,
MAF,St. Martin (French part),MF,1992,,,,,
MAF,St. Martin (French part),MF,1993,,,,,
MAF,St. Martin (French part),MF,1994,,,,,
MAF,St. Martin (French part),MF,1995,,,,,
MAF,St. Martin (French part),MF,1996,,,,,
MAF,St. Martin (French part),MF,1997,,,,,
MAF,St. Martin (French part),MF,1998,,,,,
MAF,St. Martin (French part),MF,1999,,,,,
MAF,St. Martin (French part),MF,2000,,,,,
MAF,St. Martin (French part),MF,2001,,,,,
MAF,St. Martin (French part),MF,2002,,,,,
MAF,St. Martin (French part),MF,2003,,,,,
MAF,St. Martin (French part),MF,2004,,,,,
MAF,St. Martin (French part),MF,2005,,,,,
MAF,St. Martin (French part),MF,2006,,,,,
MAF,St. Martin (French part),MF,2007,,,,,
MAF,St. Martin (French part),MF,2008,,,,,
MAF,St. Martin (French part),MF,2009,,,,,
MAF,St. Martin (French part),MF,2010,,,,,
MAF,St. Martin (French part),MF,2011,775875857.926244,20930.5850690939,,,
MAF,St. Martin (French part),MF,2012,,,,,
MAF,St. Martin (French part),MF,2013,,,,,
MAF,St. Martin (French part),MF,2014,772921756.347188,20638.765189511,,,
MAF,St. Martin (French part),MF,2015,,,,,
MAF,St. Martin (French part),MF,2016,,,,,
MAF,St. Martin (French part),MF,2017,,,,,
MAF,St. Martin (French part),MF,2018,,,,,
MAF,St. Martin (French part),MF,2019,652205849.387956,19033.0594854512,,,
MAF,St. Martin (French part),MF,2020,,,,,
MAF,St. Martin (French part),MF,2021,649206156.194207,21668.3740927942,,,
MAF,St. Martin (French part),MF,2022,,,,,
MAF,St. Martin (French part),MF,2023,,,,,
MAF,St. Martin (French part),MF,2024,,,,,
MAR,Morocco,MA,1960,2037154741.93211,174.784133911133,,,
MAR,Morocco,MA,1961,2025693539.55842,169.318435668945,,,
MAR,Morocco,MA,1962,2379611124.61442,193.647811889648,,,
MAR,Morocco,MA,1963,2657252578.30763,210.635650634766,,,
MAR,Morocco,MA,1964,2798345298.57781,216.263046264648,,,
MAR,Morocco,MA,1965,2948331090.46752,221.967697143555,,,
MAR,Morocco,MA,1966,2876401297.10759,210.824432373047,,,
MAR,Morocco,MA,1967,3046345314.38655,217.304306030273,,,
MAR,Morocco,MA,1968,3271422332.61996,227.120864868164,,,
MAR,Morocco,MA,1969,3651622668.95103,246.799652099609,,,
MAR,Morocco,MA,1970,3956336244.11865,260.26513671875,,,
MAR,Morocco,MA,1971,4356669034.34266,279.167236328125,,,
MAR,Morocco,MA,1972,5074117544.77482,317.074066162109,,,
MAR,Morocco,MA,1973,6242145880.08876,380.527801513672,,,
MAR,Morocco,MA,1974,7675466449.35531,456.592529296875,,,
MAR,Morocco,MA,1975,8984853005.08058,521.838928222656,,,
MAR,Morocco,MA,1976,9584297284.28316,543.368469238281,,,
MAR,Morocco,MA,1977,11049783871.8144,610.750366210938,,,
MAR,Morocco,MA,1978,13236946233.5759,712.879638671875,,,
MAR,Morocco,MA,1979,15911994817.3107,834.812133789063,,,
MAR,Morocco,MA,1980,21728516153.0907,1109.88220214844,,,
MAR,Morocco,MA,1981,17788185478.944,884.443237304688,,,
MAR,Morocco,MA,1982,17692276734.171,856.569763183594,,,
MAR,Morocco,MA,1983,16251408127.5735,766.529602050781,,,
MAR,Morocco,MA,1984,14824667954.3674,681.909729003906,,,
MAR,Morocco,MA,1985,14991283215.7408,673.2900390625,,,
MAR,Morocco,MA,1986,19462085540.2231,855.169311523438,,,
MAR,Morocco,MA,1987,21765195948.189,937.457153320313,,,
MAR,Morocco,MA,1988,25705296183.5037,1086.03527832031,,,
MAR,Morocco,MA,1989,26314313191.1826,1091.27624511719,,,
MAR,Morocco,MA,1990,30179954774.9899,1229.07104492188,68185140642.5349,87.1967599759139,
MAR,Morocco,MA,1991,32285573573.9185,1292.23376464844,75577728567.7233,62.0674162757784,-0.8491101414503146
MAR,Morocco,MA,1992,33711069430.78,1327.02954101563,75678482135.5483,70.9378689831812,38.46109871979996
MAR,Morocco,MA,1993,31655473663.8348,1226.43054199219,76898554507.0514,74.12313156115,-0.3687370405185506
MAR,Morocco,MA,1994,35604137422.5796,1358.79443359375,86856358766.8485,69.8259155220588,0.1402805771688428
MAR,Morocco,MA,1995,39030285468.3841,1466.78820800781,83884051841.4101,68.3949152787535,-0.6169671592170143
MAR,Morocco,MA,1996,43161571527.6353,1596.83239746094,95988653945.6059,,
MAR,Morocco,MA,1997,39147844526.0838,1426.30114746094,96119997248.1275,64.4624151446094,
MAR,Morocco,MA,1998,46497608724.9865,1668.49755859375,104236148646.015,55.0124708324473,0.04236458417197365
MAR,Morocco,MA,1999,46266428648.1433,1635.65673828125,107505176350.419,55.4449807288653,0.02230908296688628
MAR,Morocco,MA,2000,43017455401.8445,1499.107421875,112779237887.046,,
MAR,Morocco,MA,2001,43831480207.6444,1506.24523925781,124223383245.658,,
MAR,Morocco,MA,2002,47077192187.6418,1596.02062988281,130859594015.688,48.4750786200092,
MAR,Morocco,MA,2003,58029363354.2757,1941.87255859375,141678088816.729,,
MAR,Morocco,MA,2004,66114145451.0067,2183.55541992188,152138743419.188,,
MAR,Morocco,MA,2005,68852658068.6673,2242.98828125,161917911223.132,53.6662965686373,
MAR,Morocco,MA,2006,75883823300.8545,2438.12646484375,179914946048.65,49.5746100609743,0.037141553190130634
MAR,Morocco,MA,2007,86947913286.728,2755.5859375,191148032271.176,46.3035380770239,0.23509573262641595
MAR,Morocco,MA,2008,101822906949.063,3183.20043945313,205906139147.141,41.2851314683307,0.12045995315253664
MAR,Morocco,MA,2009,101154952240.881,3119.58862304688,214936468528.659,43.6257434782389,0.23165035215952187
MAR,Morocco,MA,2010,100865329473.44,3067.9853515625,225161798971.022,47.0982656739638,0.33018207941626593
MAR,Morocco,MA,2011,110080631332.375,3301.98876953125,242503162218.145,51.2263215704569,0.5123263504826147
MAR,Morocco,MA,2012,106937392311.129,3164.17724609375,246970051910.011,,
MAR,Morocco,MA,2013,115739287305.08,3379.7431640625,258279124276.737,,
MAR,Morocco,MA,2014,119130841411.664,3435.40698242188,250969666045.261,,
MAR,Morocco,MA,2015,110413823841.592,3146.24780273438,273699865546.218,,
MAR,Morocco,MA,2016,111572947004.917,3140.85546875,278969225512.902,,
MAR,Morocco,MA,2017,118540573367.844,3296.52661132813,291813531443.919,,
MAR,Morocco,MA,2018,127341147581.818,3501.69799804688,283691175471.346,,
MAR,Morocco,MA,2019,128920266409.458,3508.09765625,295693593669.819,,
MAR,Morocco,MA,2020,121353645057.144,3268.0302734375,286108585852.483,,
MAR,Morocco,MA,2021,142022058447.231,3785.93627929688,323485096796.555,,
MAR,Morocco,MA,2022,130951926351.241,3455.39624023438,351840396847.175,,
MAR,Morocco,MA,2023,144417103249.646,3771.4462890625,376906204043.986,,
MAR,Morocco,MA,2024,154430996472.752,3993.38745117188,398513761721.117,,
MCO,Monaco,MC,1960,,,,,
MCO,Monaco,MC,1961,,,,,
MCO,Monaco,MC,1962,,,,,
MCO,Monaco,MC,1963,,,,,
MCO,Monaco,MC,1964,,,,,
MCO,Monaco,MC,1965,,,,,
MCO,Monaco,MC,1966,,,,,
MCO,Monaco,MC,1967,,,,,
MCO,Monaco,MC,1968,,,,,
MCO,Monaco,MC,1969,,,,,
MCO,Monaco,MC,1970,293127333.238065,12098.2018753587,,,
MCO,Monaco,MC,1971,327706210.435217,13334.3998386726,,,
MCO,Monaco,MC,1972,402451900.821288,16187.4306500397,,,
MCO,Monaco,MC,1973,523554039.203208,20882.02134665,,,
MCO,Monaco,MC,1974,563949254.114034,22347.8999054501,,,
MCO,Monaco,MC,1975,711978961.893674,27920.7436036735,,,
MCO,Monaco,MC,1976,735324244.667397,28396.3794040315,,,
MCO,Monaco,MC,1977,811191392.224277,30875.4764291964,,,
MCO,Monaco,MC,1978,1000555218.03209,37607.7886875432,,,
MCO,Monaco,MC,1979,1209870147.49099,44989.9653239249,,,
MCO,Monaco,MC,1980,1378175524.11186,50813.9342272643,,,
MCO,Monaco,MC,1981,1205188647.93163,44157.4267369518,,,
MCO,Monaco,MC,1982,1143216456.56796,41479.49844229,,,
MCO,Monaco,MC,1983,1092560364.51959,39075.8356409009,,,
MCO,Monaco,MC,1984,1037329604.35108,36582.3672009832,,,
MCO,Monaco,MC,1985,1082867507.33142,37689.8648613491,,,
MCO,Monaco,MC,1986,1515234743.47367,52082.4508807502,,,
MCO,Monaco,MC,1987,1839081463.27676,62456.0708848997,,,
MCO,Monaco,MC,1988,2000704744.91538,67180.5763713568,,,
MCO,Monaco,MC,1989,2010083833.1726,66815.7104498273,,,
MCO,Monaco,MC,1990,2481307077.10989,81734.8664968011,,,
MCO,Monaco,MC,1991,2480540845.33242,80997.2520924871,,,
MCO,Monaco,MC,1992,2737049230.70442,88614.926367223,,,
MCO,Monaco,MC,1993,2574494355.73357,82685.4559266948,,,
MCO,Monaco,MC,1994,2720332134.53623,86703.8130529474,,,
MCO,Monaco,MC,1995,3130309995.30848,99032.2375054091,,,
MCO,Monaco,MC,1996,3137886994.52207,98561.0137425657,,,
MCO,Monaco,MC,1997,2840195190.36905,88581.7044683607,,,
MCO,Monaco,MC,1998,2934593467.68589,90947.2051224438,,,
MCO,Monaco,MC,1999,2907118641.17756,89698.1993575302,,,
MCO,Monaco,MC,2000,2654462665.26893,81789.0206522549,,,
MCO,Monaco,MC,2001,2673723033.71239,82402.7809570189,,,
MCO,Monaco,MC,2002,2919647981.81473,90051.4459877468,,,
MCO,Monaco,MC,2003,3597089750.78276,111110.451312249,,,
MCO,Monaco,MC,2004,4043551488.82603,125160.228087598,,,
MCO,Monaco,MC,2005,4204652898.73103,130538.742587117,,,
MCO,Monaco,MC,2006,4586826512.71356,143083.461107202,,,
MCO,Monaco,MC,2007,5875790766.2621,184558.556593338,,,
MCO,Monaco,MC,2008,6502942244.93068,204263.797114294,,,
MCO,Monaco,MC,2009,5474379252.34114,169150.267344616,,,
MCO,Monaco,MC,2010,5367561569.59548,161853.920622244,,,
MCO,Monaco,MC,2011,6088689808.38347,179363.984221513,,,
MCO,Monaco,MC,2012,5742749294.00852,165444.651378771,,,
MCO,Monaco,MC,2013,6555591709.88585,184940.663804718,,,
MCO,Monaco,MC,2014,7070017323.65476,195693.570738894,,,
MCO,Monaco,MC,2015,6264756528.37691,170437.101188261,,,
MCO,Monaco,MC,2016,6471290793.55029,173604.753555915,,,
MCO,Monaco,MC,2017,6430254652.58934,170663.375247872,,,
MCO,Monaco,MC,2018,7184333936.01355,188298.315668437,,,
MCO,Monaco,MC,2019,7383496254.23721,193746.785647412,,,
MCO,Monaco,MC,2020,6730736282.78961,176891.886538492,,,
MCO,Monaco,MC,2021,8623242743.29564,223823.363960226,,,
MCO,Monaco,MC,2022,8800430486.17137,226052.001905201,,,
MCO,Monaco,MC,2023,9995350547.12166,256580.515122745,,,
MCO,Monaco,MC,2024,,,,,
MDA,Moldova,MD,1960,,,,,
MDA,Moldova,MD,1961,,,,,
MDA,Moldova,MD,1962,,,,,
MDA,Moldova,MD,1963,,,,,
MDA,Moldova,MD,1964,,,,,
MDA,Moldova,MD,1965,,,,,
MDA,Moldova,MD,1966,,,,,
MDA,Moldova,MD,1967,,,,,
MDA,Moldova,MD,1968,,,,,
MDA,Moldova,MD,1969,,,,,
MDA,Moldova,MD,1970,,,,,
MDA,Moldova,MD,1971,,,,,
MDA,Moldova,MD,1972,,,,,
MDA,Moldova,MD,1973,,,,,
MDA,Moldova,MD,1974,,,,,
MDA,Moldova,MD,1975,,,,,
MDA,Moldova,MD,1976,,,,,
MDA,Moldova,MD,1977,,,,,
MDA,Moldova,MD,1978,,,,,
MDA,Moldova,MD,1979,,,,,
MDA,Moldova,MD,1980,,,,,
MDA,Moldova,MD,1981,,,,,
MDA,Moldova,MD,1982,,,,,
MDA,Moldova,MD,1983,,,,,
MDA,Moldova,MD,1984,,,,,
MDA,Moldova,MD,1985,,,,,
MDA,Moldova,MD,1986,,,,,
MDA,Moldova,MD,1987,,,,,
MDA,Moldova,MD,1988,,,,,
MDA,Moldova,MD,1989,,,,,
MDA,Moldova,MD,1990,3592857043.05057,1206.50208704977,20531255151.0642,,
MDA,Moldova,MD,1991,3094565870.64237,1037.89950336245,17829490051.8865,,
MDA,Moldova,MD,1992,2319243435.96096,778.017667420102,12929180911.9059,,
MDA,Moldova,MD,1993,2371813323.57343,796.989388848336,13076816772.5267,,
MDA,Moldova,MD,1994,1702314267.59123,573.798647201304,9229018605.42321,,
MDA,Moldova,MD,1995,1752999370.46158,593.593177049161,9290607151.89761,37.6286611371025,
MDA,Moldova,MD,1996,1695122173.91304,575.145455139019,8904685469.75184,40.1231820920436,-0.0531371120720374
MDA,Moldova,MD,1997,1930081168.83117,657.29213459795,9207437232.45864,48.0869353115827,0.81908664834201
MDA,Moldova,MD,1998,1698717504.65549,578.734627562193,8701778415.48739,82.8327822731422,-0.9472357108674452
MDA,Moldova,MD,1999,1170782957.37443,399.499818596336,8527671452.42145,77.8984533931353,2.843500035632934
MDA,Moldova,MD,2000,1288429391.79951,440.538683980372,8904650398.77968,73.0188685605433,0.07632985339466794
MDA,Moldova,MD,2001,1480673594.05602,507.404076252819,9660570036.99826,60.7746432557048,-0.05413600527823499
MDA,Moldova,MD,2002,1661818168.4226,570.799866188293,10575928938.2429,59.5592506390136,0.09820448941315053
MDA,Moldova,MD,2003,1980907434.76826,682.319095965299,11496523303.8137,52.5337629892465,0.055267304064469905
MDA,Moldova,MD,2004,2598249555.89984,897.178494749468,12679294796.6797,51.9542957042957,0.26146812165794114
MDA,Moldova,MD,2005,2988342907.03096,1034.39197746993,14057611967.2539,32.4251035801551,-0.2763725088863639
MDA,Moldova,MD,2006,3408255450.5509,1183.02481442894,15186699782.3818,29.1792912365375,0.022612502521348624
MDA,Moldova,MD,2007,4401173151.93767,1531.21618590748,16066091172.2185,23.239565787011,0.032191293172277535
MDA,Moldova,MD,2008,6054824248.24221,2110.55305353857,17652937905.4215,18.4425161310829,0.0591414449059854
MDA,Moldova,MD,2009,5439434271.78807,1898.43975710988,16696108705.5972,27.6322264363496,-0.40380755125057166
MDA,Moldova,MD,2010,6974982369.60155,2436.79935102421,18098844324.1062,21.9325612593611,0.019073791135390417
MDA,Moldova,MD,2011,8414352020.49442,2941.36224066021,19546989102.1386,19.7666739342535,0.0921491059134428
MDA,Moldova,MD,2012,8709138634.82921,3044.8084324815,20750685232.971,20.3471393454785,0.09040740720246787
MDA,Moldova,MD,2013,9496717875.51932,3321.04397795719,23541379306.0256,19.9179521587446,0.0428177170801422
MDA,Moldova,MD,2014,9402090137.7423,3289.95758568777,24700278843.524,21.0660070666528,0.07687745732066742
MDA,Moldova,MD,2015,7797667196.73087,2749.55137054338,26084243383.8688,23.3135833177914,-0.11758201119472023
MDA,Moldova,MD,2016,7980917075.7748,2847.08794770479,28945251498.7153,32.2474466077299,0.26414686842098767
MDA,Moldova,MD,2017,9514404016.20949,3453.26727720294,31001699470.1457,29.6674963417643,0.12110371577196896
MDA,Moldova,MD,2018,11252353420.8798,4156.44981956646,32129614587.5903,27.5107781705941,0.24197257481414827
MDA,Moldova,MD,2019,11736797054.6965,4405.33418162155,35735831415.9353,25.4510119081043,-0.030080380002674677
MDA,Moldova,MD,2020,11530746234.4492,4375.7788930524,35646566427.3806,33.9555752157792,-10.398226780585683
MDA,Moldova,MD,2021,13691869264.0794,5274.60582195352,40707659297.2633,32.1187790600053,0.09530155639024847
MDA,Moldova,MD,2022,14525337523.7271,5744.29618434435,41603848485.6981,34.4860324000827,0.6823909219520277
MDA,Moldova,MD,2023,16711906746.2133,6799.58594644576,43618128785.717,34.261803411132,0.3557538794271502
MDA,Moldova,MD,2024,18200340853.6517,7617.51613089815,44718897540.0215,,
MDG,Madagascar,MG,1960,673081724.751168,131.69201832961,,,
MDG,Madagascar,MG,1961,699161944.558097,133.271232882825,,,
MDG,Madagascar,MG,1962,739286907.592778,137.308007316434,,,
MDG,Madagascar,MG,1963,759345863.732667,137.433563533649,,,
MDG,Madagascar,MG,1964,802482183.728778,141.534669132002,,,
MDG,Madagascar,MG,1965,833563472.9981,143.245722030305,,,
MDG,Madagascar,MG,1966,900264584.590829,150.690080692721,,,
MDG,Madagascar,MG,1967,956436932.101291,155.860688364854,,,
MDG,Madagascar,MG,1968,1031669637.39553,163.588485295319,,,
MDG,Madagascar,MG,1969,1056391055.59617,162.904752589963,,,
MDG,Madagascar,MG,1970,1111859570.88252,166.645544206518,,,
MDG,Madagascar,MG,1971,1199507631.07603,174.629594145065,,,
MDG,Madagascar,MG,1972,1341590690.41365,189.640262028465,,,
MDG,Madagascar,MG,1973,1653062335.00286,226.818255725382,,,
MDG,Madagascar,MG,1974,1917508190.04689,255.336638120604,,,
MDG,Madagascar,MG,1975,2283049215.35339,294.992905767807,,,
MDG,Madagascar,MG,1976,2181844178.5534,273.522678185535,,,
MDG,Madagascar,MG,1977,2358930406.0689,286.89632096228,,,
MDG,Madagascar,MG,1978,2669755115.10935,314.983241249429,,,
MDG,Madagascar,MG,1979,3463565853.81023,396.398711932997,,,
MDG,Madagascar,MG,1980,5201818347.79882,577.592700958515,,,
MDG,Madagascar,MG,1981,4759333998.36746,512.913929983213,,,
MDG,Madagascar,MG,1982,4784977325.95803,500.642606965445,,,
MDG,Madagascar,MG,1983,4686457031.2269,476.118671340584,,,
MDG,Madagascar,MG,1984,3905938480.86119,385.408181010621,,,
MDG,Madagascar,MG,1985,3802557894.8719,364.469101913106,,,
MDG,Madagascar,MG,1986,4347989788.09257,404.959271422966,,,
MDG,Madagascar,MG,1987,3212900555.8091,290.831531079348,,,
MDG,Madagascar,MG,1988,3189456965.0482,280.528398357653,,,
MDG,Madagascar,MG,1989,3175638332.64471,271.306183276982,,,
MDG,Madagascar,MG,1990,3931334875.01376,326.099253221978,14054716200.888,,
MDG,Madagascar,MG,1991,3254713056.02171,262.024402380479,13613706026.2549,,
MDG,Madagascar,MG,1992,3714966678.33381,290.2120463948,14088368300.509,,
MDG,Madagascar,MG,1993,4063298919.2868,307.887603096441,14725165789.949,,
MDG,Madagascar,MG,1994,3522227092.22839,258.723806434505,15033245439.4469,,
MDG,Madagascar,MG,1995,3838100903.74974,273.149653945976,15606083598.0557,,
MDG,Madagascar,MG,1996,4931861038.70763,339.877283663608,16234135987.0885,,
MDG,Madagascar,MG,1997,4262965419.74998,284.371843967244,17124031731.6109,,
MDG,Madagascar,MG,1998,4401967632.73718,284.192923139852,17994782388.8203,,
MDG,Madagascar,MG,1999,4277903780.29131,267.360530991414,19107008187.044,,
MDG,Madagascar,MG,2000,4629247203.84524,280.282905559649,20410681393.9662,,
MDG,Madagascar,MG,2001,5438332601.90798,319.283278235657,22118357801.0749,,
MDG,Madagascar,MG,2002,5351701663.40807,304.941777398445,19674988011.8995,,
MDG,Madagascar,MG,2003,6372498889.66585,352.620095849925,22026619585.8625,,
MDG,Madagascar,MG,2004,5064732626.29389,272.20074858856,23808012897.5919,,
MDG,Madagascar,MG,2005,5859269752.61332,305.812074924388,25722276417.8023,,
MDG,Madagascar,MG,2006,6395712490.94304,324.146874882604,27946951443.5728,,
MDG,Madagascar,MG,2007,8524620889.57747,419.548001431865,30343273031.9976,,
MDG,Madagascar,MG,2008,10725137723.6549,512.579800058444,33003976083.2818,,
MDG,Madagascar,MG,2009,9616879409.43789,446.315238370592,31886307058.5348,,
MDG,Madagascar,MG,2010,9982711338.07029,450.009391645726,32473669404.6241,,
MDG,Madagascar,MG,2011,11551819617.874,506.163691559309,33666784883.9147,,
MDG,Madagascar,MG,2012,11578975061.9479,493.511162904211,34340036474.5784,,
MDG,Madagascar,MG,2013,12423555455.3853,515.301589361832,35522723859.5999,,
MDG,Madagascar,MG,2014,12522957399.2281,505.684922503435,37117789637.7909,,
MDG,Madagascar,MG,2015,11323020701.3017,445.320069480568,38053900319.1193,,
MDG,Madagascar,MG,2016,11848613858.442,453.970714522463,40755587226.8307,,
MDG,Madagascar,MG,2017,13176313593.5509,491.866848718929,41438402026.5191,,
MDG,Madagascar,MG,2018,13760033282.2925,500.45718552916,42523532549.9391,,
MDG,Madagascar,MG,2019,14104664678.5063,499.818837622534,45498322775.5634,,
MDG,Madagascar,MG,2020,13051441203.9474,450.771615201509,43150154155.6067,,
MDG,Madagascar,MG,2021,14354731964.331,483.469463351371,46835678113.5552,,
MDG,Madagascar,MG,2022,15325603272.6073,503.514533472879,52260133350.5089,,
MDG,Madagascar,MG,2023,15869945477.855,508.718427705736,56416214294.2179,,
MDG,Madagascar,MG,2024,17420814800.7045,544.997302693127,60207191110.5255,,
MDV,Maldives,MV,1960,,,,,
MDV,Maldives,MV,1961,,,,,
MDV,Maldives,MV,1962,,,,,
MDV,Maldives,MV,1963,,,,,
MDV,Maldives,MV,1964,,,,,
MDV,Maldives,MV,1965,,,,,
MDV,Maldives,MV,1966,,,,,
MDV,Maldives,MV,1967,,,,,
MDV,Maldives,MV,1968,,,,,
MDV,Maldives,MV,1969,,,,,
MDV,Maldives,MV,1970,19328038.3157895,156.859236934154,,,
MDV,Maldives,MV,1971,21566404.0169133,169.767418561131,,,
MDV,Maldives,MV,1972,25177137.5286041,192.238848639394,,,
MDV,Maldives,MV,1973,30862041.60401,228.689027239389,,,
MDV,Maldives,MV,1974,39120171.2468193,281.484632436928,,,
MDV,Maldives,MV,1975,24540877.6041667,171.425121922398,,,
MDV,Maldives,MV,1976,22399467.1052632,151.835059178195,,,
MDV,Maldives,MV,1977,20853788.7115165,137.259189834243,,,
MDV,Maldives,MV,1978,24369109.1415831,156.053183880423,,,
MDV,Maldives,MV,1979,38523364.4859813,240.230509391253,,,
MDV,Maldives,MV,1980,42463576.1589404,257.612619643525,,,
MDV,Maldives,MV,1981,44781456.9536424,264.147517599287,,,
MDV,Maldives,MV,1982,47911340.1834794,274.826568598483,,,
MDV,Maldives,MV,1983,57829787.2340426,322.84057899403,,,
MDV,Maldives,MV,1984,109503546.099291,594.488246882652,,,
MDV,Maldives,MV,1985,127190757.959989,668.830135090308,,,
MDV,Maldives,MV,1986,141882254.230178,720.452201133255,,,
MDV,Maldives,MV,1987,141223029.383064,692.459838892363,,,
MDV,Maldives,MV,1988,168514513.375071,799.082501719284,,,
MDV,Maldives,MV,1989,189514434.244,870.378318180563,,,
MDV,Maldives,MV,1990,215043969.849246,956.763019768672,1017631081.5684,30.7823377634974,
MDV,Maldives,MV,1991,244396761.92334,1054.33413828759,1067223262.9501,35.5734695506425,0.41830881337642206
MDV,Maldives,MV,1992,284875809.039634,1194.2325242813,1164358701.98262,41.6154638148062,0.32544230877348784
MDV,Maldives,MV,1993,322417837.161971,1316.614548774,1258192125.55439,45.5515611288816,0.30174715873573
MDV,Maldives,MV,1994,356014932.136461,1419.39276513408,1384642341.26779,44.2117002448663,0.08330469330126161
MDV,Maldives,MV,1995,398988954.970263,1554.60942754604,1597250635.03854,47.3520580907562,0.14829725854477202
MDV,Maldives,MV,1996,450382327.952421,1716.74281753716,1754312843.11131,43.0352763629504,0.03115834070489148
MDV,Maldives,MV,1997,508223602.378929,1898.43225010526,1934431770.29065,39.670387725631,0.04325472161467563
MDV,Maldives,MV,1998,540096397.621071,1980.38448396751,2102781091.10865,40.9867359654762,0.11733703931280985
MDV,Maldives,MV,1999,589239753.610875,2124.06007530631,2264235683.61311,40.126298421858,0.09335267128872343
MDV,Maldives,MV,2000,624337145.284622,2213.81235053178,2404575740.01718,40.8644099852265,0.13318783862555564
MDV,Maldives,MV,2001,870031676.798793,3033.93234507036,2361756431.02429,31.2308703408131,-0.38736669404497354
MDV,Maldives,MV,2002,897031250.0,3076.07007160101,2572787195.03882,33.5908378331301,0.14027266466669594
MDV,Maldives,MV,2003,1052121054.6875,3548.5767011056,2984325954.06821,30.3523770936084,0.043795237033100065
MDV,Maldives,MV,2004,1226829562.5,4070.2609459446,3246149994.17958,27.2730426643921,0.058245224516103575
MDV,Maldives,MV,2005,1163362437.5,3796.51546524644,2973722871.62967,33.9271150397616,-0.22061519402859303
MDV,Maldives,MV,2006,1575200390.625,5018.94335409159,3789796519.85872,29.5408843071306,0.0865520074729532
MDV,Maldives,MV,2007,1868383460.9375,5758.10286933053,4170136725.0445,29.1842777540108,0.21019627338884425
MDV,Maldives,MV,2008,2271646187.5,6757.43280929292,4632025844.5962,30.3431523048305,0.3117952721851911
MDV,Maldives,MV,2009,2345294875.0,6734.03165601895,4271869073.3282,46.1935516743923,-1.0942066592627
MDV,Maldives,MV,2010,2588176054.6875,7173.59601844692,4617173541.01348,54.8854181471638,0.9764028026051927
MDV,Maldives,MV,2011,2774350240.04918,7424.520410971,5129171221.39412,57.2981206101706,0.330312622834942
MDV,Maldives,MV,2012,2886163997.20531,7461.29703686309,5411041265.39058,,
MDV,Maldives,MV,2013,3295009237.50107,8236.08177944126,6106704770.85133,,
MDV,Maldives,MV,2014,3697353039.20043,8939.07416571472,6916720150.29527,,
MDV,Maldives,MV,2015,4129505319.12921,9644.90655028145,7653295112.3815,,
MDV,Maldives,MV,2016,4409942623.85538,9947.80744731739,8320672192.78473,,
MDV,Maldives,MV,2017,4816426256.52914,10509.628805812,9059366711.74356,,
MDV,Maldives,MV,2018,5404344162.69888,11423.2838427029,10360598102.1094,,
MDV,Maldives,MV,2019,5726094799.37709,11740.2724029785,11255471307.3295,,
MDV,Maldives,MV,2020,3712604583.36665,7393.8886543933,6741118651.2306,,
MDV,Maldives,MV,2021,5252457369.55218,10176.143882547,9834087308.92595,,
MDV,Maldives,MV,2022,6177118113.94637,11786.0091545343,11991813788.7322,,
MDV,Maldives,MV,2023,6590894301.9579,12530.3602359683,13010501267.78,,
MDV,Maldives,MV,2024,6975146349.42592,13215.5353637008,14009213969.3321,,
MEX,Mexico,MX,1960,13040000000.0,355.075199563018,,,
MEX,Mexico,MX,1961,14160000000.0,373.712216995471,,,
MEX,Mexico,MX,1962,15200000000.0,388.456702411498,,,
MEX,Mexico,MX,1963,16960000000.0,419.552066324849,,,
MEX,Mexico,MX,1964,20080000000.0,480.704214437745,,,
MEX,Mexico,MX,1965,21840000000.0,505.854419498816,,,
MEX,Mexico,MX,1966,24320000000.0,544.935854193449,,,
MEX,Mexico,MX,1967,26560000000.0,575.769037534418,,,
MEX,Mexico,MX,1968,29360000000.0,615.922912128842,,,
MEX,Mexico,MX,1969,32480000000.0,659.71750685117,,,
MEX,Mexico,MX,1970,35520000000.0,699.006845485029,,,
MEX,Mexico,MX,1971,39200000000.0,747.912361003254,,,
MEX,Mexico,MX,1972,45200000000.0,836.569673446138,,,
MEX,Mexico,MX,1973,55280000000.0,993.042879548426,,,
MEX,Mexico,MX,1974,72000000000.0,1256.10280601329,,,
MEX,Mexico,MX,1975,88000000000.0,1491.97048611111,,,
MEX,Mexico,MX,1976,88875923765.072,1465.49877862474,,,
MEX,Mexico,MX,1977,81912018783.5024,1314.62044481645,,,
MEX,Mexico,MX,1978,102648570299.117,1604.40920452482,,,
MEX,Mexico,MX,1979,134531900898.926,2049.26468871816,,,
MEX,Mexico,MX,1980,205577055465.993,3054.62162291784,,,
MEX,Mexico,MX,1981,263797827860.494,3829.14437544129,,,
MEX,Mexico,MX,1982,184602611609.517,2620.95793392947,,,
MEX,Mexico,MX,1983,156167000432.994,2169.85285279223,,,
MEX,Mexico,MX,1984,184230754105.394,2506.30742754755,,,
MEX,Mexico,MX,1985,195241069482.077,2601.70825226684,,,
MEX,Mexico,MX,1986,134556034672.991,1756.93563367491,,,
MEX,Mexico,MX,1987,147542558208.888,1888.2631431041,,,
MEX,Mexico,MX,1988,181611150496.787,2278.81222720992,,,
MEX,Mexico,MX,1989,221403098266.77,2725.05572275442,,,
MEX,Mexico,MX,1990,261253675692.838,3154.46920349038,710444763125.042,46.6268573934833,
MEX,Mexico,MX,1991,313139656145.745,3708.8420548157,766538541210.865,38.2182364854974,-0.038113397917460955
MEX,Mexico,MX,1992,363157832923.734,4220.56643677057,814844731251.19,28.1470540238128,-0.36140757274231783
MEX,Mexico,MX,1993,530160763662.543,6048.34840388099,792462860542.325,19.2441733425118,0.008630872461908962
MEX,Mexico,MX,1994,553618247900.74,6202.36588372862,844950630889.078,26.8438813996716,0.8875890366924764
MEX,Mexico,MX,1995,380157469866.849,4183.87847727479,811682208990.529,30.7434988919319,0.9540253647765551
MEX,Mexico,MX,1996,432157945024.428,4674.36792733681,877940670548.948,23.9323468344639,-0.2029653110541377
MEX,Mexico,MX,1997,523449530464.257,5567.35599516667,957371746254.509,19.7405052707619,-0.0011828635584782946
MEX,Mexico,MX,1998,557461102630.658,5832.69342004468,1028028122579.67,21.0082173789952,0.1950433748469716
MEX,Mexico,MX,1999,631249359702.389,6499.97182950425,1071236887499.62,19.4785244628191,0.1352832166773583
MEX,Mexico,MX,2000,742061329749.127,7524.0271380091,1154351047323.83,18.1918633340197,0.14482155672402675
MEX,Mexico,MX,2001,796064590549.136,7952.76479510706,1175035890293.65,,
MEX,Mexico,MX,2002,810666116401.915,7983.03398381759,1194403398875.47,,
MEX,Mexico,MX,2003,765549967888.647,7434.07465031562,1242555251551.93,,
MEX,Mexico,MX,2004,819459227375.022,7849.66759649565,1321401660883.87,,
MEX,Mexico,MX,2005,917571853529.104,8671.75891885163,1403085812802.32,,
MEX,Mexico,MX,2006,1020265057882.01,9512.63575346699,1559647592038.59,,
MEX,Mexico,MX,2007,1102355554880.44,10134.3327129706,1635081164095.23,,
MEX,Mexico,MX,2008,1161553459984.65,10523.7685427665,1730732432768.21,,
MEX,Mexico,MX,2009,943437415024.633,8423.56933214711,1701569666080.89,,
MEX,Mexico,MX,2010,1105424238572.81,9728.80078237782,1807626674476.17,,
MEX,Mexico,MX,2011,1229013703577.75,10664.4944046282,1989888022996.96,,
MEX,Mexico,MX,2012,1255110424665.92,10744.1335229686,2103287718922.75,,
MEX,Mexico,MX,2013,1327436290439.27,11216.800851866,2150334057847.95,,
MEX,Mexico,MX,2014,1364507717764.6,11391.3773510244,2254435513052.44,,
MEX,Mexico,MX,2015,1213294467779.98,10021.2386124039,2309495216430.19,,
MEX,Mexico,MX,2016,1112233497452.7,9097.92397674769,2457812552694.79,,
MEX,Mexico,MX,2017,1190721475906.0,9649.27816772402,2528308608734.21,,
MEX,Mexico,MX,2018,1256300182775.8,10084.7937553679,2606266095020.21,,
MEX,Mexico,MX,2019,1304106203902.45,10369.5553585271,2636530051952.24,41.3273940627237,
MEX,Mexico,MX,2020,1121064767401.51,8841.2707511328,2454084724796.82,45.8373464112123,0.13750294045042957
MEX,Mexico,MX,2021,1316569466735.28,10314.0506725979,2652858835981.85,44.8609558048196,0.38616349597221694
MEX,Mexico,MX,2022,1466464899303.68,11402.1410374782,3006940450744.82,43.9835270548749,0.15357289635051063
MEX,Mexico,MX,2023,1793798859343.27,13826.1306570122,3224627506520.01,45.1431938521023,0.7569357308264619
MEX,Mexico,MX,2024,1852722885258.11,14157.9445835849,3361570175385.56,,
MHL,Marshall Islands,MH,1960,,,,,
MHL,Marshall Islands,MH,1961,,,,,
MHL,Marshall Islands,MH,1962,,,,,
MHL,Marshall Islands,MH,1963,,,,,
MHL,Marshall Islands,MH,1964,,,,,
MHL,Marshall Islands,MH,1965,,,,,
MHL,Marshall Islands,MH,1966,,,,,
MHL,Marshall Islands,MH,1967,,,,,
MHL,Marshall Islands,MH,1968,,,,,
MHL,Marshall Islands,MH,1969,,,,,
MHL,Marshall Islands,MH,1970,8408486.0,373.212871726587,,,
MHL,Marshall Islands,MH,1971,9116810.0,390.174184712831,,,
MHL,Marshall Islands,MH,1972,9973652.0,415.707402467489,,,
MHL,Marshall Islands,MH,1973,11607366.0,472.208860502014,,,
MHL,Marshall Islands,MH,1974,15217532.0,601.578589500316,,,
MHL,Marshall Islands,MH,1975,16691301.0,638.193048864418,,,
MHL,Marshall Islands,MH,1976,18153647.0,671.834758151068,,,
MHL,Marshall Islands,MH,1977,20210069.0,724.219486848706,,,
MHL,Marshall Islands,MH,1978,22209370.0,770.91776875282,,,
MHL,Marshall Islands,MH,1979,25545346.0,859.013585311722,,,
MHL,Marshall Islands,MH,1980,26710653.0,867.961688438292,,,
MHL,Marshall Islands,MH,1981,31020000.0,968.86029296936,,,
MHL,Marshall Islands,MH,1982,34918000.0,1045.54301284547,,,
MHL,Marshall Islands,MH,1983,41749000.0,1199.30481744276,,,
MHL,Marshall Islands,MH,1984,45144000.0,1244.87094639312,,,
MHL,Marshall Islands,MH,1985,43879000.0,1162.01901432695,,,
MHL,Marshall Islands,MH,1986,55989000.0,1425.16418062414,,,
MHL,Marshall Islands,MH,1987,62983000.0,1542.64230430097,,,
MHL,Marshall Islands,MH,1988,70688000.0,1670.28189314997,,,
MHL,Marshall Islands,MH,1989,72798000.0,1670.21520671775,,,
MHL,Marshall Islands,MH,1990,78476000.0,1758.40820990836,93825565.1130321,,
MHL,Marshall Islands,MH,1991,82507000.0,1810.63465589888,97083732.7793938,,
MHL,Marshall Islands,MH,1992,91063000.0,1963.07234629646,106386748.302521,,
MHL,Marshall Islands,MH,1993,99461000.0,2112.01240099378,115449773.939184,,
MHL,Marshall Islands,MH,1994,108071000.0,2265.0695841717,124845534.165933,,
MHL,Marshall Islands,MH,1995,120230000.0,2490.98744457796,137932080.26783,,
MHL,Marshall Islands,MH,1996,110858000.0,2272.84469502819,125986037.36409,,
MHL,Marshall Islands,MH,1997,109884700.0,2230.75377088451,119897913.391467,,
MHL,Marshall Islands,MH,1998,112070100.0,2254.16054870567,120428094.414466,,
MHL,Marshall Islands,MH,1999,113352100.0,2257.92000318712,120502144.351901,,
MHL,Marshall Islands,MH,2000,114838500.0,2264.79114897645,126256390.313495,,
MHL,Marshall Islands,MH,2001,122406100.0,2394.34501105178,138045931.114502,,
MHL,Marshall Islands,MH,2002,131960000.0,2566.06708799222,145288213.802487,,
MHL,Marshall Islands,MH,2003,131128500.0,2539.3307383954,145842934.691959,,
MHL,Marshall Islands,MH,2004,132900000.0,2566.08291015814,149153206.296614,,
MHL,Marshall Islands,MH,2005,138000000.0,2658.65217893885,156584998.568828,,
MHL,Marshall Islands,MH,2006,143200000.0,2754.26988767503,161697836.869811,,
MHL,Marshall Islands,MH,2007,150500000.0,2892.28403958874,172204501.052577,,
MHL,Marshall Islands,MH,2008,146600000.0,2817.60522775322,162241749.9334,71.5412639836289,
MHL,Marshall Islands,MH,2009,151200000.0,2906.63026970914,169225654.555322,71.9117976190476,0.5514314997818737
MHL,Marshall Islands,MH,2010,161100000.0,3095.45768964722,180769874.152757,68.8800763500931,0.19361767862564264
MHL,Marshall Islands,MH,2011,172300000.0,3319.39815439151,183572222.118388,56.0864126523505,-5.113181580494275
MHL,Marshall Islands,MH,2012,180700000.0,3514.26515490383,184577180.224517,52.42613226342,-1.8934799255758519
MHL,Marshall Islands,MH,2013,186400000.0,3677.90690791421,194868626.180603,52.7442510729614,0.3479844343818633
MHL,Marshall Islands,MH,2014,186000000.0,3735.23977829545,195765211.126983,49.4013516129032,-7.170285454776593
MHL,Marshall Islands,MH,2015,183700000.0,3764.34426229508,201307890.606507,47.4856330974415,-0.839919756716604
MHL,Marshall Islands,MH,2016,201800000.0,4229.80988911945,208309785.849901,48.3205495540139,1.4681397882521279
MHL,Marshall Islands,MH,2017,213700000.0,4592.83457628576,219584916.869019,47.728014974263,0.39768043425811295
MHL,Marshall Islands,MH,2018,220000000.0,4858.12079054875,236940414.688217,44.0008963636364,-0.2992017892022593
MHL,Marshall Islands,MH,2019,232900000.0,5292.33985502306,266025061.384393,41.5637492486046,1.5370131206517464e-15
MHL,Marshall Islands,MH,2020,241800000.0,5661.96787336674,262085491.939992,,
MHL,Marshall Islands,MH,2021,258900000.0,6258.61193705127,277401943.188956,,
MHL,Marshall Islands,MH,2022,253400000.0,6322.82855503156,293856595.45483,,
MHL,Marshall Islands,MH,2023,259300000.0,6678.34239060448,292451749.919892,,
MHL,Marshall Islands,MH,2024,280357844.229802,7466.65186507409,307823221.268995,,
MKD,North Macedonia,MK,1960,,,,,
MKD,North Macedonia,MK,1961,,,,,
MKD,North Macedonia,MK,1962,,,,,
MKD,North Macedonia,MK,1963,,,,,
MKD,North Macedonia,MK,1964,,,,,
MKD,North Macedonia,MK,1965,,,,,
MKD,North Macedonia,MK,1966,,,,,
MKD,North Macedonia,MK,1967,,,,,
MKD,North Macedonia,MK,1968,,,,,
MKD,North Macedonia,MK,1969,,,,,
MKD,North Macedonia,MK,1970,,,,,
MKD,North Macedonia,MK,1971,,,,,
MKD,North Macedonia,MK,1972,,,,,
MKD,North Macedonia,MK,1973,,,,,
MKD,North Macedonia,MK,1974,,,,,
MKD,North Macedonia,MK,1975,,,,,
MKD,North Macedonia,MK,1976,,,,,
MKD,North Macedonia,MK,1977,,,,,
MKD,North Macedonia,MK,1978,,,,,
MKD,North Macedonia,MK,1979,,,,,
MKD,North Macedonia,MK,1980,,,,,
MKD,North Macedonia,MK,1981,,,,,
MKD,North Macedonia,MK,1982,,,,,
MKD,North Macedonia,MK,1983,,,,,
MKD,North Macedonia,MK,1984,,,,,
MKD,North Macedonia,MK,1985,,,,,
MKD,North Macedonia,MK,1986,,,,,
MKD,North Macedonia,MK,1987,,,,,
MKD,North Macedonia,MK,1988,,,,,
MKD,North Macedonia,MK,1989,,,,,
MKD,North Macedonia,MK,1990,4699646643.10954,2277.30372314314,11033540068.672,,
MKD,North Macedonia,MK,1991,4938775510.20408,2402.13517656378,10702794253.8932,,
MKD,North Macedonia,MK,1992,2436849341.97604,1198.92829846257,10228023048.5775,,
MKD,North Macedonia,MK,1993,2682456896.55172,1336.64775641463,9688393321.74053,,
MKD,North Macedonia,MK,1994,3559608639.98379,1786.35488334914,9721284632.62498,,
MKD,North Macedonia,MK,1995,4707041315.24202,2355.24705371138,9814471742.06726,,
MKD,North Macedonia,MK,1996,4642021256.30689,2306.53366957635,10112592691.2742,,
MKD,North Macedonia,MK,1997,3912986090.97363,1959.56073782188,10435109668.3522,,
MKD,North Macedonia,MK,1998,3765745023.2074,1875.81662735988,10937100174.5216,,
MKD,North Macedonia,MK,1999,3863619284.77939,1915.39281060996,11547072366.2541,,
MKD,North Macedonia,MK,2000,3772859034.20508,1861.89899780644,12467297223.0484,,
MKD,North Macedonia,MK,2001,3709636030.66578,1823.02267682636,12314477116.34,,
MKD,North Macedonia,MK,2002,4018365747.00972,1989.13537265159,12919294864.3966,,
MKD,North Macedonia,MK,2003,4946296599.08467,2445.36286400013,13368277064.8964,,
MKD,North Macedonia,MK,2004,5682784471.69722,2818.5814561242,14577821274.0794,,
MKD,North Macedonia,MK,2005,6258602872.67898,3120.98401394233,15987113957.0941,,
MKD,North Macedonia,MK,2006,6861226971.55617,3440.4411057968,17729889079.5501,,
MKD,North Macedonia,MK,2007,8336474973.72949,4204.11328760452,19113502068.5399,,
MKD,North Macedonia,MK,2008,9909552434.51136,5026.4202989873,21537235533.6943,,
MKD,North Macedonia,MK,2009,9401736825.42688,4799.78722768888,22577165164.6815,,
MKD,North Macedonia,MK,2010,9407170321.37752,4833.36586759968,23342986399.6477,,
MKD,North Macedonia,MK,2011,10494626767.6445,5416.86672931659,24064094439.3279,,
MKD,North Macedonia,MK,2012,9745261300.57788,5049.8265386157,24558758913.8755,,
MKD,North Macedonia,MK,2013,10817702346.0674,5626.26115664893,26269704512.3279,,
MKD,North Macedonia,MK,2014,11362265252.778,5925.38592218015,27776051422.3132,,
MKD,North Macedonia,MK,2015,10064519962.5655,5262.68671928674,28759477964.6046,,
MKD,North Macedonia,MK,2016,10672467073.2873,5598.48622617967,31372563320.6069,,
MKD,North Macedonia,MK,2017,11307067069.6658,5955.2973863451,32582642852.9737,,
MKD,North Macedonia,MK,2018,12683068114.2388,6713.98925398989,34872106943.5014,,
MKD,North Macedonia,MK,2019,12606338448.547,6718.85826635458,37942140168.2412,,
MKD,North Macedonia,MK,2020,12361036913.8409,6659.59651070776,37052260242.8725,,
MKD,North Macedonia,MK,2021,14000283827.0154,7620.80296977508,40681504691.9464,,
MKD,North Macedonia,MK,2022,13932436550.0883,7606.2375253797,44084717528.5101,,
MKD,North Macedonia,MK,2023,15763604287.9867,8624.28400232117,44581273725.1933,,
MKD,North Macedonia,MK,2024,16685236492.0675,9310.02790015256,47648935134.4505,,
MLI,Mali,ML,1960,,,,,
MLI,Mali,ML,1961,,,,,
MLI,Mali,ML,1962,,,,,
MLI,Mali,ML,1963,,,,,
MLI,Mali,ML,1964,,,,,
MLI,Mali,ML,1965,,,,,
MLI,Mali,ML,1966,,,,,
MLI,Mali,ML,1967,275494477.586098,45.9854448702914,,,
MLI,Mali,ML,1968,343771972.993855,56.5137530466331,,,
MLI,Mali,ML,1969,339913867.092785,55.0226859514125,,,
MLI,Mali,ML,1970,359772315.102198,57.3207870762744,,,
MLI,Mali,ML,1971,395218628.920694,61.966462690907,,,
MLI,Mali,ML,1972,486617280.255549,75.0521043387011,,,
MLI,Mali,ML,1973,563683703.304705,85.4440876506614,,,
MLI,Mali,ML,1974,538747339.956033,80.2252214087116,,,
MLI,Mali,ML,1975,830710615.179954,121.497572665422,,,
MLI,Mali,ML,1976,939228017.24779,134.927575165475,,,
MLI,Mali,ML,1977,1049838548.10919,148.052694572807,,,
MLI,Mali,ML,1978,1222702572.84699,169.123319071279,,,
MLI,Mali,ML,1979,1595422955.64433,216.320734146311,,,
MLI,Mali,ML,1980,1759691186.39993,233.674746866573,,,
MLI,Mali,ML,1981,1538972424.36635,200.054495920758,,,
MLI,Mali,ML,1982,1333754224.99949,169.684644551965,,,
MLI,Mali,ML,1983,1297765325.90273,161.526103492822,,,
MLI,Mali,ML,1984,1232932104.07276,150.200065086961,,,
MLI,Mali,ML,1985,1392196047.99695,166.239053200941,,,
MLI,Mali,ML,1986,1852163453.15326,217.102721333894,,,
MLI,Mali,ML,1987,2090629986.97643,240.823694492631,,,
MLI,Mali,ML,1988,2169040603.19394,245.533346765602,,,
MLI,Mali,ML,1989,2181821909.27892,242.426326634574,,,
MLI,Mali,ML,1990,2681912148.69842,292.184532091609,7556471287.8598,,
MLI,Mali,ML,1991,2724131458.26216,290.949913986172,8729554194.02658,,
MLI,Mali,ML,1992,2830673378.13006,296.295758235174,8641110124.92561,,
MLI,Mali,ML,1993,2818281085.08646,288.912651193625,9126540359.85338,,
MLI,Mali,ML,1994,2081846497.74648,208.873284105014,9673753260.12931,,
MLI,Mali,ML,1995,2706425157.39397,265.717051612187,9967547260.99729,,
MLI,Mali,ML,1996,2780422049.21204,267.161312421177,10866193888.9893,,
MLI,Mali,ML,1997,2697105823.4661,253.332746924326,11587355610.7584,,
MLI,Mali,ML,1998,2920358710.50646,267.442574037141,12604798274.9759,,
MLI,Mali,ML,1999,3440724709.59258,306.457426717778,13511929774.0827,,
MLI,Mali,ML,2000,2961484953.86444,256.199554978241,13809595178.1055,,
MLI,Mali,ML,2001,3468337942.32063,291.159497911347,16291753166.7828,,
MLI,Mali,ML,2002,3908121307.01957,318.042432039222,17058862546.2582,,
MLI,Mali,ML,2003,4714071979.68835,371.627016389759,18981975552.7101,,
MLI,Mali,ML,2004,7113132069.71577,542.887347640863,19796498955.6974,,
MLI,Mali,ML,2005,8009875051.7116,591.630393473705,21949456345.3587,,
MLI,Mali,ML,2006,8858863052.70726,633.221946737432,24131957605.0992,,
MLI,Mali,ML,2007,10289243720.1844,711.675463215078,25746209689.9149,,
MLI,Mali,ML,2008,12262134441.3733,820.715705601841,27957814118.5427,,
MLI,Mali,ML,2009,12592138108.6378,815.78868795173,29433670544.7179,,
MLI,Mali,ML,2010,13196527458.3156,827.617660082715,31853450079.0545,,
MLI,Mali,ML,2011,15506843901.5459,941.574944706639,33817267480.8019,,
MLI,Mali,ML,2012,14891957623.4895,878.217175344858,33967900874.1631,,
MLI,Mali,ML,2013,15769357572.5419,903.190452512378,36004914476.4166,,
MLI,Mali,ML,2014,16943434590.8343,940.243260037952,39053409334.0076,,
MLI,Mali,ML,2015,15583181170.4105,838.11986940103,43326258239.039,,
MLI,Mali,ML,2016,16743796799.8329,872.468587171653,48588600863.8981,,
MLI,Mali,ML,2017,18308362040.0521,924.057531692284,51646498097.6108,,
MLI,Mali,ML,2018,20368015381.2413,996.379292136901,54874814697.0095,,
MLI,Mali,ML,2019,20477421884.5414,971.949318638092,59410075204.0447,,
MLI,Mali,ML,2020,20698560938.7775,953.242943290974,59141995694.5382,,
MLI,Mali,ML,2021,22999245262.6719,1027.27345365357,62603712698.5219,,
MLI,Mali,ML,2022,22374051349.9445,969.72220560562,69419933564.9113,,
MLI,Mali,ML,2023,24621545564.8753,1035.86242628411,75310419236.7841,,
MLI,Mali,ML,2024,26588067731.1692,1086.1762176779,80991580402.8523,,
MLT,Malta,MT,1960,,,,,
MLT,Malta,MT,1961,,,,,
MLT,Malta,MT,1962,,,,,
MLT,Malta,MT,1963,,,,,
MLT,Malta,MT,1964,,,,,
MLT,Malta,MT,1965,,,,,
MLT,Malta,MT,1966,,,,,
MLT,Malta,MT,1967,,,,,
MLT,Malta,MT,1968,,,,,
MLT,Malta,MT,1969,,,,,
MLT,Malta,MT,1970,250728796.288378,828.44472588263,,,
MLT,Malta,MT,1971,264578484.770195,874.061727024101,,,
MLT,Malta,MT,1972,295106628.339343,975.720378043786,,,
MLT,Malta,MT,1973,345616105.882558,1143.66679643467,,,
MLT,Malta,MT,1974,376081124.273469,1245.31823028606,,,
MLT,Malta,MT,1975,474618321.462361,1560.10519115107,,,
MLT,Malta,MT,1976,527936988.791275,1726.55944845303,,,
MLT,Malta,MT,1977,625563170.67121,2037.8641908695,,,
MLT,Malta,MT,1978,793673401.641079,2558.73455468428,,,
MLT,Malta,MT,1979,1001288846.84016,3195.51431611516,,,
MLT,Malta,MT,1980,1250198601.09268,3948.26572689504,,,
MLT,Malta,MT,1981,1243509393.61947,3898.36853997864,,,
MLT,Malta,MT,1982,1234474404.03152,3787.91647703123,,,
MLT,Malta,MT,1983,1165729706.8704,3526.91395139354,,,
MLT,Malta,MT,1984,1101807023.04918,3332.82018387922,,,
MLT,Malta,MT,1985,1117797439.14234,3322.30879632858,,,
MLT,Malta,MT,1986,1435038441.11922,4194.53480236296,,,
MLT,Malta,MT,1987,1751293460.68921,5083.80179308013,,,
MLT,Malta,MT,1988,2019503068.03393,5814.44775940093,,,
MLT,Malta,MT,1989,2118655676.67649,6040.84054229986,,,
MLT,Malta,MT,1990,2547328747.50761,7192.38994693962,3569596937.79381,20.1391925335712,
MLT,Malta,MT,1991,2750216746.88426,7558.75921583164,3921198209.26908,22.7213832525756,0.31818953880089446
MLT,Malta,MT,1992,3021942758.83978,8220.33403924666,4198689095.43733,24.4176852352808,0.40722484643785056
MLT,Malta,MT,1993,2709193538.42526,7296.35111127489,4490803747.36397,28.608773975036,0.1272739483120529
MLT,Malta,MT,1994,2998505428.14593,8000.3453286604,4845890018.83974,29.9674017229371,0.3478228287139819
MLT,Malta,MT,1995,3709360097.081,9828.22830085662,5261287628.85853,,
MLT,Malta,MT,1996,3822489745.55641,10061.6989656793,5567634447.28225,,
MLT,Malta,MT,1997,3787070703.92488,9893.31176523189,5918643925.69994,,
MLT,Malta,MT,1998,4010092090.88186,10408.0648734109,6248507150.95276,,
MLT,Malta,MT,1999,4111891844.77116,10609.1982640169,6549502445.14608,,
MLT,Malta,MT,2000,4036809864.64044,10348.4860163,7103720792.8501,,
MLT,Malta,MT,2001,4070867153.47963,10357.7026407269,7246287599.99267,,
MLT,Malta,MT,2002,4455127397.86786,11251.2024877398,7734077577.55792,,
MLT,Malta,MT,2003,5418315225.49353,13593.9787182902,8296648090.10684,,
MLT,Malta,MT,2004,6104141501.07928,15212.1312964883,8654828606.70819,,
MLT,Malta,MT,2005,6393234964.93061,15831.3439802756,8976185853.42153,,
MLT,Malta,MT,2006,6749838861.63176,16653.6038312389,9412880643.23735,,
MLT,Malta,MT,2007,7908412373.84313,19444.1743635565,10173218050.6991,,
MLT,Malta,MT,2008,9135419489.50818,22315.3104812611,10911545502.9348,,
MLT,Malta,MT,2009,8734745632.03365,21176.3216665018,11041175017.5039,,
MLT,Malta,MT,2010,9097044182.15877,21946.6070188242,11984407547.4745,,
MLT,Malta,MT,2011,9789361705.08927,23516.9691282762,12249115249.8462,,
MLT,Malta,MT,2012,9609532105.58909,22878.3131257656,12901661431.4342,,
MLT,Malta,MT,2013,10796782633.5257,25415.5566806942,14077424410.3318,,
MLT,Malta,MT,2014,11888032861.804,27424.5765369278,15261041157.2303,,
MLT,Malta,MT,2015,11340795032.9304,25529.6813131565,17048724114.9173,,
MLT,Malta,MT,2016,12025782885.2772,26459.0772054811,18634286620.2358,,
MLT,Malta,MT,2017,14161366732.7153,30317.2443357939,21376244915.8756,,
MLT,Malta,MT,2018,16153779511.1559,33382.2677502638,23313166925.7257,,
MLT,Malta,MT,2019,16337793530.7788,32421.9179753188,25896969589.9462,,
MLT,Malta,MT,2020,16409900599.1964,31833.596382464,25768258954.3147,,
MLT,Malta,MT,2021,19723563354.6779,38065.354346575,29433654077.1052,,
MLT,Malta,MT,2022,19239187083.5194,36224.2819955817,32126739375.4334,,
MLT,Malta,MT,2023,22210718401.0207,40182.4313854634,34869883001.818,,
MLT,Malta,MT,2024,24322006607.9295,42347.3073860173,38690522255.8677,,
MMR,Myanmar,MM,1960,545098447.640862,25.0847757223623,,,
MMR,Myanmar,MM,1961,605581577.287066,27.2654541223873,,,
MMR,Myanmar,MM,1962,634528872.02036,27.9470039695431,,,
MMR,Myanmar,MM,1963,598998418.724583,25.8039844353997,,,
MMR,Myanmar,MM,1964,411419905.846621,17.3322006236435,,,
MMR,Myanmar,MM,1965,367053117.224523,15.1178632326484,,,
MMR,Myanmar,MM,1966,293103478.548483,11.8013216738981,,,
MMR,Myanmar,MM,1967,420359035.897436,16.5453805372426,,,
MMR,Myanmar,MM,1968,559956130.283622,21.5453410007264,,,
MMR,Myanmar,MM,1969,571854214.589142,21.5103180527937,,,
MMR,Myanmar,MM,1970,563555630.769545,20.7242782768026,,,
MMR,Myanmar,MM,1971,587448405.488773,21.1257517513266,,,
MMR,Myanmar,MM,1972,662213082.741535,23.2941302744944,,,
MMR,Myanmar,MM,1973,719754655.358964,24.7965628847435,,,
MMR,Myanmar,MM,1974,1225589878.06809,41.4076276435663,,,
MMR,Myanmar,MM,1975,1061107353.67232,35.163291569876,,,
MMR,Myanmar,MM,1976,1204699849.12592,39.1660083715823,,,
MMR,Myanmar,MM,1977,873579931.929901,27.8600867193791,,,
MMR,Myanmar,MM,1978,935408774.951918,29.2562311044151,,,
MMR,Myanmar,MM,1979,952265043.438383,29.2136757858848,,,
MMR,Myanmar,MM,1980,1038225167.05882,31.2462392881093,,,
MMR,Myanmar,MM,1981,1111000765.28987,32.8127790443581,,,
MMR,Myanmar,MM,1982,1481165467.83214,42.9535414901862,,,
MMR,Myanmar,MM,1983,1381573615.2513,39.2908686161265,,,
MMR,Myanmar,MM,1984,1304063253.04136,36.3255768443636,,,
MMR,Myanmar,MM,1985,1478908173.26796,40.3821412603663,,,
MMR,Myanmar,MM,1986,1582873750.32068,42.4193735892874,,,
MMR,Myanmar,MM,1987,1562448076.65689,41.1478137224602,,,
MMR,Myanmar,MM,1988,1541088312.25453,39.9236088878004,,,
MMR,Myanmar,MM,1989,2013448228.72975,51.3443285034615,,,
MMR,Myanmar,MM,1990,2115193513.29556,53.1225401094506,17563520317.365,,
MMR,Myanmar,MM,1991,2069832686.98061,51.2408970610106,18039349766.7611,,
MMR,Myanmar,MM,1992,2411552288.76212,58.8896739558883,20232926691.4617,,
MMR,Myanmar,MM,1993,3163020034.63637,76.212889482598,21963426391.919,,
MMR,Myanmar,MM,1994,4432257173.6492,105.391561114159,24109873843.0385,,
MMR,Myanmar,MM,1995,5289174942.53404,124.14348039051,26325672250.3073,,
MMR,Myanmar,MM,1996,6123556716.81329,141.897267580367,28534772832.9767,,
MMR,Myanmar,MM,1997,4722288495.66085,108.039770292032,30667316092.2828,,
MMR,Myanmar,MM,1998,6459461639.30243,145.950830383757,32831204101.3312,,
MMR,Myanmar,MM,1999,8486832800.88498,189.490155849067,36940066207.0948,,
MMR,Myanmar,MM,2000,8905066163.58643,196.619580625284,42969607733.0216,,
MMR,Myanmar,MM,2001,6477790688.22844,141.525660705722,48921379074.6035,,
MMR,Myanmar,MM,2002,6777632512.0781,146.598390364449,55656083939.6556,,
MMR,Myanmar,MM,2003,10467109977.6717,224.292688912409,64612058191.0903,,
MMR,Myanmar,MM,2004,10567354056.4049,224.508811413327,75349622677.1439,,
MMR,Myanmar,MM,2005,11986972418.5103,252.685193060728,88256902159.4759,,
MMR,Myanmar,MM,2006,14502553709.8303,303.495087119254,102875055020.123,,
MMR,Myanmar,MM,2007,20182477480.5512,419.375780725042,118332621205.187,,
MMR,Myanmar,MM,2008,31862554101.9378,658.442487229705,132981732362.512,,
MMR,Myanmar,MM,2009,36906181380.8127,758.442935789255,147918054673.649,,
MMR,Myanmar,MM,2010,49540813342.4834,1010.53417343401,164139949932.271,,
MMR,Myanmar,MM,2011,59977326085.9908,1213.62898703376,176893542391.214,,
MMR,Myanmar,MM,2012,59937796648.2158,1202.6658960055,191632597101.832,,
MMR,Myanmar,MM,2013,60269732854.827,1199.09561597055,208269863967.961,,
MMR,Myanmar,MM,2014,65531374199.6663,1293.00042298688,221802511725.486,,
MMR,Myanmar,MM,2015,59607290407.6191,1166.73305546337,227790290910.88,,
MMR,Myanmar,MM,2016,63298361996.2153,1229.19713515893,229647106575.787,,
MMR,Myanmar,MM,2017,66053040483.0016,1272.82241830603,244240022243.58,,
MMR,Myanmar,MM,2018,67860515989.517,1298.21310320785,291745887545.292,,
MMR,Myanmar,MM,2019,75065106227.6892,1425.98954211903,321180596449.631,,
MMR,Myanmar,MM,2020,79006113643.1906,1490.21683548367,304367346941.67,,
MMR,Myanmar,MM,2021,66345291160.1683,1242.72134419599,276462287916.21,,
MMR,Myanmar,MM,2022,62253049891.6449,1158.05005034332,308130563643.829,,
MMR,Myanmar,MM,2023,66757619000.0,1233.19666209269,322277844296.53,,
MMR,Myanmar,MM,2024,74079772652.4286,1359.25961394135,326862397165.755,,
MNE,Montenegro,ME,1960,,,,,
MNE,Montenegro,ME,1961,,,,,
MNE,Montenegro,ME,1962,,,,,
MNE,Montenegro,ME,1963,,,,,
MNE,Montenegro,ME,1964,,,,,
MNE,Montenegro,ME,1965,,,,,
MNE,Montenegro,ME,1966,,,,,
MNE,Montenegro,ME,1967,,,,,
MNE,Montenegro,ME,1968,,,,,
MNE,Montenegro,ME,1969,,,,,
MNE,Montenegro,ME,1970,,,,,
MNE,Montenegro,ME,1971,,,,,
MNE,Montenegro,ME,1972,,,,,
MNE,Montenegro,ME,1973,,,,,
MNE,Montenegro,ME,1974,,,,,
MNE,Montenegro,ME,1975,,,,,
MNE,Montenegro,ME,1976,,,,,
MNE,Montenegro,ME,1977,,,,,
MNE,Montenegro,ME,1978,,,,,
MNE,Montenegro,ME,1979,,,,,
MNE,Montenegro,ME,1980,,,,,
MNE,Montenegro,ME,1981,,,,,
MNE,Montenegro,ME,1982,,,,,
MNE,Montenegro,ME,1983,,,,,
MNE,Montenegro,ME,1984,,,,,
MNE,Montenegro,ME,1985,,,,,
MNE,Montenegro,ME,1986,,,,,
MNE,Montenegro,ME,1987,,,,,
MNE,Montenegro,ME,1988,,,,,
MNE,Montenegro,ME,1989,,,,,
MNE,Montenegro,ME,1990,,,,,
MNE,Montenegro,ME,1991,,,,,
MNE,Montenegro,ME,1992,,,,,
MNE,Montenegro,ME,1993,,,,,
MNE,Montenegro,ME,1994,,,,,
MNE,Montenegro,ME,1995,,,,,
MNE,Montenegro,ME,1996,,,,,
MNE,Montenegro,ME,1997,838288806.001293,1375.32616813442,3533545306.20957,,
MNE,Montenegro,ME,1998,854261160.714286,1405.81632669854,3748347438.74581,,
MNE,Montenegro,ME,1999,828950327.353261,1367.90257335097,3444059622.31627,,
MNE,Montenegro,ME,2000,984293043.811565,1627.06511911987,3631258599.91848,,
MNE,Montenegro,ME,2001,1159869245.92513,1909.59870186179,4113413348.12626,,
MNE,Montenegro,ME,2002,1284685050.52413,2106.6350684523,4329965621.89005,,
MNE,Montenegro,ME,2003,1707710053.14938,2789.15906483509,4494822527.20132,,
MNE,Montenegro,ME,2004,2073234417.68066,3380.16512135859,4810225521.14074,,
MNE,Montenegro,ME,2005,2257174480.78597,3674.6179242797,5106753520.03374,,
MNE,Montenegro,ME,2006,2721903148.91482,4425.67887307803,6432338873.40274,,
MNE,Montenegro,ME,2007,3680711743.77224,5976.39414454596,7675162436.73665,,
MNE,Montenegro,ME,2008,4545674527.61096,7367.75190910882,8524397177.40852,,
MNE,Montenegro,ME,2009,4159330369.5471,6727.10776676969,8051275761.36077,,
MNE,Montenegro,ME,2010,4142983843.4912,6688.40259641346,8445094799.15719,,
MNE,Montenegro,ME,2011,4544428421.49513,7325.64689244715,8974061691.25466,,
MNE,Montenegro,ME,2012,4087526241.81268,6577.74033229273,8603961075.27901,,
MNE,Montenegro,ME,2013,4465772400.37453,7172.92908521143,9237464633.33886,,
MNE,Montenegro,ME,2014,4593853290.963,7364.96590101549,9557935799.12194,,
MNE,Montenegro,ME,2015,4054730077.57718,6491.19280618646,10164312427.4335,,
MNE,Montenegro,ME,2016,4376930578.32395,6999.1358134109,11325280166.464,,
MNE,Montenegro,ME,2017,4856599480.79882,7758.36921956034,12249532194.1161,,
MNE,Montenegro,ME,2018,5506942238.35668,8790.88152116679,13385900703.3676,,
MNE,Montenegro,ME,2019,5542054181.12616,8842.48528706869,15015922356.5618,,
MNE,Montenegro,ME,2020,4769996866.00758,7612.62845881291,13050296519.1466,,
MNE,Montenegro,ME,2021,5861427505.12493,9377.48879714989,14903409289.4305,,
MNE,Montenegro,ME,2022,6229801580.79157,9990.20444616996,17209273854.0872,,
MNE,Montenegro,ME,2023,7530593375.22034,12077.3747094687,19080877955.8567,,
MNE,Montenegro,ME,2024,8069536125.80285,12935.4522712126,20823349604.3018,,
MNG,Mongolia,MN,1960,,,,,
MNG,Mongolia,MN,1961,,,,,
MNG,Mongolia,MN,1962,,,,,
MNG,Mongolia,MN,1963,,,,,
MNG,Mongolia,MN,1964,,,,,
MNG,Mongolia,MN,1965,,,,,
MNG,Mongolia,MN,1966,,,,,
MNG,Mongolia,MN,1967,,,,,
MNG,Mongolia,MN,1968,,,,,
MNG,Mongolia,MN,1969,,,,,
MNG,Mongolia,MN,1970,,,,,
MNG,Mongolia,MN,1971,,,,,
MNG,Mongolia,MN,1972,,,,,
MNG,Mongolia,MN,1973,,,,,
MNG,Mongolia,MN,1974,,,,,
MNG,Mongolia,MN,1975,,,,,
MNG,Mongolia,MN,1976,,,,,
MNG,Mongolia,MN,1977,,,,,
MNG,Mongolia,MN,1978,,,,,
MNG,Mongolia,MN,1979,,,,,
MNG,Mongolia,MN,1980,2101394100.0,1235.14422497627,,,
MNG,Mongolia,MN,1981,2310099100.0,1325.46680536613,,,
MNG,Mongolia,MN,1982,2552401933.33333,1429.62551800828,,,
MNG,Mongolia,MN,1983,2725736633.33333,1490.21297634746,,,
MNG,Mongolia,MN,1984,2098734600.0,1119.71388466075,,,
MNG,Mongolia,MN,1985,2186505475.0,1137.90764730312,,,
MNG,Mongolia,MN,1986,2896178866.66667,1469.42176378914,,,
MNG,Mongolia,MN,1987,3020611600.0,1493.28238085822,,,
MNG,Mongolia,MN,1988,3204461566.66667,1543.33555521093,,,
MNG,Mongolia,MN,1989,3576966800.0,1683.92432862486,,,
MNG,Mongolia,MN,1990,2560785660.0,1220.17127664137,7302015144.19314,,
MNG,Mongolia,MN,1991,2379018326.31579,1098.68017445549,6892683694.73394,,
MNG,Mongolia,MN,1992,1317611863.84977,607.813424662797,6397199493.34231,20.621673383358,
MNG,Mongolia,MN,1993,768401634.154573,354.898613087701,6341315006.17309,41.4415301033198,-0.8360778075606614
MNG,Mongolia,MN,1994,925817092.217484,422.864349383041,6614952541.03772,51.434529837839,0.5765008593791335
MNG,Mongolia,MN,1995,1452165005.2384,652.67456284915,7184288883.81265,37.0712826765271,0.10915608369248997
MNG,Mongolia,MN,1996,1345719472.35883,595.5810149554,7479331657.8225,49.4796320305737,0.4322113954268127
MNG,Mongolia,MN,1997,1180934202.83801,515.298004947316,7904782843.87042,54.6275786922475,-0.04875126173838221
MNG,Mongolia,MN,1998,1124440204.84738,483.878066074871,8260603886.77986,71.5753340452053,0.44883818700894107
MNG,Mongolia,MN,1999,1057408588.68269,448.660368337533,8634719686.81401,83.9144976966664,0.22051266754532964
MNG,Mongolia,MN,2000,1136896123.61298,476.02755082717,8931513813.70697,78.41832770873,0.014204533534137505
MNG,Mongolia,MN,2001,1267997934.3125,524.453483552485,9402283756.13045,69.0997980938579,-0.03260810450094442
MNG,Mongolia,MN,2002,1396555719.97409,570.249213248399,10000318210.221,,
MNG,Mongolia,MN,2003,1595297355.78349,643.168068921658,10912071503.1922,,
MNG,Mongolia,MN,2004,1992066808.09598,794.154552001815,12396137238.0265,,
MNG,Mongolia,MN,2005,2523471601.10421,994.90010913241,13712180012.9917,,
MNG,Mongolia,MN,2006,3414055661.61598,1329.89179579053,15344468578.7749,,
MNG,Mongolia,MN,2007,4234999703.90059,1627.68787743359,17375296734.5742,,
MNG,Mongolia,MN,2008,5623216608.04288,2127.42678594737,19286329499.8691,,
MNG,Mongolia,MN,2009,4583850367.88972,1703.32756790019,19159108635.8796,,
MNG,Mongolia,MN,2010,7189481998.90094,2625.21881402433,20626275493.887,,
MNG,Mongolia,MN,2011,10409797377.8571,3736.04201455077,24691841190.0464,,
MNG,Mongolia,MN,2012,12292770631.565,4328.89001905655,28827895153.548,,
MNG,Mongolia,MN,2013,12582122604.2577,4340.14310544449,30272589127.4882,,
MNG,Mongolia,MN,2014,12226514668.0622,4126.23975800524,32298614756.1739,,
MNG,Mongolia,MN,2015,11619892590.6941,3838.92126989984,31655860016.5362,,
MNG,Mongolia,MN,2016,11181350649.3573,3619.90026383792,32468148776.2369,,
MNG,Mongolia,MN,2017,11480847740.736,3645.96708669551,34940501306.6572,,
MNG,Mongolia,MN,2018,13178094720.4986,4107.64288528468,39516811632.4633,65.9653147370968,
MNG,Mongolia,MN,2019,14206359017.5143,4347.54610314873,44456622358.2437,60.8440397174621,-0.009969802172976742
MNG,Mongolia,MN,2020,13312981429.0891,4001.25193077703,45560002626.38,73.9367835152858,1.087084453359085
MNG,Mongolia,MN,2021,15286441737.6686,4517.61578018785,50053145881.8599,67.5710143237735,0.10816781256791257
MNG,Mongolia,MN,2022,17146471713.748,4993.51487463495,56320298556.3279,,
MNG,Mongolia,MN,2023,20325121393.9074,5838.63108083902,62677497750.9381,,
MNG,Mongolia,MN,2024,23586055802.4517,6691.48209834228,67315454531.6436,,
MNP,Northern Mariana Islands,MP,1960,,,,,
MNP,Northern Mariana Islands,MP,1961,,,,,
MNP,Northern Mariana Islands,MP,1962,,,,,
MNP,Northern Mariana Islands,MP,1963,,,,,
MNP,Northern Mariana Islands,MP,1964,,,,,
MNP,Northern Mariana Islands,MP,1965,,,,,
MNP,Northern Mariana Islands,MP,1966,,,,,
MNP,Northern Mariana Islands,MP,1967,,,,,
MNP,Northern Mariana Islands,MP,1968,,,,,
MNP,Northern Mariana Islands,MP,1969,,,,,
MNP,Northern Mariana Islands,MP,1970,,,,,
MNP,Northern Mariana Islands,MP,1971,,,,,
MNP,Northern Mariana Islands,MP,1972,,,,,
MNP,Northern Mariana Islands,MP,1973,,,,,
MNP,Northern Mariana Islands,MP,1974,,,,,
MNP,Northern Mariana Islands,MP,1975,,,,,
MNP,Northern Mariana Islands,MP,1976,,,,,
MNP,Northern Mariana Islands,MP,1977,,,,,
MNP,Northern Mariana Islands,MP,1978,,,,,
MNP,Northern Mariana Islands,MP,1979,,,,,
MNP,Northern Mariana Islands,MP,1980,,,,,
MNP,Northern Mariana Islands,MP,1981,,,,,
MNP,Northern Mariana Islands,MP,1982,,,,,
MNP,Northern Mariana Islands,MP,1983,,,,,
MNP,Northern Mariana Islands,MP,1984,,,,,
MNP,Northern Mariana Islands,MP,1985,,,,,
MNP,Northern Mariana Islands,MP,1986,,,,,
MNP,Northern Mariana Islands,MP,1987,,,,,
MNP,Northern Mariana Islands,MP,1988,,,,,
MNP,Northern Mariana Islands,MP,1989,,,,,
MNP,Northern Mariana Islands,MP,1990,,,,,
MNP,Northern Mariana Islands,MP,1991,,,,,
MNP,Northern Mariana Islands,MP,1992,,,,,
MNP,Northern Mariana Islands,MP,1993,,,,,
MNP,Northern Mariana Islands,MP,1994,,,,,
MNP,Northern Mariana Islands,MP,1995,,,,,
MNP,Northern Mariana Islands,MP,1996,,,,,
MNP,Northern Mariana Islands,MP,1997,,,,,
MNP,Northern Mariana Islands,MP,1998,,,,,
MNP,Northern Mariana Islands,MP,1999,,,,,
MNP,Northern Mariana Islands,MP,2000,,,,,
MNP,Northern Mariana Islands,MP,2001,,,,,
MNP,Northern Mariana Islands,MP,2002,1284000000.0,19227.8894246608,,,
MNP,Northern Mariana Islands,MP,2003,1239000000.0,18938.8728389967,,,
MNP,Northern Mariana Islands,MP,2004,1210000000.0,18924.5831899653,,,
MNP,Northern Mariana Islands,MP,2005,1061000000.0,17015.7487891715,,,
MNP,Northern Mariana Islands,MP,2006,990000000.0,16314.5578590027,,,
MNP,Northern Mariana Islands,MP,2007,938000000.0,15914.2193040498,,,
MNP,Northern Mariana Islands,MP,2008,939000000.0,16430.4461942257,,,
MNP,Northern Mariana Islands,MP,2009,795000000.0,14369.6339810212,,,
MNP,Northern Mariana Islands,MP,2010,799000000.0,14771.4037455399,,,
MNP,Northern Mariana Islands,MP,2011,729000000.0,13598.7166094613,,,
MNP,Northern Mariana Islands,MP,2012,746000000.0,14013.6003306158,,,
MNP,Northern Mariana Islands,MP,2013,772000000.0,14632.8518897608,,,
MNP,Northern Mariana Islands,MP,2014,832000000.0,15945.417608954,,,
MNP,Northern Mariana Islands,MP,2015,910000000.0,17665.1007493109,,,
MNP,Northern Mariana Islands,MP,2016,1230000000.0,24225.474169342,,,
MNP,Northern Mariana Islands,MP,2017,1560000000.0,31225.6049960968,,,
MNP,Northern Mariana Islands,MP,2018,1301000000.0,26509.3628379893,,,
MNP,Northern Mariana Islands,MP,2019,1179000000.0,24496.6652122421,,,
MNP,Northern Mariana Islands,MP,2020,866000000.0,18220.8382427201,,,
MNP,Northern Mariana Islands,MP,2021,914000000.0,19455.50139424,,,
MNP,Northern Mariana Islands,MP,2022,1096000000.0,23785.754590043,,,
MNP,Northern Mariana Islands,MP,2023,,,,,
MNP,Northern Mariana Islands,MP,2024,,,,,
MOZ,Mozambique,MZ,1960,,,,,
MOZ,Mozambique,MZ,1961,,,,,
MOZ,Mozambique,MZ,1962,,,,,
MOZ,Mozambique,MZ,1963,,,,,
MOZ,Mozambique,MZ,1964,,,,,
MOZ,Mozambique,MZ,1965,,,,,
MOZ,Mozambique,MZ,1966,,,,,
MOZ,Mozambique,MZ,1967,,,,,
MOZ,Mozambique,MZ,1968,,,,,
MOZ,Mozambique,MZ,1969,,,,,
MOZ,Mozambique,MZ,1970,,,,,
MOZ,Mozambique,MZ,1971,,,,,
MOZ,Mozambique,MZ,1972,,,,,
MOZ,Mozambique,MZ,1973,,,,,
MOZ,Mozambique,MZ,1974,,,,,
MOZ,Mozambique,MZ,1975,,,,,
MOZ,Mozambique,MZ,1976,,,,,
MOZ,Mozambique,MZ,1977,,,,,
MOZ,Mozambique,MZ,1978,,,,,
MOZ,Mozambique,MZ,1979,,,,,
MOZ,Mozambique,MZ,1980,,,,,
MOZ,Mozambique,MZ,1981,,,,,
MOZ,Mozambique,MZ,1982,,,,,
MOZ,Mozambique,MZ,1983,,,,,
MOZ,Mozambique,MZ,1984,,,,,
MOZ,Mozambique,MZ,1985,,,,,
MOZ,Mozambique,MZ,1986,,,,,
MOZ,Mozambique,MZ,1987,,,,,
MOZ,Mozambique,MZ,1988,,,,,
MOZ,Mozambique,MZ,1989,,,,,
MOZ,Mozambique,MZ,1990,,,3876487205.89821,,
MOZ,Mozambique,MZ,1991,3854856434.58062,288.708092484444,4204974221.20434,,
MOZ,Mozambique,MZ,1992,2798696511.18156,205.585216062094,3974943055.37604,,
MOZ,Mozambique,MZ,1993,2883161897.42651,205.189844208699,4514346155.41372,,
MOZ,Mozambique,MZ,1994,2958108170.32061,196.763143175646,4907676297.31776,,
MOZ,Mozambique,MZ,1995,3061646173.73938,191.826096861406,5116944167.20886,,
MOZ,Mozambique,MZ,1996,4030146134.5706,244.362651012498,5767947004.12026,,
MOZ,Mozambique,MZ,1997,4873663774.93019,287.532091475389,6560643833.91515,,
MOZ,Mozambique,MZ,1998,5551118148.73836,320.125121723292,7322310594.51332,,
MOZ,Mozambique,MZ,1999,6285219691.22462,354.406245723711,8303449441.43969,,
MOZ,Mozambique,MZ,2000,5930685214.61595,327.12623979157,8556603915.91784,,
MOZ,Mozambique,MZ,2001,5650154067.10346,304.792138621913,9873700733.75349,,
MOZ,Mozambique,MZ,2002,5950769426.60213,313.886661721198,10996611842.248,,
MOZ,Mozambique,MZ,2003,6583526860.58062,339.488737800648,12023092301.2085,,
MOZ,Mozambique,MZ,2004,7937255565.35765,400.056973161545,13359389787.8221,,
MOZ,Mozambique,MZ,2005,8868504899.94673,436.773856167384,14647954897.7931,,
MOZ,Mozambique,MZ,2006,9509835536.93373,457.487647833183,16596153907.0126,,
MOZ,Mozambique,MZ,2007,10811456005.9405,507.874923914304,18349679164.7403,,
MOZ,Mozambique,MZ,2008,12920340964.6544,592.159111184122,19989637477.8653,,
MOZ,Mozambique,MZ,2009,12263894790.0125,547.697144193651,21305419651.8896,,
MOZ,Mozambique,MZ,2010,11411894723.864,496.185839392659,23004781234.8117,,
MOZ,Mozambique,MZ,2011,14619279988.716,618.17649286789,25154428816.7064,,
MOZ,Mozambique,MZ,2012,16688114144.0745,685.685748199513,26184549692.2646,,
MOZ,Mozambique,MZ,2013,17198073057.1981,686.505672517351,27901295071.5242,,
MOZ,Mozambique,MZ,2014,17978246586.0662,697.142680444123,30064933093.9697,,
MOZ,Mozambique,MZ,2015,16208985769.615,610.563774706589,34986722839.8131,,
MOZ,Mozambique,MZ,2016,12069051237.1711,441.489734819071,37700803807.9202,92.242445572337,
MOZ,Mozambique,MZ,2017,13264640645.7768,470.93856305196,36130431041.8671,78.5046092527536,0.4581292584461997
MOZ,Mozambique,MZ,2018,15017358952.8452,517.507260258101,38466735958.1982,81.3537163156048,0.7720847053121227
MOZ,Mozambique,MZ,2019,15512759046.672,519.09255091362,41503339393.0606,78.8783415047574,0.006266032907648204
MOZ,Mozambique,MZ,2020,14235420174.1884,462.433876479921,43454882038.8104,101.390931763888,1.1258878212347883
MOZ,Mozambique,MZ,2021,16168055475.4449,509.907829475551,46205728911.2947,84.1569664621914,-0.3005911158946782
MOZ,Mozambique,MZ,2022,18883528581.3734,578.251663751351,51660358771.4538,76.6350609536734,0.158554959117969
MOZ,Mozambique,MZ,2023,20954220983.5473,622.985619320596,56429069634.9957,72.546081419386,0.1530943263018886
MOZ,Mozambique,MZ,2024,22416650343.4786,647.28579950207,58863787008.2917,72.8459392096207,0.4633610779201522
MRT,Mauritania,MR,1960,,,,,
MRT,Mauritania,MR,1961,159213430.204754,188.158401597739,,,
MRT,Mauritania,MR,1962,164271557.513473,188.995146612769,,,
MRT,Mauritania,MR,1963,168186297.281077,188.249348047987,,,
MRT,Mauritania,MR,1964,224495743.865038,244.294599697524,,,
MRT,Mauritania,MR,1965,255340474.997828,269.962165823141,,,
MRT,Mauritania,MR,1966,266533605.185831,273.604362731912,,,
MRT,Mauritania,MR,1967,282615310.216284,281.533377446756,,,
MRT,Mauritania,MR,1968,311395937.322956,300.94152952866,,,
MRT,Mauritania,MR,1969,295062308.474696,276.598267711858,,,
MRT,Mauritania,MR,1970,309405315.98667,281.327175871626,,,
MRT,Mauritania,MR,1971,335568907.051937,295.993927021331,,,
MRT,Mauritania,MR,1972,391669449.290746,335.23154288786,,,
MRT,Mauritania,MR,1973,493237876.273031,409.721138785311,,,
MRT,Mauritania,MR,1974,613010552.500776,494.288408290337,,,
MRT,Mauritania,MR,1975,703377837.452223,550.66258324178,,,
MRT,Mauritania,MR,1976,775045516.827791,589.237667658903,,,
MRT,Mauritania,MR,1977,799030017.057464,590.226698413217,,,
MRT,Mauritania,MR,1978,804629876.848091,577.742777476832,,,
MRT,Mauritania,MR,1979,951900945.252492,664.383619042778,,,
MRT,Mauritania,MR,1980,1047925105.54497,710.918952530534,,,
MRT,Mauritania,MR,1981,1105494681.63193,728.796521822095,,,
MRT,Mauritania,MR,1982,1108776652.78389,710.21886884239,,,
MRT,Mauritania,MR,1983,1165171263.34593,725.174522510668,,,
MRT,Mauritania,MR,1984,1074373230.36274,649.681186509673,,,
MRT,Mauritania,MR,1985,1009723326.32808,593.219654421302,,,
MRT,Mauritania,MR,1986,1186628778.4874,677.363323878901,,,
MRT,Mauritania,MR,1987,1344664724.68991,745.787178962507,,,
MRT,Mauritania,MR,1988,1414951290.06682,762.423918016846,,,
MRT,Mauritania,MR,1989,1450647019.18099,762.275580637475,,,
MRT,Mauritania,MR,1990,1506914407.82047,772.033092140219,4040954731.10973,,
MRT,Mauritania,MR,1991,2133692696.74857,1061.67704285264,4252311547.57795,,
MRT,Mauritania,MR,1992,2164298425.48412,1036.47437808576,4430725302.04608,,
MRT,Mauritania,MR,1993,1847353211.3475,849.620301696661,4802161269.1454,,
MRT,Mauritania,MR,1994,1944876755.00708,864.599478365453,4754577303.76092,,
MRT,Mauritania,MR,1995,2091726101.43014,904.719170071042,5330945208.54862,,
MRT,Mauritania,MR,1996,2132087009.28942,904.120879798142,5744419726.70733,,
MRT,Mauritania,MR,1997,2071996564.05296,859.28395817576,5607128251.68902,,
MRT,Mauritania,MR,1998,2032347664.94993,821.266378551937,5827650393.75092,,
MRT,Mauritania,MR,1999,1985922775.53351,781.337033563197,6127206514.3005,,
MRT,Mauritania,MR,2000,1779520886.47015,680.911061879778,6020496212.44512,,
MRT,Mauritania,MR,2001,1746063557.61355,651.817840199777,6106841806.001,,
MRT,Mauritania,MR,2002,1777057481.26043,648.879643934862,6287417869.53367,,
MRT,Mauritania,MR,2003,2051147606.73687,732.017820812675,6855760842.14005,,
MRT,Mauritania,MR,2004,2362501023.24249,823.554457141893,7373310008.12466,,
MRT,Mauritania,MR,2005,2936019525.60241,998.96583416747,8255919837.47165,,
MRT,Mauritania,MR,2006,3919577285.92703,1300.60367988659,10070769270.7772,,
MRT,Mauritania,MR,2007,4346212355.02975,1405.15016203368,10139902985.2367,,
MRT,Mauritania,MR,2008,5206437193.80413,1635.5630623124,10301051549.5998,,
MRT,Mauritania,MR,2009,4714595547.75102,1435.43010811893,10374730882.5514,,
MRT,Mauritania,MR,2010,5628878797.98257,1659.96369705455,10775959019.2363,,
MRT,Mauritania,MR,2011,6764627745.9033,1931.19975525465,11457213191.4913,,
MRT,Mauritania,MR,2012,6728208836.22143,1859.11733247641,12539868164.3873,,
MRT,Mauritania,MR,2013,7223071097.08417,1934.24103064714,14306348182.1821,,
MRT,Mauritania,MR,2014,6592537781.81518,1713.00865264234,14875055357.1756,,
MRT,Mauritania,MR,2015,6166863896.68677,1554.94897871782,15775044970.7205,,
MRT,Mauritania,MR,2016,6398747592.13185,1565.76575722696,19136599346.5409,,
MRT,Mauritania,MR,2017,6800135898.28827,1615.00401327323,22539620070.571,,
MRT,Mauritania,MR,2018,7473550557.07378,1722.93528854073,23550299208.1808,,
MRT,Mauritania,MR,2019,7894764885.82312,1767.072710621,25064433257.7255,,
MRT,Mauritania,MR,2020,8260752385.23089,1795.76459566714,26408154182.6331,,
MRT,Mauritania,MR,2021,9222536364.01272,1947.78918383313,27635403694.625,,
MRT,Mauritania,MR,2022,9557966698.25369,1960.35240077424,31617666980.5464,,
MRT,Mauritania,MR,2023,10651709314.1644,2120.82318421747,34886849205.0866,,
MRT,Mauritania,MR,2024,10766731873.5407,2082.78374423714,37588430731.7267,,
MUS,Mauritius,MU,1960,162089563.829564,238.251033437494,,,
MUS,Mauritius,MU,1961,191757729.477729,281.683081448637,,,
MUS,Mauritius,MU,1962,197738207.858208,282.342386236302,,,
MUS,Mauritius,MU,1963,253839557.949558,353.11354761151,,,
MUS,Mauritius,MU,1964,218914569.184569,297.284380211561,,,
MUS,Mauritius,MU,1965,230024160.524161,305.47697280765,,,
MUS,Mauritius,MU,1966,227534083.454083,295.955041673441,,,
MUS,Mauritius,MU,1967,238439290.867222,304.163949585507,,,
MUS,Mauritius,MU,1968,206576630.576631,258.734051896237,,,
MUS,Mauritius,MU,1969,221553612.873613,272.713256163629,,,
MUS,Mauritius,MU,1970,224125805.005805,271.338746980393,,,
MUS,Mauritius,MU,1971,251437337.841491,299.604801832026,,,
MUS,Mauritius,MU,1972,318664899.637091,373.996570209941,,,
MUS,Mauritius,MU,1973,404285775.079719,467.480218496262,,,
MUS,Mauritius,MU,1974,669894029.624369,762.940758670279,,,
MUS,Mauritius,MU,1975,673311287.073382,754.833281472402,,,
MUS,Mauritius,MU,1976,713510051.522669,787.098225962589,,,
MUS,Mauritius,MU,1977,834722972.199873,905.949638747869,,,
MUS,Mauritius,MU,1978,1029040323.36704,1102.34753691974,,,
MUS,Mauritius,MU,1979,1227446632.17561,1292.2014302482,,,
MUS,Mauritius,MU,1980,1147027924.10804,1187.35157080412,,,
MUS,Mauritius,MU,1981,1157769443.59463,1180.84070937438,,,
MUS,Mauritius,MU,1982,1092923635.57767,1101.15920527391,,,
MUS,Mauritius,MU,1983,1104956573.09802,1103.09124580137,,,
MUS,Mauritius,MU,1984,1054564759.05328,1041.83252378016,,,
MUS,Mauritius,MU,1985,1090611324.6814,1068.67359316099,,,
MUS,Mauritius,MU,1986,1482601552.40192,1441.71452837714,,,
MUS,Mauritius,MU,1987,1906174437.96762,1839.79109565422,,,
MUS,Mauritius,MU,1988,2163252449.13108,2073.59238787189,,,
MUS,Mauritius,MU,1989,2211312823.20576,2103.48802694458,,,
MUS,Mauritius,MU,1990,2689212760.18576,2539.92846467452,5302418751.48676,39.1235900360959,
MUS,Mauritius,MU,1991,2895354736.18332,2705.26648158805,5724876028.39184,39.3945282634877,0.20947624580839155
MUS,Mauritius,MU,1992,3267677814.23984,3013.23706337167,6236678104.83541,31.5314654106726,-0.21544390931533772
MUS,Mauritius,MU,1993,3307302125.87528,3013.83313790492,6708972332.05265,29.8242079194186,-0.09309882410364037
MUS,Mauritius,MU,1994,3606050873.0139,3240.38624662702,7135639902.8728,30.7485422779047,0.28694802014527443
MUS,Mauritius,MU,1995,4094741652.30048,3648.01649622256,7597624459.47006,32.4319382714997,0.4744660934437563
MUS,Mauritius,MU,1996,4481489761.54368,3951.94494649336,8169034861.97055,35.2757196068331,0.4425430064504064
MUS,Mauritius,MU,1997,4243755307.55239,3695.73668844327,8782529622.26002,35.3476342070016,-0.13172184176294835
MUS,Mauritius,MU,1998,4225813976.36359,3641.62142564086,9420496635.61624,33.1487378303686,-0.15559285112217583
MUS,Mauritius,MU,1999,4402193195.46945,3745.69625069831,9803249314.97515,30.9931762285205,-0.09516458850938805
MUS,Mauritius,MU,2000,4726108622.47661,3981.98343249582,10847667514.6611,31.6907550044809,0.12768832431589686
MUS,Mauritius,MU,2001,4675755867.17657,3908.55694927435,11463230002.3137,29.7941358107018,-0.16998834992414058
MUS,Mauritius,MU,2002,4906494249.38255,4073.06053055903,11829366607.5772,39.288508399984,1.4600762239689744
MUS,Mauritius,MU,2003,5894873919.74797,4858.26575549747,12777697016.3638,44.1430010758192,0.7112350782488867
MUS,Mauritius,MU,2004,6667418752.07307,5460.60800184198,13689455398.6123,38.5444032538334,-0.035379425097502464
MUS,Mauritius,MU,2005,6576108447.47531,5354.02974260642,14369647699.4232,41.1387968950545,0.19908359330618997
MUS,Mauritius,MU,2006,7028810680.89077,5695.97525509869,15533506795.4582,38.0288957688338,-0.02779787543956132
MUS,Mauritius,MU,2007,8150150209.22501,6574.6635764099,16868057828.8942,34.6934497337497,0.11583609361116345
MUS,Mauritius,MU,2008,9990356673.73497,8030.05228087539,18119239839.7435,33.6988749498688,0.43084821536022944
MUS,Mauritius,MU,2009,9128843109.15588,7318.12640972422,18835367365.2242,36.5564718463374,-0.04113072097482495
MUS,Mauritius,MU,2010,10003670690.3497,8000.37643182154,19898752964.6588,36.7873761596586,0.32246534626752743
MUS,Mauritius,MU,2011,11518413429.9684,9197.04299089459,21137404890.8833,35.5204190571818,0.3320551510259186
MUS,Mauritius,MU,2012,11668696396.7887,9291.23627601053,21663830470.1348,36.5088808021811,0.3205044478431369
MUS,Mauritius,MU,2013,12292974141.4044,9764.64413060045,22944243658.6006,,
MUS,Mauritius,MU,2014,13074129952.0532,10366.3550754936,24046750508.4322,,
MUS,Mauritius,MU,2015,12007291045.6489,9507.87133656424,25271892595.159,,
MUS,Mauritius,MU,2016,12594155464.4136,9965.72531085228,27385974517.632,,
MUS,Mauritius,MU,2017,13713506130.6081,10841.6847754844,28581043971.0413,56.1575177483447,
MUS,Mauritius,MU,2018,14735695930.9727,11643.4605962124,29194635198.9103,55.3817941113535,0.7492417121842634
MUS,Mauritius,MU,2019,14436346979.6355,11403.2527870674,30417972159.6536,57.9616604310028,0.16892617507910332
MUS,Mauritius,MU,2020,11408106446.3144,9011.04288445023,26999298652.9561,,
MUS,Mauritius,MU,2021,11484348857.8529,9068.97300226707,28793361692.7371,,
MUS,Mauritius,MU,2022,12907767789.5967,10223.7882316574,33527657824.4858,,
MUS,Mauritius,MU,2023,14101195732.6741,11182.186568616,36473533933.3164,,
MUS,Mauritius,MU,2024,14952555414.8553,11871.733679438,39108930779.9098,,
MWI,Malawi,MW,1960,,,,,
MWI,Malawi,MW,1961,,,,,
MWI,Malawi,MW,1962,,,,,
MWI,Malawi,MW,1963,,,,,
MWI,Malawi,MW,1964,,,,,
MWI,Malawi,MW,1965,,,,,
MWI,Malawi,MW,1966,,,,,
MWI,Malawi,MW,1967,,,,,
MWI,Malawi,MW,1968,,,,,
MWI,Malawi,MW,1969,,,,,
MWI,Malawi,MW,1970,,,,,
MWI,Malawi,MW,1971,,,,,
MWI,Malawi,MW,1972,,,,,
MWI,Malawi,MW,1973,,,,,
MWI,Malawi,MW,1974,,,,,
MWI,Malawi,MW,1975,,,,,
MWI,Malawi,MW,1976,,,,,
MWI,Malawi,MW,1977,,,,,
MWI,Malawi,MW,1978,,,,,
MWI,Malawi,MW,1979,,,,,
MWI,Malawi,MW,1980,1801156774.56852,287.470822426729,,,
MWI,Malawi,MW,1981,1801193909.52073,276.407062724717,,,
MWI,Malawi,MW,1982,1717379494.63245,253.342697905133,,,
MWI,Malawi,MW,1983,1780148049.43635,252.442074600122,,,
MWI,Malawi,MW,1984,1758028656.12928,239.74828969103,,,
MWI,Malawi,MW,1985,1646442272.89094,216.054136140391,,,
MWI,Malawi,MW,1986,1722586299.409,217.8701899466,,,
MWI,Malawi,MW,1987,1721711808.48111,207.605894737179,,,
MWI,Malawi,MW,1988,2008189508.37875,229.421843922728,,,
MWI,Malawi,MW,1989,2314205129.58032,252.19590741943,,,
MWI,Malawi,MW,1990,2737087861.62245,286.730598968269,6410072363.21448,,
MWI,Malawi,MW,1991,3206783830.41779,325.75273105931,7205388185.53622,,
MWI,Malawi,MW,1992,2618837835.02508,258.393430877557,6829178160.47331,,
MWI,Malawi,MW,1993,3013392657.99911,293.016883079922,7668613469.02993,,
MWI,Malawi,MW,1994,1719864761.30628,169.196526919639,7030306343.57041,,
MWI,Malawi,MW,1995,2033701497.97085,200.362370007247,8378455954.16314,,
MWI,Malawi,MW,1996,3319573749.6119,320.662735559137,9156093760.05175,,
MWI,Malawi,MW,1997,3875785863.38323,366.954461274104,9667211208.92106,,
MWI,Malawi,MW,1998,2547609590.06984,236.045479450504,10156652110.6182,,
MWI,Malawi,MW,1999,2584478924.06081,233.935986197873,10613744873.0658,,
MWI,Malawi,MW,2000,2537307580.32808,224.22415918428,11025237005.9584,,
MWI,Malawi,MW,2001,2498008664.6691,215.474524898357,10712639072.7305,,
MWI,Malawi,MW,2002,5087328437.8737,428.210439838398,11064057834.2158,,
MWI,Malawi,MW,2003,4669789300.35662,383.348596852642,11926235758.5635,,
MWI,Malawi,MW,2004,5058726350.48896,404.674248445428,12910787913.836,,
MWI,Malawi,MW,2005,5320409651.47544,414.361121984475,13750850277.9866,,
MWI,Malawi,MW,2006,5818279739.14354,440.822149023873,14841124507.1107,,
MWI,Malawi,MW,2007,6451210219.11683,475.180261659331,16706556970.9169,,
MWI,Malawi,MW,2008,7743617352.21427,554.048820396119,18329372045.5768,,
MWI,Malawi,MW,2009,9009887946.82039,625.869729869625,19978329413.7686,20.1151721657444,
MWI,Malawi,MW,2010,10128323010.6049,683.124694716799,21611136729.012,19.2608300381554,0.08478931166705467
MWI,Malawi,MW,2011,11648142958.3651,763.061000394572,23144997068.0643,18.8455448350087,0.15930845635371618
MWI,Malawi,MW,2012,8773203178.16512,558.46208832772,22999500003.4794,28.4619929057621,-2.074766686008984
MWI,Malawi,MW,2013,8031571927.62055,496.947368267313,25181923450.6662,24.9138891722583,-0.2272939002645347
MWI,Malawi,MW,2014,8801326169.14547,529.5133440206,25024588183.9773,27.9207565041985,-2.9009384201972765
MWI,Malawi,MW,2015,9219474379.31534,539.605363240686,23972522499.7063,27.3346460465678,-0.05961019454398352
MWI,Malawi,MW,2016,7909868618.46366,450.506105510719,24755675039.6412,37.8862077338952,0.6086152352504614
MWI,Malawi,MW,2017,8943543793.5839,495.769683367165,24899003391.0601,34.2946221230854,0.4912167861831883
MWI,Malawi,MW,2018,9879231591.52434,533.203173686705,25268494147.2089,41.7011065966529,2.848770452231887
MWI,Malawi,MW,2019,11051865579.8121,580.889816066776,27587532191.9057,44.7856317896456,0.35786343800925347
MWI,Malawi,MW,2020,11769313597.8545,602.507478176106,29563756336.0156,,
MWI,Malawi,MW,2021,12378129750.9872,617.447520802454,33831623933.4187,,
MWI,Malawi,MW,2022,12429060150.742,604.269751184515,36577488742.4275,55.5992119991912,
MWI,Malawi,MW,2023,12712150082.0792,602.343619809252,38610812096.7184,,
MWI,Malawi,MW,2024,11008925322.5134,508.371273531708,40266877390.592,,
MYS,Malaysia,MY,1960,1916229477.13657,240.847414554537,,,
MYS,Malaysia,MY,1961,1901856122.72231,232.943768818315,,,
MYS,Malaysia,MY,1962,2001489602.18475,238.836339180717,,,
MYS,Malaysia,MY,1963,2510110348.16184,291.800006993807,,,
MYS,Malaysia,MY,1964,2674423922.48842,302.933952345239,,,
MYS,Malaysia,MY,1965,2956337669.29525,326.436007443045,,,
MYS,Malaysia,MY,1966,3143517943.82632,338.570121454412,,,
MYS,Malaysia,MY,1967,3188924677.08953,335.425630582949,,,
MYS,Malaysia,MY,1968,3330371551.21161,342.444763417284,,,
MYS,Malaysia,MY,1969,3664552041.34299,368.385655484736,,,
MYS,Malaysia,MY,1970,3864145667.41365,379.626764270849,,,
MYS,Malaysia,MY,1971,4244395955.78358,407.19672797331,,,
MYS,Malaysia,MY,1972,5043347250.41815,472.363509449959,,,
MYS,Malaysia,MY,1973,7662902677.9027,700.728626010603,,,
MYS,Malaysia,MY,1974,9496204301.74981,847.806802570239,,,
MYS,Malaysia,MY,1975,9298800799.46702,810.570999701272,,,
MYS,Malaysia,MY,1976,11050234598.6249,940.437734141673,,,
MYS,Malaysia,MY,1977,13139488632.5546,1091.70837095855,,,
MYS,Malaysia,MY,1978,16358079862.1096,1326.88769798353,,,
MYS,Malaysia,MY,1979,21213264962.0141,1679.87779419937,,,
MYS,Malaysia,MY,1980,24488224677.2105,1886.12339323875,,,
MYS,Malaysia,MY,1981,25004285791.7865,1866.10246831744,,,
MYS,Malaysia,MY,1982,26804493635.3297,1937.74922725899,,,
MYS,Malaysia,MY,1983,30347442110.9316,2124.29229106221,,,
MYS,Malaysia,MY,1984,33942897422.0465,2299.80870816235,,,
MYS,Malaysia,MY,1985,31199633352.9598,2045.57471772113,,,
MYS,Malaysia,MY,1986,27734111399.7525,1759.73185736702,,,
MYS,Malaysia,MY,1987,32181210157.9671,1977.1290866202,,,
MYS,Malaysia,MY,1988,35272109220.1988,2099.95467656701,,,
MYS,Malaysia,MY,1989,38847965292.9185,2243.60219599914,,,
MYS,Malaysia,MY,1990,44024585239.6137,2468.69080320116,122810506136.023,79.5366179323318,
MYS,Malaysia,MY,1991,49143148094.2683,2679.20101106745,139083006814.69,73.3193215120926,0.062421665491569904
MYS,Malaysia,MY,1992,59167550162.956,3141.43321987651,154891808952.215,64.3772978856134,0.13024688712739518
MYS,Malaysia,MY,1993,66894966968.9736,3461.99504214189,174252991496.61,55.6918359524722,-0.04314998597265628
MYS,Malaysia,MY,1994,74478356957.7808,3757.65292858601,194368644590.529,47.6197297670635,-0.08891796543845733
MYS,Malaysia,MY,1995,88705342902.7113,4363.14458333034,217949174460.426,41.0697028403447,0.040907834587704535
MYS,Malaysia,MY,1996,100855393910.486,4837.16897250768,244139235645.526,,
MYS,Malaysia,MY,1997,100005323301.867,4678.56390058182,266535267079.999,,
MYS,Malaysia,MY,1998,72167498980.8398,3294.30978444095,249694877234.154,,
MYS,Malaysia,MY,1999,79148421052.6316,3527.81581379249,268770475595.866,,
MYS,Malaysia,MY,2000,93789736842.1053,4083.52874483605,299208017024.179,,
MYS,Malaysia,MY,2001,92783947368.4211,3943.79943910239,307529056854.154,,
MYS,Malaysia,MY,2002,100845526315.789,4184.03163773539,329144531985.224,43.047339208221,
MYS,Malaysia,MY,2003,110202368421.053,4465.32194567208,355071566645.317,45.0766412986635,0.2416092163427432
MYS,Malaysia,MY,2004,124749473684.211,4939.24851854427,389353505932.15,45.6966383151073,0.21383823745641448
MYS,Malaysia,MY,2005,143534405818.501,5555.58179951206,422973326620.569,42.0675597614326,0.10039036756682836
MYS,Malaysia,MY,2006,162692258307.056,6158.40785533236,460368023534.506,40.5883961366256,0.15116465183244127
MYS,Malaysia,MY,2007,193549569477.733,7168.93031942508,502623799396.365,40.0881257702829,0.27348253153755325
MYS,Malaysia,MY,2008,230811614370.384,8371.82156086005,537061439784.103,39.7997028374607,0.4144285622648402
MYS,Malaysia,MY,2009,202257453036.641,7191.43287234626,532195216540.024,50.8357455983458,-2.2515916545698107
MYS,Malaysia,MY,2010,255017638455.59,8899.34505544675,578657813420.75,49.5598230655171,0.5072296364654185
MYS,Malaysia,MY,2011,297951668674.835,10217.1068585031,621861803378.808,50.0286816425423,0.5248358169589851
MYS,Malaysia,MY,2012,314443047642.111,10600.5744240026,671523206704.637,51.6464316160996,0.26856514131468245
MYS,Malaysia,MY,2013,323276235524.415,10713.6407638899,698862906454.866,52.9992519246741,0.32682776284148024
MYS,Malaysia,MY,2014,338066095097.254,11013.3107334403,746116305787.407,52.6758487332831,0.14274525196145957
MYS,Malaysia,MY,2015,301355266964.947,9648.6797937523,766027917953.276,53.5744697326154,-0.8351758986484286
MYS,Malaysia,MY,2016,301256033870.334,9476.53409809923,803828295814.355,51.8905275342534,-0.13561084237124932
MYS,Malaysia,MY,2017,319109094160.343,9862.54806612235,854693620881.573,50.0496777374929,0.06664123447003521
MYS,Malaysia,MY,2018,358788845712.53,10901.8019954421,914713180247.419,51.1859148831795,0.3988079914511046
MYS,Malaysia,MY,2019,365177721021.516,10920.191763972,967567806880.737,52.4213502119727,0.14722909519384197
MYS,Malaysia,MY,2020,337456163961.211,9957.52626697613,931106663877.47,62.0067215086738,-0.48858621264001245
MYS,Malaysia,MY,2021,373784823672.946,10903.1116425938,1022398815013.98,63.2668366732951,0.29834251644172927
MYS,Malaysia,MY,2022,407605841348.235,11748.0919307944,1192353239707.87,60.1811225069523,0.051895894092983876
MYS,Malaysia,MY,2023,399705137434.074,11379.0851923557,1279178242678.17,64.3209101553548,0.1358158503267424
MYS,Malaysia,MY,2024,421972102253.57,11867.2586435443,1377111092000.87,,
NAM,Namibia,,1960,,,,,
NAM,Namibia,,1961,,,,,
NAM,Namibia,,1962,,,,,
NAM,Namibia,,1963,,,,,
NAM,Namibia,,1964,,,,,
NAM,Namibia,,1965,,,,,
NAM,Namibia,,1966,,,,,
NAM,Namibia,,1967,,,,,
NAM,Namibia,,1968,,,,,
NAM,Namibia,,1969,,,,,
NAM,Namibia,,1970,,,,,
NAM,Namibia,,1971,,,,,
NAM,Namibia,,1972,,,,,
NAM,Namibia,,1973,,,,,
NAM,Namibia,,1974,,,,,
NAM,Namibia,,1975,,,,,
NAM,Namibia,,1976,,,,,
NAM,Namibia,,1977,,,,,
NAM,Namibia,,1978,,,,,
NAM,Namibia,,1979,,,,,
NAM,Namibia,,1980,2421990338.12083,2467.80765504439,,,
NAM,Namibia,,1981,2249908578.03115,2266.91040607673,,,
NAM,Namibia,,1982,2118710248.32937,2097.09340946461,,,
NAM,Namibia,,1983,2297400687.55049,2214.33863115715,,,
NAM,Namibia,,1984,1951260037.94542,1830.46920554097,,,
NAM,Namibia,,1985,1608237350.44365,1466.17924353732,,,
NAM,Namibia,,1986,1809048527.11034,1599.39785666132,,,
NAM,Namibia,,1987,2300068216.96898,1969.42364982372,,,
NAM,Namibia,,1988,2495094746.44024,2062.57997582884,,,
NAM,Namibia,,1989,2535135797.50766,1966.82702819252,,,
NAM,Namibia,,1990,2789921853.53112,2037.47589359778,5306693289.0908,,
NAM,Namibia,,1991,2996869281.48364,2116.90552516214,5934133855.10081,,
NAM,Namibia,,1992,3429521699.4026,2346.86242963741,6505711498.50913,,
NAM,Namibia,,1993,3251188833.14533,2154.96473655435,6554721980.97774,,
NAM,Namibia,,1994,3666503529.62911,2355.90445673153,6810488167.97395,,
NAM,Namibia,,1995,3978514206.31168,2483.20353415161,7224392378.08437,,
NAM,Namibia,,1996,3989163196.56767,2423.3982907313,7591428679.60572,,
NAM,Namibia,,1997,4154989950.00393,2459.64511763936,8048229364.47393,,
NAM,Namibia,,1998,3873109865.55683,2235.24515468625,8406572289.26605,,
NAM,Namibia,,1999,3868551730.39163,2177.78733370092,8812782497.73661,,
NAM,Namibia,,2000,3922232164.83175,2156.67590512714,9327139077.13489,,
NAM,Namibia,,2001,3557341215.15159,1915.58926594875,9649500147.86294,,
NAM,Namibia,,2002,3349169826.38896,1772.07565537493,10268715463.4098,,
NAM,Namibia,,2003,4926439383.51425,2569.24739317883,10915420256.8968,,
NAM,Namibia,,2004,6609205994.77406,3403.15496192955,12584232425.9389,,
NAM,Namibia,,2005,7248374837.72056,3685.77299991587,13307073391.6016,,
NAM,Namibia,,2006,8001779551.06323,4017.1834716928,14687700517.5399,,
NAM,Namibia,,2007,8839536475.99963,4379.04313682732,15896336615.0443,117.515261124236,
NAM,Namibia,,2008,8607431497.49471,4204.78555422749,16631951660.7918,1.10133141237365,-13.992383767250576
NAM,Namibia,,2009,8938847189.07592,4302.91374148376,16784063685.0504,0.277603198530483,-0.4600676475966975
NAM,Namibia,,2010,11431412421.1316,5418.21633365814,18013988183.0632,1.60694919254531,0.1291806644602812
NAM,Namibia,,2011,12523359440.5499,5834.7917675794,19321711402.13,7.45061506273455,0.5730343426760119
NAM,Namibia,,2012,13042053591.6857,5942.64680978673,20550227216.2329,-1.17072566818484,-0.8837932417558179
NAM,Namibia,,2013,12043307277.1235,5346.62131149967,21847544464.6311,2.57186406129022,0.35644647543099583
NAM,Namibia,,2014,12435430969.6301,5378.32326241205,23966035323.935,,
NAM,Namibia,,2015,11335161083.5061,4774.10650865775,24849167508.2085,4.6675823557404,
NAM,Namibia,,2016,10722018732.0936,4395.68776162376,24880312287.1765,,
NAM,Namibia,,2017,12895153370.9132,5143.96072323076,24787610435.4624,,
NAM,Namibia,,2018,13682019076.4022,5308.60813408705,25396298133.5144,,
NAM,Namibia,,2019,12541928303.48,4731.9210318831,25469883811.1962,,
NAM,Namibia,,2020,10583748541.5258,3878.58982993966,25525198217.6345,,
NAM,Namibia,,2021,12402486183.6396,4412.8355693052,27287889637.5942,,
NAM,Namibia,,2022,12569449123.3661,4349.79908493314,30811603933.0551,,
NAM,Namibia,,2023,12408271447.8691,4187.60500350786,33338484196.9914,,
NAM,Namibia,,2024,13372354268.5446,4413.1274418646,35411935194.1771,,
NCL,New Caledonia,NC,1960,,,,,
NCL,New Caledonia,NC,1961,,,,,
NCL,New Caledonia,NC,1962,,,,,
NCL,New Caledonia,NC,1963,,,,,
NCL,New Caledonia,NC,1964,,,,,
NCL,New Caledonia,NC,1965,159594492.463655,1713.14089313598,,,
NCL,New Caledonia,NC,1966,164206536.445162,1713.69793827137,,,
NCL,New Caledonia,NC,1967,180036767.648861,1826.17147949386,,,
NCL,New Caledonia,NC,1968,215507162.56893,2124.4581832684,,,
NCL,New Caledonia,NC,1969,263108841.338416,2509.40725556196,,,
NCL,New Caledonia,NC,1970,358815684.071892,3281.71069593272,,,
NCL,New Caledonia,NC,1971,413985778.589656,3615.1542919613,,,
NCL,New Caledonia,NC,1972,506808996.694661,4225.83816273241,,,
NCL,New Caledonia,NC,1973,542293399.862618,4318.13831160265,,,
NCL,New Caledonia,NC,1974,637403478.492486,4848.9446983879,,,
NCL,New Caledonia,NC,1975,816652164.400241,5940.93032547352,,,
NCL,New Caledonia,NC,1976,798313521.689803,5618.32573273327,,,
NCL,New Caledonia,NC,1977,837620126.558528,5792.71036838794,,,
NCL,New Caledonia,NC,1978,846004687.758093,5779.03633913119,,,
NCL,New Caledonia,NC,1979,1047225723.57386,7069.54421444295,,,
NCL,New Caledonia,NC,1980,1182463951.21814,7892.72212911846,,,
NCL,New Caledonia,NC,1981,972564154.815131,6422.06638106676,,,
NCL,New Caledonia,NC,1982,904599869.725833,5912.37880618972,,,
NCL,New Caledonia,NC,1983,823857893.163123,5315.10934087161,,,
NCL,New Caledonia,NC,1984,796066194.738573,5051.72635841793,,,
NCL,New Caledonia,NC,1985,854820893.577136,5334.82839832455,,,
NCL,New Caledonia,NC,1986,1201321513.76667,7374.68547045802,,,
NCL,New Caledonia,NC,1987,1488093101.50275,8983.35708724875,,,
NCL,New Caledonia,NC,1988,2072775508.14796,12301.1923190702,,,
NCL,New Caledonia,NC,1989,2185082938.93078,12701.8289877333,,,
NCL,New Caledonia,NC,1990,2529440424.16648,14334.6807372176,,,
NCL,New Caledonia,NC,1991,2653780672.09555,14642.5179713722,,,
NCL,New Caledonia,NC,1992,2923883281.08579,15713.7198562158,,,
NCL,New Caledonia,NC,1993,2822243780.97543,14787.2165075183,,,
NCL,New Caledonia,NC,1994,3038728384.86634,15534.3093278924,,,
NCL,New Caledonia,NC,1995,3628440505.14193,18107.8880778022,,,
NCL,New Caledonia,NC,1996,3606968435.99917,17592.0502745845,,,
NCL,New Caledonia,NC,1997,3291131281.04099,15704.9593483537,,,
NCL,New Caledonia,NC,1998,3556304832.68104,16614.5978812179,,,
NCL,New Caledonia,NC,1999,3647802049.80911,16692.6835119189,,,
NCL,New Caledonia,NC,2000,3420032041.07385,15329.7297200058,,,
NCL,New Caledonia,NC,2001,3297734891.14661,14482.3606263602,,,
NCL,New Caledonia,NC,2002,3740056747.71979,16104.5520406819,,,
NCL,New Caledonia,NC,2003,4915353827.10576,20768.1061488848,,,
NCL,New Caledonia,NC,2004,5895008977.9531,24475.6488547037,,,
NCL,New Caledonia,NC,2005,6238629487.01331,25528.2918353444,,,
NCL,New Caledonia,NC,2006,6979155387.86792,28193.2537573387,,,
NCL,New Caledonia,NC,2007,8819917180.34265,35177.6535261448,,,
NCL,New Caledonia,NC,2008,9067619760.07073,35723.9033194947,,,
NCL,New Caledonia,NC,2009,8704438102.20142,33836.494080472,,,
NCL,New Caledonia,NC,2010,9364350076.91225,35798.9084757829,,,
NCL,New Caledonia,NC,2011,10351448004.7674,38835.9401851385,,,
NCL,New Caledonia,NC,2012,9659151917.40484,35559.5672006157,,,
NCL,New Caledonia,NC,2013,10151382933.1594,36671.1566752621,,,
NCL,New Caledonia,NC,2014,10635035594.7528,37816.9558599295,,,
NCL,New Caledonia,NC,2015,8738203074.3957,30858.7237060533,,,
NCL,New Caledonia,NC,2016,8724568954.89799,30782.8544433514,,,
NCL,New Caledonia,NC,2017,9174048681.98577,32354.7102832901,,,
NCL,New Caledonia,NC,2018,9896402283.68587,34902.8968780031,,,
NCL,New Caledonia,NC,2019,9475655324.59495,33411.3358835672,,,
NCL,New Caledonia,NC,2020,9454629467.91408,33270.330597637,,,
NCL,New Caledonia,NC,2021,10071349663.8484,35311.5543551452,,,
NCL,New Caledonia,NC,2022,9623318718.31459,33516.363085906,,,
NCL,New Caledonia,NC,2023,,,,,
NCL,New Caledonia,NC,2024,,,,,
NER,Niger,NE,1960,449526873.29589,128.251201351162,,,
NER,Niger,NE,1961,485785230.978987,134.635094261008,,,
NER,Niger,NE,1962,531736599.250464,143.150824130834,,,
NER,Niger,NE,1963,586294878.744643,153.324882584919,,,
NER,Niger,NE,1964,582816396.404409,148.080269139855,,,
NER,Niger,NE,1965,673383510.812866,166.280055859235,,,
NER,Niger,NE,1966,702296078.593173,168.596485499415,,,
NER,Niger,NE,1967,665586872.274446,155.380620524944,,,
NER,Niger,NE,1968,641214226.209493,145.610145933803,,,
NER,Niger,NE,1969,625867985.273798,138.291209756182,,,
NER,Niger,NE,1970,649916621.242978,139.75875001865,,,
NER,Niger,NE,1971,693573703.630273,145.213783611591,,,
NER,Niger,NE,1972,742779660.818693,151.437947747318,,,
NER,Niger,NE,1973,946385105.193732,187.854399670045,,,
NER,Niger,NE,1974,1026137110.89309,198.28916531089,,,
NER,Niger,NE,1975,1048690933.21027,197.232873008404,,,
NER,Niger,NE,1976,1064517601.29025,194.789570593583,,,
NER,Niger,NE,1977,1291458041.46193,229.808417625006,,,
NER,Niger,NE,1978,1774365589.70815,306.828022482047,,,
NER,Niger,NE,1979,2109277665.69912,354.169730869649,,,
NER,Niger,NE,1980,2508524720.71895,408.822779755471,,,
NER,Niger,NE,1981,2170893414.3888,343.386800706738,,,
NER,Niger,NE,1982,2017612215.97935,309.795062345471,,,
NER,Niger,NE,1983,1803099561.20046,268.772580748131,,,
NER,Niger,NE,1984,1461243326.12882,211.468807340699,,,
NER,Niger,NE,1985,1440581652.39853,202.372740665362,,,
NER,Niger,NE,1986,1904096998.30009,259.561894151866,,,
NER,Niger,NE,1987,2233006104.92776,295.326253933298,,,
NER,Niger,NE,1988,2280356192.76273,292.587878484489,,,
NER,Niger,NE,1989,2179567114.33391,271.266557931133,,,
NER,Niger,NE,1990,3512356507.88599,423.887460599302,6124299546.59514,,
NER,Niger,NE,1991,3285796874.97125,384.44311679922,6303585937.69547,,
NER,Niger,NE,1992,3386232579.22522,384.029657304316,6576228696.34559,,
NER,Niger,NE,1993,3052673849.25181,335.429581902384,6753760867.81859,,
NER,Niger,NE,1994,1938058175.21399,206.214617135856,7025909093.33176,,
NER,Niger,NE,1995,2302537562.24406,237.01998956862,7349484060.11528,,
NER,Niger,NE,1996,2405686940.0464,239.494513213973,7491559548.12385,,
NER,Niger,NE,1997,2290318910.20658,220.562957209,7737152662.17248,,
NER,Niger,NE,1998,2643363518.99272,246.090855923026,8604376011.7029,,
NER,Niger,NE,1999,2537789820.69295,228.271656116064,8706977050.2011,,
NER,Niger,NE,2000,2241753192.81158,194.771959898935,8796601713.70026,,
NER,Niger,NE,2001,2448714703.96617,205.417936120931,9648418941.46968,,
NER,Niger,NE,2002,2782192878.67204,225.294391147438,10280284056.6777,,
NER,Niger,NE,2003,3394084732.49543,265.225363452469,10710799712.6166,,
NER,Niger,NE,2004,3760443737.53797,283.468281798296,11038836389.557,,
NER,Niger,NE,2005,4383315964.58718,318.643121918273,12219683989.9715,,
NER,Niger,NE,2006,4756361252.37923,333.345078419447,13343624936.0933,,
NER,Niger,NE,2007,5731485051.79069,387.168065883301,14135852906.7674,,
NER,Niger,NE,2008,7297600226.00536,475.044955398162,15522168134.7971,,
NER,Niger,NE,2009,7352131309.73341,461.131533961487,15924423036.4292,,
NER,Niger,NE,2010,7851192502.30917,474.425692340831,17500575092.2792,,
NER,Niger,NE,2011,8772950777.79176,510.75956176268,18282764961.5946,,
NER,Niger,NE,2012,9426912647.59111,528.510104469655,20722563498.3675,,
NER,Niger,NE,2013,10224897437.8648,552.103334363117,21071366592.3543,,
NER,Niger,NE,2014,10862943543.5419,565.30989731175,22315918540.8947,,
NER,Niger,NE,2015,9683867926.44282,485.662574175279,23372915804.2583,,
NER,Niger,NE,2016,10398861981.7583,502.706475406446,24586198437.6823,,
NER,Niger,NE,2017,11185104251.6943,521.804130023434,25897150477.0717,,
NER,Niger,NE,2018,12837307496.8821,578.568035680892,28311897040.1248,,
NER,Niger,NE,2019,12889555561.2299,561.691304349698,32566723569.6716,,
NER,Niger,NE,2020,13744653103.058,579.512495758236,35501317683.8958,,
NER,Niger,NE,2021,14915002436.069,608.722439593808,38850574077.5224,,
NER,Niger,NE,2022,15433852714.4935,609.745147661683,46573248097.999,,
NER,Niger,NE,2023,16698786973.0228,638.336080723299,49053754855.8382,,
NER,Niger,NE,2024,19537639288.0633,722.748650326257,54470927080.1992,,
NGA,Nigeria,NG,1960,4196174501.5302,93.1370090424417,,,
NGA,Nigeria,NG,1961,4467287893.08484,97.1375281143562,,,
NGA,Nigeria,NG,1962,4909399176.24033,104.532495533943,,,
NGA,Nigeria,NG,1963,5165590253.7639,107.675741358944,,,
NGA,Nigeria,NG,1964,5552931318.82747,113.297345671875,,,
NGA,Nigeria,NG,1965,5874537650.18494,117.287226824734,,,
NGA,Nigeria,NG,1966,6366917453.23302,124.382440176253,,,
NGA,Nigeria,NG,1967,5203237918.70483,99.5014906604697,,,
NGA,Nigeria,NG,1968,5200997919.60083,97.3372081255964,,,
NGA,Nigeria,NG,1969,6634317346.27306,121.436663307697,,,
NGA,Nigeria,NG,1970,12546094981.562,224.46293599595,,,
NGA,Nigeria,NG,1971,9181769911.50443,160.479255841113,,,
NGA,Nigeria,NG,1972,12274416017.7976,209.454776294345,,,
NGA,Nigeria,NG,1973,15162871287.1287,252.369032452868,,,
NGA,Nigeria,NG,1974,24846641318.1242,402.836999782685,,,
NGA,Nigeria,NG,1975,27778934624.6973,438.078813916795,,,
NGA,Nigeria,NG,1976,36308883248.731,556.389687719878,,,
NGA,Nigeria,NG,1977,36035407725.3219,535.965307817329,,,
NGA,Nigeria,NG,1978,36527862208.7133,526.895852928476,,,
NGA,Nigeria,NG,1979,47259911894.2731,660.994040864293,,,
NGA,Nigeria,NG,1980,64201788122.6054,870.359934682057,,,
NGA,Nigeria,NG,1981,164475209515.939,2162.20995436075,,,
NGA,Nigeria,NG,1982,142769363314.176,1821.53265482387,,,
NGA,Nigeria,NG,1983,97094911792.0489,1207.07374565349,,,
NGA,Nigeria,NG,1984,73484359521.4887,890.434106332302,,,
NGA,Nigeria,NG,1985,73745821158.2254,868.640540548893,,,
NGA,Nigeria,NG,1986,54805852580.9129,628.248453718536,,,
NGA,Nigeria,NG,1987,52676041931.1087,587.956613434089,,,
NGA,Nigeria,NG,1988,49648470440.4593,539.539468397166,,,
NGA,Nigeria,NG,1989,44003061108.4005,465.488089532188,,,
NGA,Nigeria,NG,1990,54035795387.8086,556.376449130902,195857383433.717,,
NGA,Nigeria,NG,1991,59526833412.3581,596.938795710722,203206506226.053,,
NGA,Nigeria,NG,1992,52058181853.8055,508.515905682785,217462632292.142,,
NGA,Nigeria,NG,1993,56721051402.4732,539.573202297542,218086678571.943,,
NGA,Nigeria,NG,1994,80399613063.6364,744.884247151377,218700639890.114,,
NGA,Nigeria,NG,1995,140919776986.364,1271.61617353199,223123860705.185,,
NGA,Nigeria,NG,1996,185730236700.0,1632.72469370276,236742239133.091,,
NGA,Nigeria,NG,1997,200850397618.182,1720.27540949396,247897997757.584,,
NGA,Nigeria,NG,1998,218416200672.727,1822.46998452473,257154830145.565,,
NGA,Nigeria,NG,1999,59145077039.1437,480.669363941805,262317190171.303,,
NGA,Nigeria,NG,2000,69171451627.2465,547.318298903379,281714892286.465,,
NGA,Nigeria,NG,2001,73557840064.489,566.428231812933,305104616258.886,,
NGA,Nigeria,NG,2002,95054059302.6995,712.164852077686,357342690194.807,,
NGA,Nigeria,NG,2003,104738954264.226,763.388745367223,391170773323.801,,
NGA,Nigeria,NG,2004,135764731645.611,962.48104194733,438848237510.466,,
NGA,Nigeria,NG,2005,175670569969.346,1211.37703504386,481749373478.028,,
NGA,Nigeria,NG,2006,238454997161.48,1599.53891556365,526697204901.115,,
NGA,Nigeria,NG,2007,278260846800.103,1815.52697545827,576622620194.56,,
NGA,Nigeria,NG,2008,339476276257.793,2154.10543545364,627489466688.419,,
NGA,Nigeria,NG,2009,295008835380.997,1820.48633854782,682101606958.029,,
NGA,Nigeria,NG,2010,366990417129.04,2202.25672957344,745661432652.967,,
NGA,Nigeria,NG,2011,414466676831.16,2418.41316975875,801440949035.347,,
NGA,Nigeria,NG,2012,463971018239.281,2633.19734671361,834681169054.687,,
NGA,Nigeria,NG,2013,520117180313.906,2872.79083379398,900501053734.077,,
NGA,Nigeria,NG,2014,574183763411.508,3088.72131316169,976358658638.933,,
NGA,Nigeria,NG,2015,493026682800.63,2585.73360671797,989482934627.144,,
NGA,Nigeria,NG,2016,404649125252.16,2070.4127339595,981583396343.35,,
NGA,Nigeria,NG,2017,375745731053.427,1876.34027111773,1000651050046.71,,
NGA,Nigeria,NG,2018,421739251509.08,2057.87944554011,1041739008970.11,,
NGA,Nigeria,NG,2019,474517490844.461,2265.15520863056,1123347541616.2,,
NGA,Nigeria,NG,2020,432198898467.795,2019.65706326224,1145672541683.2,,
NGA,Nigeria,NG,2021,440833635873.827,2017.27486481527,1200097354375.41,,
NGA,Nigeria,NG,2022,477403400101.174,2139.37478476974,1327463569776.87,,
NGA,Nigeria,NG,2023,363846332834.618,1596.63696129001,1414565464577.3,,
NGA,Nigeria,NG,2024,187759703099.801,806.945695055244,1498412309012.06,,
NIC,Nicaragua,NI,1960,227223322.141537,127.483812082529,,,
NIC,Nicaragua,NI,1961,244144236.65331,132.943507152279,,,
NIC,Nicaragua,NI,1962,269283803.686825,142.303523551421,,,
NIC,Nicaragua,NI,1963,297324163.095513,152.461498316554,,,
NIC,Nicaragua,NI,1964,347119918.158577,172.68135633824,,,
NIC,Nicaragua,NI,1965,564290020.384288,272.251263163163,,,
NIC,Nicaragua,NI,1966,607140010.475682,283.999593265889,,,
NIC,Nicaragua,NI,1967,657140010.747554,297.946065908473,,,
NIC,Nicaragua,NI,1968,692859984.612158,304.441965331491,,,
NIC,Nicaragua,NI,1969,750000002.894903,319.366650327118,,,
NIC,Nicaragua,NI,1970,778569938.824225,321.316159006971,,,
NIC,Nicaragua,NI,1971,828569953.4744,331.451182972568,,,
NIC,Nicaragua,NI,1972,878570045.450998,341.380772391976,,,
NIC,Nicaragua,NI,1973,1092900014.79168,412.527494204714,,,
NIC,Nicaragua,NI,1974,1521400011.53463,556.866122465391,,,
NIC,Nicaragua,NI,1975,1581599958.5989,561.459695350208,,,
NIC,Nicaragua,NI,1976,1836899998.94579,632.573778388006,,,
NIC,Nicaragua,NI,1977,2226999873.71856,744.185320440322,,,
NIC,Nicaragua,NI,1978,2127699978.78077,690.741261696299,,,
NIC,Nicaragua,NI,1979,1567599981.69806,495.366597419221,,,
NIC,Nicaragua,NI,1980,2144300006.18028,659.297143121648,,,
NIC,Nicaragua,NI,1981,2474700227.04662,739.671655710215,,,
NIC,Nicaragua,NI,1982,2454499872.03789,713.777809066357,,,
NIC,Nicaragua,NI,1983,2753100057.78802,779.852730684977,,,
NIC,Nicaragua,NI,1984,3117599872.08764,861.428649767358,,,
NIC,Nicaragua,NI,1985,2683699935.36479,724.056425347288,,,
NIC,Nicaragua,NI,1986,2885799993.91571,760.59055909276,,,
NIC,Nicaragua,NI,1987,3851200117.77355,992.024066415935,,,
NIC,Nicaragua,NI,1988,2630900095.60219,662.308196621167,,,
NIC,Nicaragua,NI,1989,1013184755.57026,249.155474069011,,,
NIC,Nicaragua,NI,1990,1009455483.87097,242.508390600822,8235899133.40156,,
NIC,Nicaragua,NI,1991,1488804123.71134,349.514318640612,8498305478.7254,,
NIC,Nicaragua,NI,1992,1792800000.0,411.473330661786,8725550609.74835,,
NIC,Nicaragua,NI,1993,1756454248.36601,394.378074021071,8897275983.33573,,
NIC,Nicaragua,NI,1994,3863185119.04762,849.179331364895,9390558011.84851,,
NIC,Nicaragua,NI,1995,4140470000.0,891.779352309996,10154249904.8748,,
NIC,Nicaragua,NI,1996,4308351902.78601,910.861645917295,10996157197.5783,,
NIC,Nicaragua,NI,1997,4389973489.86032,912.757429788533,11629481060.0421,,
NIC,Nicaragua,NI,1998,4635347385.5446,949.155373494771,12196681250.393,,
NIC,Nicaragua,NI,1999,4856026259.07657,980.219744675246,13239574881.5861,,
NIC,Nicaragua,NI,2000,5109587049.97449,1017.3124434882,14094810965.4006,,
NIC,Nicaragua,NI,2001,5351752034.2221,1051.874235891,14838904567.7684,,
NIC,Nicaragua,NI,2002,5223727302.54906,1014.3339042591,15183115173.2543,,
NIC,Nicaragua,NI,2003,5322228350.58068,1021.35216668794,15873159638.9287,,
NIC,Nicaragua,NI,2004,5792932838.40051,1098.62118662335,17165886758.5998,,
NIC,Nicaragua,NI,2005,6321324279.14826,1183.30214010175,18462276078.5289,,
NIC,Nicaragua,NI,2006,6763672380.61154,1248.17371577788,19821995460.495,,
NIC,Nicaragua,NI,2007,7423375014.75729,1350.38145753377,21392520308.3933,,
NIC,Nicaragua,NI,2008,8496967596.77008,1523.68437086409,22553839570.4359,,
NIC,Nicaragua,NI,2009,8298702489.0801,1467.08288052845,21945744533.6479,,
NIC,Nicaragua,NI,2010,8758602232.98358,1526.56706951408,23192039228.4545,,
NIC,Nicaragua,NI,2011,9774329332.71276,1679.71192084633,25165708471.7559,,
NIC,Nicaragua,NI,2012,10532017231.8253,1784.69836017555,26602665591.8129,,
NIC,Nicaragua,NI,2013,10982988249.2103,1835.43996363715,28187335291.8785,,
NIC,Nicaragua,NI,2014,11880438824.4494,1958.37047579547,30743442934.0975,,
NIC,Nicaragua,NI,2015,12756696261.0676,2074.45620634731,33507510695.4469,,
NIC,Nicaragua,NI,2016,13286093388.4752,2131.68704828322,36662825386.1517,,
NIC,Nicaragua,NI,2017,13785893007.4769,2182.61380995674,39320729869.7902,,
NIC,Nicaragua,NI,2018,13025221974.232,2035.16549390507,37985543205.7636,,
NIC,Nicaragua,NI,2019,12699023614.245,1958.62051528095,38779457707.5101,,
NIC,Nicaragua,NI,2020,12726422432.4868,1938.44704754382,41191106018.3216,,
NIC,Nicaragua,NI,2021,14209020361.8508,2138.38588469449,47305035692.4433,,
NIC,Nicaragua,NI,2022,15634572502.2294,2322.89053964583,52476847102.5256,,
NIC,Nicaragua,NI,2023,17805842283.8725,2609.44492072931,56772319876.1377,,
NIC,Nicaragua,NI,2024,19693982967.5926,2847.53966339498,60231278859.8267,,
NLD,Netherlands,NL,1960,13282979014.563,1156.38597727767,,,
NLD,Netherlands,NL,1961,14599836396.388,1254.42028262131,,,
NLD,Netherlands,NL,1962,15847582341.1664,1342.36827187015,,,
NLD,Netherlands,NL,1963,17193744109.0367,1436.88726083934,,,
NLD,Netherlands,NL,1964,20232048552.8327,1668.33086114697,,,
NLD,Netherlands,NL,1965,22721869808.1438,1848.09801532427,,,
NLD,Netherlands,NL,1966,24741480717.0389,1986.2702443166,,,
NLD,Netherlands,NL,1967,27143828098.7481,2154.57969743046,,,
NLD,Netherlands,NL,1968,30097635750.982,2364.3594192663,,,
NLD,Netherlands,NL,1969,34086038090.3986,2646.84581766825,,,
NLD,Netherlands,NL,1970,38220884519.3888,2931.38078026525,,,
NLD,Netherlands,NL,1971,44644730576.4411,3383.58715579996,,,
NLD,Netherlands,NL,1972,54787070173.0294,4110.49164551948,,,
NLD,Netherlands,NL,1973,71946639602.7117,5353.44265154981,,,
NLD,Netherlands,NL,1974,87371810804.1643,6450.45770236493,,,
NLD,Netherlands,NL,1975,100397061693.97,7346.3047476862,,,
NLD,Netherlands,NL,1976,109329386564.427,7937.35246713998,,,
NLD,Netherlands,NL,1977,127203923857.412,9180.29918461772,,,
NLD,Netherlands,NL,1978,156089077205.133,11195.8424872959,,,
NLD,Netherlands,NL,1979,179933827309.678,12817.3790153401,,,
NLD,Netherlands,NL,1980,195439301706.939,13812.1600098191,,,
NLD,Netherlands,NL,1981,164375775854.456,11537.4026865092,,,
NLD,Netherlands,NL,1982,158712765536.024,11088.9543150885,,,
NLD,Netherlands,NL,1983,153671294108.563,10696.0774958682,,,
NLD,Netherlands,NL,1984,144124462912.088,9991.84377655651,,,
NLD,Netherlands,NL,1985,144057523221.868,9940.73843593795,,,
NLD,Netherlands,NL,1986,201157708220.903,13804.1360603265,,,
NLD,Netherlands,NL,1987,245406949521.323,16734.1514052316,,,
NLD,Netherlands,NL,1988,262295966105.474,17770.6162376388,,,
NLD,Netherlands,NL,1989,258716904291.801,17423.2961585523,,,
NLD,Netherlands,NL,1990,318799003993.707,21322.1944802703,286922888490.239,54.7226413816017,
NLD,Netherlands,NL,1991,327982316124.47,21764.2144987258,303860770800.732,55.2083107865966,0.3907372011541712
NLD,Netherlands,NL,1992,363497050125.313,23939.2173482108,316087835761.532,56.0063065334887,1.8408159108057982
NLD,Netherlands,NL,1993,354070495965.828,23156.4404444568,327649390290.768,56.4483118602544,-0.3212763781928217
NLD,Netherlands,NL,1994,379688232231.505,24682.5866742863,344555199678.282,54.214654102661,0.3537153334578035
NLD,Netherlands,NL,1995,452967334614.329,29301.1940492376,362741886910.244,,
NLD,Netherlands,NL,1996,451372549019.608,29063.6236532536,381350597371.961,,
NLD,Netherlands,NL,1997,417506211881.635,26744.9601318097,406743630257.871,,
NLD,Netherlands,NL,1998,438612530548.767,27924.281808994,435827725972.237,,
NLD,Netherlands,NL,1999,447778514140.155,28318.7466538357,463551337938.583,,
NLD,Netherlands,NL,2000,417649282153.726,26225.1697734149,507830424836.344,,
NLD,Netherlands,NL,2001,432536219668.898,26955.7128032278,533743802621.08,,
NLD,Netherlands,NL,2002,475529972122.746,29446.5330872868,558243595308.055,,
NLD,Netherlands,NL,2003,582435617081.96,35896.7504630706,556377856442.041,,
NLD,Netherlands,NL,2004,661224886143.245,40611.3414353091,585583084646.17,,
NLD,Netherlands,NL,2005,688133699635.797,42165.396168388,616539911875.417,,
NLD,Netherlands,NL,2006,737593995289.411,45123.5432406426,673735349876.881,,
NLD,Netherlands,NL,2007,853499460872.552,52100.7996285947,724153608587.867,,
NLD,Netherlands,NL,2008,957901566041.406,58246.7026905874,768245112205.479,,
NLD,Netherlands,NL,2009,878954223140.234,53172.0261581418,742805312311.034,,
NLD,Netherlands,NL,2010,852464982433.335,51305.7338533973,752782154873.483,,
NLD,Netherlands,NL,2011,913140741332.687,54701.7728030611,784643538480.86,,
NLD,Netherlands,NL,2012,845689017065.625,50473.9442002689,798429903639.945,,
NLD,Netherlands,NL,2013,883951539006.669,52602.2860520766,833870397887.156,,
NLD,Netherlands,NL,2014,901556501756.467,53457.2234864322,839056229120.25,,
NLD,Netherlands,NL,2015,775743675302.734,45793.8135434697,863433778608.75,,
NLD,Netherlands,NL,2016,797163949289.885,46808.5291492503,905370307047.098,,
NLD,Netherlands,NL,2017,848233537845.884,49513.6817346384,959996164418.59,,
NLD,Netherlands,NL,2018,929733599796.862,53955.0770024266,1013551388032.4,,
NLD,Netherlands,NL,2019,928903005576.469,53554.9007491475,1081370572466.31,,
NLD,Netherlands,NL,2020,932560861701.17,53467.9277413737,1091779125681.31,,
NLD,Netherlands,NL,2021,1054472123449.6,60141.9880911492,1202303330254.13,,
NLD,Netherlands,NL,2022,1046540797548.64,59123.318556487,1365670124059.38,,
NLD,Netherlands,NL,2023,1154361305398.06,64572.0059558854,1399872810238.12,,
NLD,Netherlands,NL,2024,1227543925316.41,68218.7261019406,1515446904606.01,,
NOR,Norway,NO,1960,5197398721.41367,1451.2850779894,,,
NOR,Norway,NO,1961,5669689210.3186,1570.63804374719,,,
NOR,Norway,NO,1962,6107076928.63372,1678.26725653992,,,
NOR,Norway,NO,1963,6553269535.51009,1787.31853394909,,,
NOR,Norway,NO,1964,7206522121.80418,1950.69324222931,,,
NOR,Norway,NO,1965,8111945661.21624,2178.77508111808,,,
NOR,Norway,NO,1966,8753940266.90184,2332.51059866098,,,
NOR,Norway,NO,1967,9577383653.18303,2530.66057799458,,,
NOR,Norway,NO,1968,10227087165.2414,2679.71300438189,,,
NOR,Norway,NO,1969,11136187439.8326,2894.23998236681,,,
NOR,Norway,NO,1970,12814123115.2613,3306.21947607769,,,
NOR,Norway,NO,1971,14583114840.0629,3736.34873749991,,,
NOR,Norway,NO,1972,17358610849.701,4413.57569168528,,,
NOR,Norway,NO,1973,22534253702.8686,5689.5888066967,,,
NOR,Norway,NO,1974,27145693810.1341,6811.52733653232,,,
NOR,Norway,NO,1975,32877805200.023,8204.45151152979,,,
NOR,Norway,NO,1976,35942270686.3374,8927.20162734477,,,
NOR,Norway,NO,1977,41508030431.1074,10266.1206718698,,,
NOR,Norway,NO,1978,46522900253.7054,11462.5945916053,,,
NOR,Norway,NO,1979,53132244623.9213,13046.5372210653,,,
NOR,Norway,NO,1980,64439382896.0156,15772.2409073814,,,
NOR,Norway,NO,1981,63596654760.8677,15512.5067043575,,,
NOR,Norway,NO,1982,62647195537.6511,15224.8939100982,,,
NOR,Norway,NO,1983,61627240831.0948,14927.5174766339,,,
NOR,Norway,NO,1984,62057955032.7758,14989.4857665906,,,
NOR,Norway,NO,1985,65416879914.3907,15753.5527652129,,,
NOR,Norway,NO,1986,78693118044.0045,18883.2333523873,,,
NOR,Norway,NO,1987,94229907235.6215,22505.8622623684,,,
NOR,Norway,NO,1988,101900260856.222,24207.281468963,,,
NOR,Norway,NO,1989,102633934390.615,24281.1304051396,,,
NOR,Norway,NO,1990,119791843059.572,28242.981402822,78249037932.3565,19.8470116461584,
NOR,Norway,NO,1991,121872464483.487,28596.9330036444,83390389650.9358,18.5942813892647,-0.21663409197719044
NOR,Norway,NO,1992,130838040067.584,30523.9850558974,88339469852.1446,22.342831631806,1.327845529550887
NOR,Norway,NO,1993,120579213712.804,27963.6979095744,93006413020.6216,31.5607533776556,1.8904848298888581
NOR,Norway,NO,1994,127131319428.701,29315.8092337732,99794625334.4359,30.7520156212036,0.15316771153814943
NOR,Norway,NO,1995,152029612324.788,34875.7043347536,106121285088.967,,
NOR,Norway,NO,1996,163520109150.671,37321.9741993473,117491281218.118,,
NOR,Norway,NO,1997,161356631888.484,36629.0309036621,126002322565.46,,
NOR,Norway,NO,1998,154230295158.447,34803.4634058738,124960335225.466,,
NOR,Norway,NO,1999,162383706021.13,36393.2927471088,136417342193.7,,
NOR,Norway,NO,2000,171457201935.968,38178.2368777076,166105124890.993,,
NOR,Norway,NO,2001,174239354070.977,38601.897639231,170770910037.424,,
NOR,Norway,NO,2002,195914852576.467,43170.557174499,172705270003.633,,
NOR,Norway,NO,2003,229385469337.024,50250.3298214345,176590090417.754,,
NOR,Norway,NO,2004,265268662473.297,57768.6980958462,195950288595.853,,
NOR,Norway,NO,2005,309978579743.888,67047.1704558264,221764770681.486,,
NOR,Norway,NO,2006,346915160681.708,74434.4996835671,253397171103.576,,
NOR,Norway,NO,2007,402643260487.572,85502.2677087731,264566358944.122,,
NOR,Norway,NO,2008,464917553191.489,97503.5407803783,295976050426.666,,
NOR,Norway,NO,2009,387976400617.019,80347.5700665184,268567142941.591,,
NOR,Norway,NO,2010,431052143940.438,88163.2085931423,284650365882.132,,
NOR,Norway,NO,2011,501360549669.404,101221.813476644,309370326298.155,,
NOR,Norway,NO,2012,512777309840.997,102175.919298374,330093387414.194,,
NOR,Norway,NO,2013,526014468085.106,103553.840134417,342254463749.269,,
NOR,Norway,NO,2014,501736471832.848,97666.6951838749,340765243535.079,,
NOR,Norway,NO,2015,388159512245.53,74809.9658049898,315229572404.503,,
NOR,Norway,NO,2016,370956547619.048,70867.3609970749,310303329051.275,,
NOR,Norway,NO,2017,401745275035.261,76131.8384032764,340837019722.395,,
NOR,Norway,NO,2018,439788625883.8,82792.8427113304,373182530590.832,,
NOR,Norway,NO,2019,408742840909.091,76430.5889473338,379377632591.483,,
NOR,Norway,NO,2020,367633418886.627,68340.0181033702,361019819522.16,,
NOR,Norway,NO,2021,503367986030.268,93072.8925119571,481254696871.483,,
NOR,Norway,NO,2022,596297651035.798,109269.520580298,672046133630.964,,
NOR,Norway,NO,2023,482949731776.587,87497.3289297342,554373266075.445,,
NOR,Norway,NO,2024,483727398216.364,86809.7246897431,562975486235.512,,
NPL,Nepal,NP,1960,508334413.965087,50.2125233749587,,,
NPL,Nepal,NP,1961,531959561.62226,51.5544820747585,,,
NPL,Nepal,NP,1962,574091101.194382,54.565608932967,,,
NPL,Nepal,NP,1963,496947904.443033,46.3146629740628,,,
NPL,Nepal,NP,1964,496098775.308642,45.320757315163,,,
NPL,Nepal,NP,1965,735267082.294264,65.8050690424137,,,
NPL,Nepal,NP,1966,906811943.824649,79.484178651631,,,
NPL,Nepal,NP,1967,841974025.462659,72.255603368576,,,
NPL,Nepal,NP,1968,772231386.914829,64.8592419247839,,,
NPL,Nepal,NP,1969,788641965.432099,64.8179199463286,,,
NPL,Nepal,NP,1970,865975308.641975,69.6334897297304,,,
NPL,Nepal,NP,1971,882765471.604938,69.4540704096493,,,
NPL,Nepal,NP,1972,1024098400.35619,78.842912842237,,,
NPL,Nepal,NP,1973,972101724.995368,73.2266835267801,,,
NPL,Nepal,NP,1974,1217953546.97604,89.7637455591626,,,
NPL,Nepal,NP,1975,1575789254.46938,113.605645172746,,,
NPL,Nepal,NP,1976,1452788984.86265,102.470373251774,,,
NPL,Nepal,NP,1977,1382400000.0,95.3433557426543,,,
NPL,Nepal,NP,1978,1604162497.45945,108.099425052837,,,
NPL,Nepal,NP,1979,1851250008.33333,121.86820974915,,,
NPL,Nepal,NP,1980,1945916583.33333,125.114347478097,,,
NPL,Nepal,NP,1981,2275583316.66667,142.916898807843,,,
NPL,Nepal,NP,1982,2395423741.79762,146.976662933749,,,
NPL,Nepal,NP,1983,2447174803.37791,146.632953086254,,,
NPL,Nepal,NP,1984,2581207387.79709,151.078187115939,,,
NPL,Nepal,NP,1985,2619913955.51556,149.900453418882,,,
NPL,Nepal,NP,1986,2850782044.04306,159.545682806044,,,
NPL,Nepal,NP,1987,2957255379.54315,162.036906898913,,,
NPL,Nepal,NP,1988,3487009748.35638,187.084777621975,,,
NPL,Nepal,NP,1989,3525225786.58691,184.975416457251,,,
NPL,Nepal,NP,1990,3627560239.48997,185.794600449903,16196689760.7869,52.6205809545912,
NPL,Nepal,NP,1991,3921476084.89072,195.716621410462,17810741815.1996,64.911430440788,0.39443768053084705
NPL,Nepal,NP,1992,3401211581.29176,165.02959412726,18964671279.5439,61.6569229882709,-0.38858858327667595
NPL,Nepal,NP,1993,3660041666.66667,172.805202579767,20161613006.2995,63.6815382338544,0.1952379324443432
NPL,Nepal,NP,1994,4066775510.20408,187.258176246151,22283951222.7729,66.5412100044161,0.17683835517194907
NPL,Nepal,NP,1995,4401104417.67068,197.843001330326,23540289866.6029,66.1836432074826,0.16454927446682097
NPL,Nepal,NP,1996,4521580381.47139,198.821907435345,25248513850.6315,65.1978803839092,0.02058472654808195
NPL,Nepal,NP,1997,4918691916.53516,211.834869589153,26980592501.5678,59.8824296913156,-0.0014677970431979052
NPL,Nepal,NP,1998,4856255044.39064,205.075246306069,28106804322.7246,66.3514434343267,0.24574692340702015
NPL,Nepal,NP,1999,5033642384.10596,208.646667913743,29762327038.6597,64.0681097896128,0.0016696903240231565
NPL,Nepal,NP,2000,5494252207.90502,223.830289183078,32323564942.8643,64.5733198414706,0.12605682647131716
NPL,Nepal,NP,2001,6007055042.17687,240.795114544664,34637822535.3062,58.9891415877141,-0.001862734312729431
NPL,Nepal,NP,2002,6050875806.66403,238.89140296106,35218354121.3929,63.9354609821022,0.5600817322538422
NPL,Nepal,NP,2003,6330473096.54071,246.429706587633,37330483316.2443,62.5881953798115,0.044255592845369
NPL,Nepal,NP,2004,7273938314.71988,279.587750044428,40129377424.6574,59.4156672858263,0.12852580468821617
NPL,Nepal,NP,2005,8130258377.90964,309.024168339372,42827565904.6174,51.7646230480547,-0.04197682494518384
NPL,Nepal,NP,2006,9043715355.8881,340.431796437968,45633718278.3067,49.6869680346867,0.10154486211870628
NPL,Nepal,NP,2007,10325618017.379,385.449767660642,48469053797.0175,42.9786611378803,-0.019657490120350906
NPL,Nepal,NP,2008,12545438605.3959,464.817391891529,52418781246.8825,43.799987249558,0.2676357153502905
NPL,Nepal,NP,2009,12854985464.0764,473.078751198621,55132930648.4909,,
NPL,Nepal,NP,2010,16002656434.4746,585.278491984574,58490655453.6571,33.8625212320188,
NPL,Nepal,NP,2011,21573872420.7008,785.518656222132,61740111909.6309,,
NPL,Nepal,NP,2012,21703100877.1309,788.202937148377,67896548716.8693,,
NPL,Nepal,NP,2013,22162204924.5726,803.269595420477,73334815489.017,,
NPL,Nepal,NP,2014,22731612922.1906,821.455224911731,80283011240.3674,,
NPL,Nepal,NP,2015,24360801286.7638,875.543635474862,82282973616.2707,,
NPL,Nepal,NP,2016,24524109483.5293,877.256454696737,83198953169.4628,,
NPL,Nepal,NP,2017,28971588940.364,1034.28374906846,100972413071.514,,
NPL,Nepal,NP,2018,33111525237.149,1179.19843190389,111086748720.566,,
NPL,Nepal,NP,2019,34186180699.0255,1203.14294706401,121063056101.567,31.7771473472895,
NPL,Nepal,NP,2020,33433659301.2466,1154.21517578318,122690085757.445,39.0485631284493,1.3472222447445779
NPL,Nepal,NP,2021,36924841394.2605,1252.75076731986,134000165871.651,39.9222686422289,0.1490591403166224
NPL,Nepal,NP,2022,41182939600.6209,1385.91066274851,151637641435.803,,
NPL,Nepal,NP,2023,41047772331.0994,1382.33055769304,160208624971.652,,
NPL,Nepal,NP,2024,42914268286.7109,1447.31004458428,170096869228.542,,
NRU,Nauru,NR,1960,,,,,
NRU,Nauru,NR,1961,,,,,
NRU,Nauru,NR,1962,,,,,
NRU,Nauru,NR,1963,,,,,
NRU,Nauru,NR,1964,,,,,
NRU,Nauru,NR,1965,,,,,
NRU,Nauru,NR,1966,,,,,
NRU,Nauru,NR,1967,,,,,
NRU,Nauru,NR,1968,,,,,
NRU,Nauru,NR,1969,,,,,
NRU,Nauru,NR,1970,17570366.2224213,2618.53445937725,,,
NRU,Nauru,NR,1971,19009433.3072013,2811.2146269153,,,
NRU,Nauru,NR,1972,21734268.6915888,3190.58553898837,,,
NRU,Nauru,NR,1973,26529816.7841127,3863.94069095729,,,
NRU,Nauru,NR,1974,35994511.422255,5199.26497504766,,,
NRU,Nauru,NR,1975,40106775.9115117,5740.19978696317,,,
NRU,Nauru,NR,1976,40287427.2028236,5703.20317140765,,,
NRU,Nauru,NR,1977,40444701.7664602,5646.3355809661,,,
NRU,Nauru,NR,1978,41754147.3043086,5721.31368927221,,,
NRU,Nauru,NR,1979,44431330.2283313,5949.5621623368,,,
NRU,Nauru,NR,1980,46947124.2339833,6137.68129611495,,,
NRU,Nauru,NR,1981,51689636.5958435,6593.90695188717,,,
NRU,Nauru,NR,1982,52877742.469381,6576.83364047027,,,
NRU,Nauru,NR,1983,48439093.1211979,5895.70266811075,,,
NRU,Nauru,NR,1984,47363231.2986778,5653.96100020028,,,
NRU,Nauru,NR,1985,41548740.5077855,4858.93351745825,,,
NRU,Nauru,NR,1986,39939390.7386682,4568.67887653491,,,
NRU,Nauru,NR,1987,40118409.8729486,4484.50814586951,,,
NRU,Nauru,NR,1988,45931133.5855646,5011.58031484611,,,
NRU,Nauru,NR,1989,53736786.0923378,5722.7674219742,,,
NRU,Nauru,NR,1990,55572375.5290496,5775.55347423089,158212830.674207,,
NRU,Nauru,NR,1991,52533788.5566282,5333.37954889626,132496448.418009,,
NRU,Nauru,NR,1992,51133123.1254326,5102.59685913907,113480569.580171,,
NRU,Nauru,NR,1993,43542088.2518269,4310.24433298623,97446806.5257963,,
NRU,Nauru,NR,1994,39742511.2417848,3920.53972987914,95679627.4584686,,
NRU,Nauru,NR,1995,39969705.969706,3932.0910939209,89945610.7645888,,
NRU,Nauru,NR,1996,37458801.2139605,3678.56242894634,80729913.0675198,,
NRU,Nauru,NR,1997,37331507.2781343,3661.02846701327,74769167.5174101,,
NRU,Nauru,NR,1998,29664450.9258631,2908.84986525428,66696646.4421127,,
NRU,Nauru,NR,1999,27328612.6080962,2682.69486680046,63197701.3599153,,
NRU,Nauru,NR,2000,26930980.3429002,2648.60152860938,60198146.0455397,,
NRU,Nauru,NR,2001,22613287.5389074,2232.30874026726,57391926.5714508,,
NRU,Nauru,NR,2002,21017423.6082043,2084.64824520971,52472093.3895141,,
NRU,Nauru,NR,2003,24778159.5806639,2463.28259078079,53660372.0035253,,
NRU,Nauru,NR,2004,30587565.7988334,3040.51349889,52725732.6175929,,
NRU,Nauru,NR,2005,30282840.1864799,3013.51778151855,54185525.9736687,,
NRU,Nauru,NR,2006,29183626.7145836,2908.47386033322,60508675.0011739,,
NRU,Nauru,NR,2007,23068623.4557157,2302.25782991175,48360285.5434656,,
NRU,Nauru,NR,2008,37184925.3337199,3715.14889936257,59338214.5794047,,
NRU,Nauru,NR,2009,44024969.9491252,4395.46425210914,56329759.9095909,,
NRU,Nauru,NR,2010,47442299.2604192,4723.91708258679,56923118.2196551,,
NRU,Nauru,NR,2011,65444173.7762725,6480.90451339597,66460427.2561831,,
NRU,Nauru,NR,2012,100794924.670417,9817.36872216004,84811632.0081207,,
NRU,Nauru,NR,2013,94385014.9425842,8974.51886874433,89401383.9086814,,
NRU,Nauru,NR,2014,98752257.0453222,9193.09784447237,105896820.263937,,
NRU,Nauru,NR,2015,84383388.6448573,7703.43149943923,109763217.821009,,
NRU,Nauru,NR,2016,97276023.0784346,8724.30700255019,115641068.728989,,
NRU,Nauru,NR,2017,108862278.516511,9613.41209082575,110636035.38218,,
NRU,Nauru,NR,2018,130937589.753517,11408.6947593898,111790898.03697,,
NRU,Nauru,NR,2019,124871111.377973,10776.8284610316,123279953.744657,,
NRU,Nauru,NR,2020,124530027.301054,10695.6993301601,127393790.142383,,
NRU,Nauru,NR,2021,175513984.500084,14989.6647450751,142810518.117187,,
NRU,Nauru,NR,2022,152190818.868952,12896.4341046481,157507758.531779,,
NRU,Nauru,NR,2023,151455967.735319,12754.1867566585,164230287.418445,,
NRU,Nauru,NR,2024,160350639.549467,13421.8330584638,171162307.259243,,
NZL,New Zealand,NZ,1960,5536098360.49526,2334.1337214332,,,
NZL,New Zealand,NZ,1961,5721994864.23066,2364.75383900097,,,
NZL,New Zealand,NZ,1962,6133158532.21667,2471.05500895111,,,
NZL,New Zealand,NZ,1963,6699741645.07827,2646.23652937762,,,
NZL,New Zealand,NZ,1964,7340766415.01868,2839.31554692453,,,
NZL,New Zealand,NZ,1965,5706251400.19577,2170.99809777651,,,
NZL,New Zealand,NZ,1966,5917437693.37459,2211.38222406465,,,
NZL,New Zealand,NZ,1967,6016017227.09124,2208.44213762022,,,
NZL,New Zealand,NZ,1968,5228045415.27318,1902.42182426883,,,
NZL,New Zealand,NZ,1969,5814357708.51005,2096.92646729301,,,
NZL,New Zealand,NZ,1970,6495605330.94411,2311.02761979013,,,
NZL,New Zealand,NZ,1971,7911136757.06867,2772.9185969396,,,
NZL,New Zealand,NZ,1972,9567331064.65727,3294.64894268304,,,
NZL,New Zealand,NZ,1973,12802281897.8712,4323.19653458655,,,
NZL,New Zealand,NZ,1974,13940981798.1247,4610.57042634013,,,
NZL,New Zealand,NZ,1975,12861983284.3912,4171.76973967475,,,
NZL,New Zealand,NZ,1976,13604832424.0062,4373.84099791231,,,
NZL,New Zealand,NZ,1977,15446825318.4556,4950.58820538927,,,
NZL,New Zealand,NZ,1978,18530518394.6488,5936.98526036423,,,
NZL,New Zealand,NZ,1979,20731243113.2926,6668.1386662247,,,
NZL,New Zealand,NZ,1980,23244547384.6748,7467.16803773805,,,
NZL,New Zealand,NZ,1981,24417617184.2478,7813.88754336067,,,
NZL,New Zealand,NZ,1982,24164603058.9949,7656.47573238963,,,
NZL,New Zealand,NZ,1983,24309279705.5731,7598.31203875006,,,
NZL,New Zealand,NZ,1984,21665975318.8842,6713.76013104154,,,
NZL,New Zealand,NZ,1985,24679795396.4194,7600.56524172937,,,
NZL,New Zealand,NZ,1986,30604668356.5695,9427.55394035348,,,
NZL,New Zealand,NZ,1987,40376354069.9474,12330.9168305483,,,
NZL,New Zealand,NZ,1988,45176811594.2029,13759.1556295922,,,
NZL,New Zealand,NZ,1989,43920222524.7085,13312.3855858113,,,
NZL,New Zealand,NZ,1990,45495129385.0475,13663.0216184298,49518971203.32,,
NZL,New Zealand,NZ,1991,42745329732.163,12230.0734548834,50890228984.9286,,
NZL,New Zealand,NZ,1992,41649829859.6342,11793.1392416214,52754607399.5854,,
NZL,New Zealand,NZ,1993,46775620817.4327,13094.3454502639,57027516155.8296,,
NZL,New Zealand,NZ,1994,55314732279.1379,15280.3127842922,61942364885.6528,,
NZL,New Zealand,NZ,1995,63918703506.9075,17400.4201848172,65700058302.3503,,
NZL,New Zealand,NZ,1996,70140835299.0148,18794.436039393,68824180125.5978,,
NZL,New Zealand,NZ,1997,66075143415.4952,17474.187029724,72326061050.1925,,
NZL,New Zealand,NZ,1998,56227169851.0448,14738.4455703918,73705737298.8592,,
NZL,New Zealand,NZ,1999,58762260625.8758,15322.2238340267,78923926226.423,,
NZL,New Zealand,NZ,2000,52623281956.7031,13641.1027183822,82942977611.2998,,
NZL,New Zealand,NZ,2001,53872425916.6248,13882.8568268586,87392899360.8759,,
NZL,New Zealand,NZ,2002,66627729311.4495,16874.1874918196,92024844754.3231,32.7763842551838,
NZL,New Zealand,NZ,2003,88250885550.2626,21913.7081719961,96601932011.8996,48.2453384728239,4.530999015811887
NZL,New Zealand,NZ,2004,103905210084.034,25420.234882944,102582703525.706,43.8675166117793,0.5022256490145526
NZL,New Zealand,NZ,2005,114720129550.095,27751.0654708859,106147882736.156,44.1698490827743,1.4279991257661662
NZL,New Zealand,NZ,2006,111538810712.665,26654.5932018985,116097800672.812,42.9524894769889,-0.2776919541763302
NZL,New Zealand,NZ,2007,137188946865.584,32479.9817381467,123983315954.119,36.9753526219646,0.35728811970881846
NZL,New Zealand,NZ,2008,133437126590.286,31324.7397977102,127349469279.383,36.0132953366238,-0.7934844661407707
NZL,New Zealand,NZ,2009,121663439315.385,28276.7255416225,132331729217.666,31.8653341616565,-1.8639422897017779
NZL,New Zealand,NZ,2010,146887902524.052,33761.9009639947,136146249560.051,34.7227798053528,3.2075072002542644
NZL,New Zealand,NZ,2011,168484908960.078,38431.7766788499,143527725340.952,48.0816617433301,4.065146584678198
NZL,New Zealand,NZ,2012,176560711239.147,40053.6991536369,145709276809.247,51.5541055220579,4.590288844209488
NZL,New Zealand,NZ,2013,191012364176.878,43000.4646849189,161082560673.426,46.4245970754158,-0.15270484628559847
NZL,New Zealand,NZ,2014,201518402787.38,44618.266973847,168606886786.56,43.8708941737301,-0.03572349229117363
NZL,New Zealand,NZ,2015,178224167087.99,38665.3723018158,173212160480.607,42.9013651890488,-2.594270230958747
NZL,New Zealand,NZ,2016,189100085275.23,40113.7195382428,188511791745.778,41.3592419573932,0.11436622247513858
NZL,New Zealand,NZ,2017,206745969246.073,42950.3841711138,203343352255.376,38.629234026174,0.11152046260119651
NZL,New Zealand,NZ,2018,211985631173.205,43257.0769238879,208409180577.664,36.6067779902994,-0.44677292258000856
NZL,New Zealand,NZ,2019,213006341101.869,42779.2298164101,225047523389.303,32.7640829279005,-0.46948997403411497
NZL,New Zealand,NZ,2020,213029554653.687,41850.92032802,230861725700.254,46.0466265250956,4.867967722046004
NZL,New Zealand,NZ,2021,253977931814.967,49689.498134519,245325429880.081,51.3022296239772,2.226498686235587
NZL,New Zealand,NZ,2022,249509991440.438,48760.0381935936,274518817915.021,53.9594714921364,0.14859292529529802
NZL,New Zealand,NZ,2023,255194972673.122,48654.904227478,282465277069.748,,
NZL,New Zealand,NZ,2024,260235932558.996,48747.0136853042,294116842342.865,,
OMN,Oman,OM,1960,44234656.4535004,83.3853105243323,,,
OMN,Oman,OM,1961,45634487.3539276,84.5311646369716,,,
OMN,Oman,OM,1962,56273202.1971746,102.325889863048,,,
OMN,Oman,OM,1963,59912762.5382854,106.829311959455,,,
OMN,Oman,OM,1964,61872525.7988835,108.059747071369,,,
OMN,Oman,OM,1965,63279974.6880101,108.127276326149,,,
OMN,Oman,OM,1966,67759972.8960108,113.158851470616,,,
OMN,Oman,OM,1967,107151832.489651,174.708442422448,,,
OMN,Oman,OM,1968,188879848.896121,300.382394498902,,,
OMN,Oman,OM,1969,239999808.000154,371.945677290612,,,
OMN,Oman,OM,1970,256319794.944164,386.792712839023,,,
OMN,Oman,OM,1971,301010587.102984,441.935384423256,,,
OMN,Oman,OM,1972,366883548.347591,523.675726630998,,,
OMN,Oman,OM,1973,483066990.612417,669.829529995212,,,
OMN,Oman,OM,1974,1645917776.49102,2203.40591346986,,,
OMN,Oman,OM,1975,2096699189.34569,2691.99653514052,,,
OMN,Oman,OM,1976,2560220034.74233,3142.52717836645,,,
OMN,Oman,OM,1977,2741169947.88651,3204.86972958061,,,
OMN,Oman,OM,1978,2740301389.69311,3043.75121036129,,,
OMN,Oman,OM,1979,3733352634.62652,3933.50510857105,,,
OMN,Oman,OM,1980,5981760277.93862,5974.30434611467,,,
OMN,Oman,OM,1981,7259120150.55009,6865.58482819779,,,
OMN,Oman,OM,1982,7554719455.70353,6759.29870293907,,,
OMN,Oman,OM,1983,7932541690.79328,6714.19125910699,,,
OMN,Oman,OM,1984,8821443150.92488,7070.07295804885,,,
OMN,Oman,OM,1985,10005645420.4606,7548.69588410284,,,
OMN,Oman,OM,1986,7324167369.14305,5181.87980290561,,,
OMN,Oman,OM,1987,7811183094.92848,5203.99994065839,,,
OMN,Oman,OM,1988,8386215864.75943,5279.10411437183,,,
OMN,Oman,OM,1989,9372171651.49545,5591.22723847558,,,
OMN,Oman,OM,1990,13310273081.9246,7545.70305230441,47457422316.0976,,
OMN,Oman,OM,1991,12918335500.6502,6977.3285922345,52042427725.6125,,
OMN,Oman,OM,1992,14183615084.5254,7317.78815838166,57706974728.0083,,
OMN,Oman,OM,1993,14230429128.7386,7038.9301587736,62644685468.6812,,
OMN,Oman,OM,1994,14715214564.3693,7068.38996979073,66462082242.9747,,
OMN,Oman,OM,1995,15722236671.0013,7414.30279204109,71246206190.9117,,
OMN,Oman,OM,1996,17402080624.1873,8068.00076784612,74760402834.4635,,
OMN,Oman,OM,1997,18039791937.5813,8234.64063759005,80638069628.4012,,
OMN,Oman,OM,1998,16044213263.9792,7219.02932432025,81488985693.8675,,
OMN,Oman,OM,1999,17832769830.9493,7915.44169380534,82888074235.0733,,
OMN,Oman,OM,2000,22259557867.3602,9753.84755185404,90014688075.4391,,
OMN,Oman,OM,2001,22205721716.515,9611.96360191054,96287569205.343,,
OMN,Oman,OM,2002,23065539661.8986,9869.13050219438,97017085208.8068,,
OMN,Oman,OM,2003,24733680104.0312,10463.5425832141,96761269994.2831,,
OMN,Oman,OM,2004,28378933680.104,11800.8507411171,101343093383.116,,
OMN,Oman,OM,2005,35506892067.6203,14434.8577924647,107425752824.011,,
OMN,Oman,OM,2006,42577633289.987,16930.8565071853,115909874629.131,,
OMN,Oman,OM,2007,48300390117.0351,18792.653772482,124979650732.338,,
OMN,Oman,OM,2008,69804681404.4213,26576.779241509,138788915177.733,,
OMN,Oman,OM,2009,55454096228.8687,20655.9180249218,147998452501.783,,
OMN,Oman,OM,2010,64993498049.4148,23570.1798147325,153500039111.647,,
OMN,Oman,OM,2011,77497529258.7776,25188.0074151885,161201808676.585,,
OMN,Oman,OM,2012,87408842652.7958,24642.2978768596,177317851461.746,,
OMN,Oman,OM,2013,89936020806.2419,23458.0233840053,180245565668.084,,
OMN,Oman,OM,2014,92699089726.9181,23160.6502252547,177051225729.964,,
OMN,Oman,OM,2015,78710793237.9714,18808.3077921839,150899641148.99,,
OMN,Oman,OM,2016,75128738621.5865,17110.1897460545,146364894955.712,,
OMN,Oman,OM,2017,80856697009.1027,17820.0661809335,152544979822.972,,
OMN,Oman,OM,2018,91505851755.5267,19901.7615642016,173709314188.187,,
OMN,Oman,OM,2019,88060858257.4772,19180.1864152801,171026532860.206,,
OMN,Oman,OM,2020,75909492847.8544,16784.8630630058,159026046195.661,,
OMN,Oman,OM,2021,87323797139.1417,19403.4600160211,174253981507.44,,
OMN,Oman,OM,2022,109852795838.752,23223.5829405935,201584895347.812,,
OMN,Oman,OM,2023,105895708712.614,20972.4830886637,211317905980.11,,
OMN,Oman,OM,2024,106942782834.85,20248.4168124608,220050947267.551,,
PAK,Pakistan,PK,1960,3749265014.69971,82.0241000071912,,,
PAK,Pakistan,PK,1961,4118647627.04746,87.7778246966181,,,
PAK,Pakistan,PK,1962,4310163796.72407,89.5039525753413,,,
PAK,Pakistan,PK,1963,4630827383.45233,93.6508728613463,,,
PAK,Pakistan,PK,1964,5204955900.88198,102.45976384531,,,
PAK,Pakistan,PK,1965,5929231415.37169,113.567206414596,,,
PAK,Pakistan,PK,1966,6561108777.82444,122.229353754713,,,
PAK,Pakistan,PK,1967,7464510709.7858,135.190474942968,,,
PAK,Pakistan,PK,1968,8041999160.0168,141.558306459346,,,
PAK,Pakistan,PK,1969,8683116337.67325,148.528512990071,,,
PAK,Pakistan,PK,1970,10027509449.811,166.662061958389,,,
PAK,Pakistan,PK,1971,10665896682.0664,172.453662202274,,,
PAK,Pakistan,PK,1972,9415016359.56604,148.073976270617,,,
PAK,Pakistan,PK,1973,6383429490.21091,97.5136425928243,,,
PAK,Pakistan,PK,1974,8899191919.19192,132.005156607293,,,
PAK,Pakistan,PK,1975,11230606060.6061,161.681774899518,,,
PAK,Pakistan,PK,1976,13168080808.0808,183.859733422347,,,
PAK,Pakistan,PK,1977,15126060606.0606,204.677762649367,,,
PAK,Pakistan,PK,1978,17811515151.5152,233.41799161409,,,
PAK,Pakistan,PK,1979,19688383838.3838,249.229389957057,,,
PAK,Pakistan,PK,1980,23654444444.4444,287.448707270022,,,
PAK,Pakistan,PK,1981,28100606060.6061,327.505069961745,,,
PAK,Pakistan,PK,1982,30725971563.981,344.889792466995,,,
PAK,Pakistan,PK,1983,28691889763.7795,311.098361356703,,,
PAK,Pakistan,PK,1984,31151825467.4978,327.345625152291,,,
PAK,Pakistan,PK,1985,31144920844.3272,317.063499386432,,,
PAK,Pakistan,PK,1986,31899070055.7967,313.946324043906,,,
PAK,Pakistan,PK,1987,33351529274.6869,317.23867416111,,,
PAK,Pakistan,PK,1988,38472742808.3167,353.85454278549,,,
PAK,Pakistan,PK,1989,40171106279.0078,357.595796105007,,,
PAK,Pakistan,PK,1990,40010423970.4576,344.45547384189,220145327067.753,78.7725350870327,
PAK,Pakistan,PK,1991,45625336680.2047,380.019843346229,239109860214.527,76.0908289241623,0.16870816666281174
PAK,Pakistan,PK,1992,48884671947.4657,395.67720859593,263404278881.496,74.5285767943305,0.07064805365972666
PAK,Pakistan,PK,1993,51809999353.1614,407.888140688466,274387544188.848,78.910190522119,0.40519087917195323
PAK,Pakistan,PK,1994,52293470813.1336,399.955927561352,290720230121.978,,
PAK,Pakistan,PK,1995,60636071684.1918,450.550279346206,311545532171.599,,
PAK,Pakistan,PK,1996,63320170084.4076,456.996961832943,332624937574.984,,
PAK,Pakistan,PK,1997,62433340468.0228,438.030942680153,341793200800.516,,
PAK,Pakistan,PK,1998,62191955814.3478,424.453697798497,354448986568.599,79.0846919843326,
PAK,Pakistan,PK,1999,62973857068.5113,418.249257055367,372621675890.999,,
PAK,Pakistan,PK,2000,99484802344.5277,642.338346499898,397295872793.651,55.0324216144747,
PAK,Pakistan,PK,2001,97145618479.9038,609.939506905073,421075052526.708,,
PAK,Pakistan,PK,2002,97923302809.3537,599.937345723927,438714453464.953,,
PAK,Pakistan,PK,2003,112371913740.823,672.44178669894,471540229068.59,,
PAK,Pakistan,PK,2004,132216048339.413,771.902247348954,522140892728.21,,
PAK,Pakistan,PK,2005,145208562960.767,827.619861189926,577697637564.775,,
PAK,Pakistan,PK,2006,161871385506.36,900.873564984808,631551171914.0,,
PAK,Pakistan,PK,2007,184140869997.46,998.090114197524,677493326139.475,,
PAK,Pakistan,PK,2008,202203748583.854,1067.04324565284,705189290476.96,,
PAK,Pakistan,PK,2009,187337783856.466,963.788066395225,734177854517.791,,
PAK,Pakistan,PK,2010,196709621849.586,987.304571124485,754259486425.175,,
PAK,Pakistan,PK,2011,230586581059.665,1131.73513834324,790452779286.801,,
PAK,Pakistan,PK,2012,250106966104.704,1204.36475491585,840345473962.346,,
PAK,Pakistan,PK,2013,258657231672.412,1225.4340119198,881009821208.77,,
PAK,Pakistan,PK,2014,271390474857.632,1266.61340849959,924121429937.152,,
PAK,Pakistan,PK,2015,299963590534.773,1380.47020838317,973520332591.722,,
PAK,Pakistan,PK,2016,313630000130.435,1424.69161195897,1019403996557.85,,
PAK,Pakistan,PK,2017,339205534861.1,1519.23459514248,1069378806760.21,,
PAK,Pakistan,PK,2018,356128166704.921,1569.33814626355,1129963710339.0,,
PAK,Pakistan,PK,2019,320909472770.669,1390.41690981745,1162667379542.97,,
PAK,Pakistan,PK,2020,300425609817.981,1278.39735206896,1186293820824.83,,
PAK,Pakistan,PK,2021,348516647445.148,1455.31922370186,1285342890384.16,,
PAK,Pakistan,PK,2022,374890295666.694,1538.3228133171,1442774797327.02,,
PAK,Pakistan,PK,2023,337885531778.052,1365.16927410976,1494096011172.99,,
PAK,Pakistan,PK,2024,373071855731.539,1484.74985864775,1579724190316.89,,
PAN,Panama,PA,1960,537147100.0,477.037935000289,,,
PAN,Panama,PA,1961,599026300.0,516.459861881073,,,
PAN,Panama,PA,1962,652120900.0,545.570446272529,,,
PAN,Panama,PA,1963,722784500.0,586.61668793076,,,
PAN,Panama,PA,1964,776137500.0,611.100612960754,,,
PAN,Panama,PA,1965,852485300.0,651.331374848625,,,
PAN,Panama,PA,1966,928833000.0,688.846978762789,,,
PAN,Panama,PA,1967,1034376400.0,744.890928311974,,,
PAN,Panama,PA,1968,1112791100.0,778.476641666323,,,
PAN,Panama,PA,1969,1221305700.0,830.319752856442,,,
PAN,Panama,PA,1970,1351006400.0,892.890877487492,,,
PAN,Panama,PA,1971,1523917200.0,979.3302533737,,,
PAN,Panama,PA,1972,1673411700.0,1046.06341222824,,,
PAN,Panama,PA,1973,1913793400.0,1164.32745834068,,,
PAN,Panama,PA,1974,2188307600.0,1296.44759308169,,,
PAN,Panama,PA,1975,2435304100.0,1405.74899748267,,,
PAN,Panama,PA,1976,2588106000.0,1456.50009707727,,,
PAN,Panama,PA,1977,2738261900.0,1503.26503409472,,,
PAN,Panama,PA,1978,3244558600.0,1738.48763684081,,,
PAN,Panama,PA,1979,3704551600.0,1937.98107506361,,,
PAN,Panama,PA,1980,4614086400.0,2357.09131999751,,,
PAN,Panama,PA,1981,5222421500.0,2605.45529924397,,,
PAN,Panama,PA,1982,5769767900.0,2811.40643706411,,,
PAN,Panama,PA,1983,5923755900.0,2819.35128451397,,,
PAN,Panama,PA,1984,6183387100.0,2874.94832112227,,,
PAN,Panama,PA,1985,6541517100.0,2972.18070666064,,,
PAN,Panama,PA,1986,6797834200.0,3019.48150533575,,,
PAN,Panama,PA,1987,6827665300.0,2966.00967866653,,,
PAN,Panama,PA,1988,5902783400.0,2508.78229277879,,,
PAN,Panama,PA,1989,5918469800.0,2462.11022455924,,,
PAN,Panama,PA,1990,6433967000.0,2620.13827266274,12613166082.2664,,
PAN,Panama,PA,1991,7074675500.0,2820.54547665418,14267931500.2197,,
PAN,Panama,PA,1992,8042337700.0,3139.89952899581,15789954369.4782,,
PAN,Panama,PA,1993,8782585400.0,3358.41411740053,17046106512.8053,,
PAN,Panama,PA,1994,9365289800.0,3508.19570069218,17906287449.4855,,
PAN,Panama,PA,1995,9573813700.0,3513.89737854631,18601963643.568,,
PAN,Panama,PA,1996,9197503300.0,3308.18429574276,17850482404.6782,,
PAN,Panama,PA,1997,10058854400.0,3545.97670881078,19558135655.6139,,
PAN,Panama,PA,1998,11019557700.0,3807.83869182014,21436812258.9939,,
PAN,Panama,PA,1999,11660704800.0,3950.34145012809,22873184550.1581,,
PAN,Panama,PA,2000,11966497000.0,3975.09308659503,24375848208.5943,,
PAN,Panama,PA,2001,12252906300.0,3991.7767076924,25161478641.3009,,
PAN,Panama,PA,2002,12800851300.0,4090.58617397129,26193558633.6771,,
PAN,Panama,PA,2003,13603456000.0,4264.66428846636,28072109076.6635,,
PAN,Panama,PA,2004,15100203400.0,4644.56582353041,31183787671.0616,,
PAN,Panama,PA,2005,16623906700.0,5017.7410922824,34823289276.603,,
PAN,Panama,PA,2006,18659721500.0,5528.76705469354,39435653647.307,,
PAN,Panama,PA,2007,21717433800.0,6317.81730274124,45831593911.4288,,
PAN,Panama,PA,2008,25721328000.0,7347.59050324397,51478329159.7242,,
PAN,Panama,PA,2009,27791215500.0,7796.92617035048,52630716055.5447,,
PAN,Panama,PA,2010,30231009500.0,8331.46421351868,56505646923.7502,,
PAN,Panama,PA,2011,35687738300.0,9662.29592216607,64539438913.9416,,
PAN,Panama,PA,2012,41595439700.0,11064.8063606203,73204937473.2873,,
PAN,Panama,PA,2013,46949496500.0,12273.3225037637,83865270123.4766,,
PAN,Panama,PA,2014,51427104900.0,13213.1989637473,94874168724.4033,,
PAN,Panama,PA,2015,55767806100.0,14082.6548502728,107892257844.093,,
PAN,Panama,PA,2016,59760858700.0,14832.3611608191,121987463715.67,,
PAN,Panama,PA,2017,64327688800.0,15694.6297454295,137443278041.997,,
PAN,Panama,PA,2018,67316471200.0,16151.3273478476,135303491321.191,,
PAN,Panama,PA,2019,69778991200.0,16477.9066285687,140760298314.01,,
PAN,Panama,PA,2020,57059846500.0,13290.5608347594,115991046900.546,,
PAN,Panama,PA,2021,67396392500.0,15509.8069109784,134415382039.559,,
PAN,Panama,PA,2022,76276116700.0,17332.4360742988,159506658380.049,,
PAN,Panama,PA,2023,83318176900.0,18686.4050961265,177473406612.851,,
PAN,Panama,PA,2024,86260400000.0,19102.8521936399,186966392940.242,,
PER,Peru,PE,1960,2571986572.12719,252.796782675034,,,
PER,Peru,PE,1961,2897852693.27494,276.641400132003,,,
PER,Peru,PE,1962,3284322201.27831,304.537817519843,,,
PER,Peru,PE,1963,3598272493.3109,324.107404672837,,,
PER,Peru,PE,1964,4353664866.67985,380.965457465866,,,
PER,Peru,PE,1965,5163008077.37371,438.990796969303,,,
PER,Peru,PE,1966,6109048736.61853,504.825948542419,,,
PER,Peru,PE,1967,6194340079.8786,497.58475625699,,,
PER,Peru,PE,1968,5736083835.29034,447.99179719095,,,
PER,Peru,PE,1969,6420909789.83,487.660318575547,,,
PER,Peru,PE,1970,7432223176.93623,550.484609442545,,,
PER,Peru,PE,1971,8289582883.67673,599.041967615617,,,
PER,Peru,PE,1972,9189413409.28138,646.679686654992,,,
PER,Peru,PE,1973,10994381895.1161,753.924581161999,,,
PER,Peru,PE,1974,13858441211.4692,926.57995047717,,,
PER,Peru,PE,1975,16931162355.4802,1104.16133001287,,,
PER,Peru,PE,1976,16131958850.6444,1026.41438542928,,,
PER,Peru,PE,1977,14544913960.5062,902.860901025509,,,
PER,Peru,PE,1978,12491876742.9708,756.347306761911,,,
PER,Peru,PE,1979,15954012439.1662,942.176901705359,,,
PER,Peru,PE,1980,18136838537.725,1044.69165468575,,,
PER,Peru,PE,1981,21648214892.8828,1216.27350223135,,,
PER,Peru,PE,1982,21794535621.216,1194.45000618562,,,
PER,Peru,PE,1983,17345260564.4824,927.258656933852,,,
PER,Peru,PE,1984,17600400384.5073,917.896274683145,,,
PER,Peru,PE,1985,15078736875.387,767.43588754407,,,
PER,Peru,PE,1986,21859448586.485,1086.60913755382,,,
PER,Peru,PE,1987,36889706592.6843,1792.30070238361,,,
PER,Peru,PE,1988,15439408447.2,733.299784874657,,,
PER,Peru,PE,1989,22499558526.3682,1044.90725784847,,,
PER,Peru,PE,1990,26410386962.8019,1199.66666756615,74116182040.6435,189.246285557642,
PER,Peru,PE,1991,34341465998.2003,1527.38879472866,78323106649.1794,78.2167512063909,-5.495676642541232
PER,Peru,PE,1992,35966302303.263,1567.40910765128,79674985253.5589,80.142729037233,1.4524951965474573
PER,Peru,PE,1993,34832077220.8537,1487.67404314175,85840388307.6956,70.6160984544118,-0.6856522142189917
PER,Peru,PE,1994,44882079766.8913,1879.36657757919,98464395693.3145,55.4915347082036,0.0244534812269666
PER,Peru,PE,1995,53312793687.3836,2189.53431515311,107979480320.648,,
PER,Peru,PE,1996,55252414130.3019,2226.91682429265,113033978457.775,,
PER,Peru,PE,1997,58147522522.5225,2300.67200774461,122430449958.28,,
PER,Peru,PE,1998,55501467877.381,2156.39377651613,123321655127.494,,
PER,Peru,PE,1999,50187324567.883,1916.53397367908,126936414120.21,,
PER,Peru,PE,2000,51744749133.213,1945.41338451698,133309382894.413,,
PER,Peru,PE,2001,52030158775.4055,1929.57273038846,137153352638.529,,
PER,Peru,PE,2002,54777553515.0809,2007.37019626753,146880640287.754,,
PER,Peru,PE,2003,58731030121.8671,2129.44114197634,156018919945.834,,
PER,Peru,PE,2004,66768703497.5687,2397.25147277714,168158161161.481,,
PER,Peru,PE,2005,76060606060.6061,2706.66947297608,184330906997.207,,
PER,Peru,PE,2006,88643193061.748,3129.55996496982,204321436688.053,32.5394575436311,
PER,Peru,PE,2007,102170981144.136,3581.0893081917,227733468343.031,28.5288183926826,0.012991588832122179
PER,Peru,PE,2008,120550599815.441,4197.58444634142,253305933870.216,26.076322347553,0.0894317107092893
PER,Peru,PE,2009,120822986521.479,4181.18755462253,257661182883.791,26.4008658753596,0.10634331513831802
PER,Peru,PE,2010,147527631520.729,5072.11494019615,282522933755.975,23.6817913396941,0.12223078183895393
PER,Peru,PE,2011,171761737046.585,5861.35793645245,306596257463.361,20.7202165724133,0.02709297840993724
PER,Peru,PE,2012,192650021648.583,6519.37852981527,317877785320.222,19.2166594587652,0.12688837194898167
PER,Peru,PE,2013,201175543571.392,6746.80025696601,336660846713.936,18.3944203835345,-0.0008424299815404181
PER,Peru,PE,2014,200786250582.943,6667.13410360861,346866168556.312,19.56538960172,0.22336747777916263
PER,Peru,PE,2015,189802976285.619,6231.71150338894,353319959252.515,22.865554469277,0.6375928392099033
PER,Peru,PE,2016,191898104390.379,6217.03599995447,372451971818.884,23.7062564342415,0.10936401934068336
PER,Peru,PE,2017,211007984080.911,6736.16693725487,394435327375.369,24.7483395120072,0.3061004750282174
PER,Peru,PE,2018,222597009739.235,6978.49121548627,417164014966.504,25.7290009576063,0.22223080190494007
PER,Peru,PE,2019,228346006003.648,7037.00803692604,440127331383.878,26.5266050304096,0.1437273383297209
PER,Peru,PE,2020,201409694755.934,6133.32552410183,412561044537.264,34.7649150438361,-0.3427181255573199
PER,Peru,PE,2021,226328766459.634,6826.20255614477,506640152835.223,35.2492265648321,0.10373429952043633
PER,Peru,PE,2022,246065570308.155,7350.63034300417,558007303167.352,,
PER,Peru,PE,2023,266958720837.988,7887.54185920108,575755500916.112,,
PER,Peru,PE,2024,289221969059.853,8452.37167047598,609160441707.407,,
PHL,Philippines,PH,1960,7515894110.56487,269.465146474794,,,
PHL,Philippines,PH,1961,8171194424.94498,283.794741192369,,,
PHL,Philippines,PH,1962,4954593071.82796,166.689221357377,,,
PHL,Philippines,PH,1963,5505023238.40669,179.464434045296,,,
PHL,Philippines,PH,1964,5953756194.80988,188.153783582113,,,
PHL,Philippines,PH,1965,6517349771.93386,199.763575376063,,,
PHL,Philippines,PH,1966,7189017887.69231,213.849586020843,,,
PHL,Philippines,PH,1967,7724873935.12821,223.124766332659,,,
PHL,Philippines,PH,1968,8632749269.48718,242.232067627814,,,
PHL,Philippines,PH,1969,9571800652.5641,261.090890369413,,,
PHL,Philippines,PH,1970,7559115516.69532,200.921655645037,,,
PHL,Philippines,PH,1971,8375075629.8327,217.429055093343,,,
PHL,Philippines,PH,1972,9067815521.3262,230.097611314044,,,
PHL,Philippines,PH,1973,11412449735.3056,283.228592733126,,,
PHL,Philippines,PH,1974,15607882555.2916,379.068181207602,,,
PHL,Philippines,PH,1975,16875240683.5083,400.638883090952,,,
PHL,Philippines,PH,1976,19381055197.2794,448.620084504484,,,
PHL,Philippines,PH,1977,22283109803.3521,502.23424288346,,,
PHL,Philippines,PH,1978,25762224562.6316,565.267487053598,,,
PHL,Philippines,PH,1979,31218296292.1295,666.956386771672,,,
PHL,Philippines,PH,1980,36848080898.8112,766.969451146209,,,
PHL,Philippines,PH,1981,40499388869.1271,821.293256858092,,,
PHL,Philippines,PH,1982,42206011275.1757,832.536200258054,,,
PHL,Philippines,PH,1983,37759179894.5298,723.430497138016,,,
PHL,Philippines,PH,1984,35730185633.5233,665.042349344043,,,
PHL,Philippines,PH,1985,34961486348.2382,633.211065310196,,,
PHL,Philippines,PH,1986,33987207294.9432,600.002843935462,,,
PHL,Philippines,PH,1987,37791488666.0743,649.812857590607,,,
PHL,Philippines,PH,1988,43152128958.6116,722.343718454247,,,
PHL,Philippines,PH,1989,48513773720.673,791.864324425833,,,
PHL,Philippines,PH,1990,50508286641.5746,803.572588255813,163922815842.441,45.0076745112999,
PHL,Philippines,PH,1991,51784144942.727,804.323330530547,168726841743.54,43.5879493136021,-0.03350489903048902
PHL,Philippines,PH,1992,60422328242.1803,916.515694532029,173292591054.998,46.269790365795,1.179573689723995
PHL,Philippines,PH,1993,62036529147.1831,918.642953796961,181270865317.341,58.8331979479565,1.0705058638716658
PHL,Philippines,PH,1994,73159336915.2718,1059.9838951587,193238822445.555,49.4185114622984,-0.028728269186251876
PHL,Philippines,PH,1995,84644328727.4825,1199.84171414993,206415565510.749,53.471178145145,0.6910709618731673
PHL,Philippines,PH,1996,94648084429.0341,1311.09249403865,222512680268.272,46.5576634189528,-0.07419859028588588
PHL,Philippines,PH,1997,94106317565.0846,1273.27604875636,238089227863.01,48.6978483259554,0.11310691289679756
PHL,Philippines,PH,1998,74492416329.9142,982.865943728564,239527280450.731,58.2805829140392,-1.6780591681867705
PHL,Philippines,PH,1999,85640171045.1254,1101.43515975318,251045919511.294,52.8348897149163,0.15915729713308277
PHL,Philippines,PH,2000,83669788376.9213,1050.79273107952,267983918581.132,58.598433117411,0.22324331478476278
PHL,Philippines,PH,2001,78921234457.5487,969.530611744453,282373530816.542,59.2614955783056,-0.15700778284806616
PHL,Philippines,PH,2002,84307345887.543,1014.90879320106,297418392710.962,64.715074553291,0.5177620061443753
PHL,Philippines,PH,2003,87039092974.2272,1027.2301192843,318718479265.015,71.1158091036307,0.34455228345831307
PHL,Philippines,PH,2004,95001999685.3314,1099.63013023758,348789467139.567,71.6007252032252,0.20363699233047455
PHL,Philippines,PH,2005,107419977318.166,1220.46018559867,377505058700.762,65.7097431233166,0.08926406482576947
PHL,Philippines,PH,2006,127652926368.069,1426.14649179546,409835358908.747,58.7978739921016,0.13831655151569458
PHL,Philippines,PH,2007,155980408673.403,1712.65543282793,448381089558.257,51.5748916279875,0.13982144974960203
PHL,Philippines,PH,2008,181624626327.361,1959.29233534978,476875271356.607,52.4322709324654,0.5188143153735418
PHL,Philippines,PH,2009,175974755881.372,1864.45043406471,486765839751.036,52.4006931344165,-0.305131536657022
PHL,Philippines,PH,2010,208368893151.144,2162.91375885614,528817160215.178,50.1962414764938,0.2944345339920341
PHL,Philippines,PH,2011,234216730291.32,2383.91892522087,560551170595.17,48.8058481254572,0.30623639388719964
PHL,Philippines,PH,2012,261920540962.63,2614.61644401308,610496454569.407,49.1574552067049,0.28915664866216834
PHL,Philippines,PH,2013,283902828588.718,2781.27957677397,650515526397.366,47.1441818576352,0.12719418455915654
PHL,Philippines,PH,2014,297483555338.044,2866.83803761407,694071312888.333,43.426338941462,-0.10693065486467128
PHL,Philippines,PH,2015,306445871242.322,2909.85818010301,726055887752.637,,
PHL,Philippines,PH,2016,318627003016.731,2985.19564024046,787994332750.166,,
PHL,Philippines,PH,2017,328480736802.76,3038.12124959289,840500711155.115,,
PHL,Philippines,PH,2018,346841896587.313,3168.51036609727,914882799585.1,,
PHL,Philippines,PH,2019,376823402239.136,3400.78949767074,988832200540.151,,
PHL,Philippines,PH,2020,361751145451.597,3227.57910235199,923366701020.759,,
PHL,Philippines,PH,2021,394087359848.11,3484.38593882819,1001824458376.1,,
PHL,Philippines,PH,2022,404353369604.631,3548.06930572116,1154612182082.28,,
PHL,Philippines,PH,2023,437055627244.424,3804.08274131097,1262175096006.69,,
PHL,Philippines,PH,2024,461617509782.355,3984.8315387656,1366276178143.49,,
PLW,Palau,PW,1960,,,,,
PLW,Palau,PW,1961,,,,,
PLW,Palau,PW,1962,,,,,
PLW,Palau,PW,1963,,,,,
PLW,Palau,PW,1964,,,,,
PLW,Palau,PW,1965,,,,,
PLW,Palau,PW,1966,,,,,
PLW,Palau,PW,1967,,,,,
PLW,Palau,PW,1968,,,,,
PLW,Palau,PW,1969,,,,,
PLW,Palau,PW,1970,11563041.0,1017.15701970443,,,
PLW,Palau,PW,1971,12706874.0,1080.60838506676,,,
PLW,Palau,PW,1972,13956474.0,1144.53616532721,,,
PLW,Palau,PW,1973,15331889.0,1221.46980560867,,,
PLW,Palau,PW,1974,16848759.0,1328.03334121542,,,
PLW,Palau,PW,1975,18521112.0,1463.541050968,,,
PLW,Palau,PW,1976,20364420.0,1616.48039371329,,,
PLW,Palau,PW,1977,22308104.0,1781.08614770459,,,
PLW,Palau,PW,1978,24530015.0,1971.86615755627,,,
PLW,Palau,PW,1979,27004251.0,2188.88311583043,,,
PLW,Palau,PW,1980,29728054.0,2422.62684377801,,,
PLW,Palau,PW,1981,32726594.0,2638.81583615546,,,
PLW,Palau,PW,1982,36027583.0,2838.1584213014,,,
PLW,Palau,PW,1983,39661530.0,3049.47947101338,,,
PLW,Palau,PW,1984,44814259.0,3360.14538501912,,,
PLW,Palau,PW,1985,51030637.0,3728.1295295149,,,
PLW,Palau,PW,1986,58109314.0,4143.56203650884,,,
PLW,Palau,PW,1987,66169905.0,4616.29028882378,,,
PLW,Palau,PW,1988,75348615.0,5145.00614544213,,,
PLW,Palau,PW,1989,85800543.0,5741.0868517899,,,
PLW,Palau,PW,1990,97702303.0,6402.929615309,146551230.936362,,
PLW,Palau,PW,1991,106555300.0,6824.34353785065,158939091.743713,,
PLW,Palau,PW,1992,104771300.0,6552.7112389768,152157108.501447,,
PLW,Palau,PW,1993,96455700.0,5891.50378695334,136604727.023946,,
PLW,Palau,PW,1994,106138500.0,6329.06976744186,149706622.034106,,
PLW,Palau,PW,1995,121018500.0,7038.00523407967,169505646.023577,,
PLW,Palau,PW,1996,137494600.0,7788.29726974057,190560295.246628,,
PLW,Palau,PW,1997,143860800.0,7944.59907223327,198304858.723521,,
PLW,Palau,PW,1998,149079600.0,8047.91621679983,204544180.146306,,
PLW,Palau,PW,1999,144206500.0,7629.56986402836,196236974.752336,,
PLW,Palau,PW,2000,149535800.0,7797.25727395975,195456558.429124,,
PLW,Palau,PW,2001,159453500.0,8239.63931376602,212849250.029134,,
PLW,Palau,PW,2002,162665500.0,8340.53735322771,226999666.710014,,
PLW,Palau,PW,2003,154559900.0,7862.04283025586,224020069.095218,,
PLW,Palau,PW,2004,166391600.0,8395.13622603431,239105659.697558,,
PLW,Palau,PW,2005,191048400.0,9639.65891316414,255021640.167649,,
PLW,Palau,PW,2006,193679700.0,9885.14775685194,262560848.800728,,
PLW,Palau,PW,2007,200903600.0,10408.4343591338,274404471.75414,,
PLW,Palau,PW,2008,201167300.0,10582.739754853,264325266.383563,23.2489932508912,
PLW,Palau,PW,2009,189998000.0,10155.4332139612,246645667.063997,23.9380946115222,0.0728224082870057
PLW,Palau,PW,2010,188174300.0,10229.0878451837,247406576.642579,32.3631505471257,20.261580920996092
PLW,Palau,PW,2011,198873900.0,11000.879522071,265435057.820096,25.4950936246536,-0.5655520783811387
PLW,Palau,PW,2012,215762400.0,12145.3644807205,273766846.502673,26.8465812393633,0.8667695827549935
PLW,Palau,PW,2013,225345700.0,12768.9086582049,269972384.713079,22.7856426814446,1.7336745933350892
PLW,Palau,PW,2014,243156500.0,13726.0231442281,287776233.744748,21.7435754339284,0.08562479929415046
PLW,Palau,PW,2015,278824800.0,15690.759707372,314263509.228315,63.8364381504084,4.723811781911138
PLW,Palau,PW,2016,298323500.0,16762.5723436534,315854159.930232,67.9525109486849,15.544888623379508
PLW,Palau,PW,2017,285600000.0,16034.1342914889,311029185.407554,79.8313578431373,-5.239416059334721
PLW,Palau,PW,2018,288546300.0,16197.7265072415,318504519.282284,83.6765049491191,1.7988629304514565
PLW,Palau,PW,2019,281941600.0,15841.1956399595,324408898.468213,85.2025646445931,-0.2073012185458728
PLW,Palau,PW,2020,258990800.0,14556.5872302158,308998425.908997,,
PLW,Palau,PW,2021,235752900.0,13257.2063206433,278538180.29621,,
PLW,Palau,PW,2022,255591100.0,14392.2011374514,294462365.925938,,
PLW,Palau,PW,2023,281849100.0,15899.4246065324,310784315.618683,,
PLW,Palau,PW,2024,,,,,
PNG,Papua New Guinea,PG,1960,230496036.879366,115.530490488928,,,
PNG,Papua New Guinea,PG,1961,244832039.173126,119.656325913849,,,
PNG,Papua New Guinea,PG,1962,261184041.789447,124.734548848091,,,
PNG,Papua New Guinea,PG,1963,275968044.154887,128.874165095194,,,
PNG,Papua New Guinea,PG,1964,305312048.849928,139.518603886501,,,
PNG,Papua New Guinea,PG,1965,344176055.068169,153.93728254876,,,
PNG,Papua New Guinea,PG,1966,390992062.55873,171.054558569102,,,
PNG,Papua New Guinea,PG,1967,441728182.676509,188.972036608059,,,
PNG,Papua New Guinea,PG,1968,485184189.62947,202.937753394767,,,
PNG,Papua New Guinea,PG,1969,551263864.202218,225.288234672395,,,
PNG,Papua New Guinea,PG,1970,645568215.290914,257.647270580834,,,
PNG,Papua New Guinea,PG,1971,717750278.105664,279.669733884528,,,
PNG,Papua New Guinea,PG,1972,858761926.08968,326.720237042343,,,
PNG,Papua New Guinea,PG,1973,1299079410.43638,482.816252421415,,,
PNG,Papua New Guinea,PG,1974,1467417672.17002,533.088651774956,,,
PNG,Papua New Guinea,PG,1975,1356603608.09695,481.950394020557,,,
PNG,Papua New Guinea,PG,1976,1511843235.49111,525.433235600649,,,
PNG,Papua New Guinea,PG,1977,1640746618.68467,558.015016249782,,,
PNG,Papua New Guinea,PG,1978,1947878830.62383,648.490112781654,,,
PNG,Papua New Guinea,PG,1979,2293760510.9609,747.800949082904,,,
PNG,Papua New Guinea,PG,1980,2545808455.52399,812.964617578981,,,
PNG,Papua New Guinea,PG,1981,2498190847.39668,781.41257446286,,,
PNG,Papua New Guinea,PG,1982,2368719683.44848,725.645992789394,,,
PNG,Papua New Guinea,PG,1983,2562351551.04491,768.636364904269,,,
PNG,Papua New Guinea,PG,1984,2552662617.18854,749.637059926778,,,
PNG,Papua New Guinea,PG,1985,2423339171.50015,696.574806636325,,,
PNG,Papua New Guinea,PG,1986,2647995602.28698,744.908522742949,,,
PNG,Papua New Guinea,PG,1987,3143851794.08723,865.468569563314,,,
PNG,Papua New Guinea,PG,1988,3656177880.70625,984.993556016427,,,
PNG,Papua New Guinea,PG,1989,3546472565.69364,934.246494854331,,,
PNG,Papua New Guinea,PG,1990,3219729083.06487,826.317152082832,6636625576.28958,48.9532540146935,
PNG,Papua New Guinea,PG,1991,3787394957.98319,941.707721616563,7516082468.20741,46.6108276015088,0.21510318422036884
PNG,Papua New Guinea,PG,1992,4377980510.05598,1050.7071689258,8751992503.14565,44.8643144683874,0.16086511422522673
PNG,Papua New Guinea,PG,1993,4974550286.18152,1151.28388116601,10590266617.5402,44.3261901337552,0.1310346878464282
PNG,Papua New Guinea,PG,1994,5502786069.65174,1228.24343638772,11459111502.7577,53.5450156411045,0.853361809632858
PNG,Papua New Guinea,PG,1995,4636057476.42568,998.229967376131,11311837624.0928,53.6620013882835,3.1143773660908507
PNG,Papua New Guinea,PG,1996,5155311077.38998,1071.04185150251,12409769800.1452,55.6433690965017,0.3468224648200877
PNG,Papua New Guinea,PG,1997,4936615298.79367,989.721550965343,12130888658.7903,62.4046556302616,-0.7604996347463749
PNG,Papua New Guinea,PG,1998,3789443014.61662,733.479860137662,11804858001.7678,66.3501460864216,1.7371887849923418
PNG,Papua New Guinea,PG,1999,3477038204.01733,649.994719718763,12194053548.6049,63.5373009220453,-0.7838855086554987
PNG,Papua New Guinea,PG,2000,3521339699.07407,635.957919047725,12159159062.2461,57.7415312557776,5.042079200963398
PNG,Papua New Guinea,PG,2001,3081024212.42924,537.847459634131,12417865874.9028,68.2675567269125,0.2708258368134132
PNG,Papua New Guinea,PG,2002,2999511040.19764,506.331789534482,12590800156.7602,69.7344601261207,-0.06734998728842995
PNG,Papua New Guinea,PG,2003,3536411824.2958,577.467922387259,13117239566.7217,,
PNG,Papua New Guinea,PG,2004,3927157866.96465,620.596147680561,13836515284.2341,,
PNG,Papua New Guinea,PG,2005,4865892972.27595,744.486489977433,15175777704.6925,,
PNG,Papua New Guinea,PG,2006,8354911040.70193,1238.18282926706,16490093334.7225,,
PNG,Papua New Guinea,PG,2007,9545028944.34579,1370.753415829,18260499666.8031,,
PNG,Papua New Guinea,PG,2008,11670892800.5309,1624.79319935188,18557148782.821,,
PNG,Papua New Guinea,PG,2009,11619456449.266,1568.83193368607,19941353582.512,,
PNG,Papua New Guinea,PG,2010,14250786674.7766,1866.86889851208,22227994799.0017,,
PNG,Papua New Guinea,PG,2011,17985138065.8549,2288.37591141234,22937846465.9927,,
PNG,Papua New Guinea,PG,2012,21295168665.7247,2635.0873631547,24453122386.7706,,
PNG,Papua New Guinea,PG,2013,21261338064.8783,2560.77458976327,25820522088.4781,,
PNG,Papua New Guinea,PG,2014,23210823987.308,2723.17529825196,29828194889.8498,26.8946120001805,
PNG,Papua New Guinea,PG,2015,21723437010.0982,2484.5963398603,32085428349.0734,29.8753777382805,0.10964652772694762
PNG,Papua New Guinea,PG,2016,20758876952.6232,2316.39479758492,34168434981.4146,33.7401900962348,0.24681903224495344
PNG,Papua New Guinea,PG,2017,22742699138.356,2477.76530986323,36009673547.9047,32.685689411013,0.23327963372200028
PNG,Papua New Guinea,PG,2018,24109780708.0268,2566.36833735041,36731754152.0914,36.6742909998618,1.9505898982462402
PNG,Papua New Guinea,PG,2019,24750626029.8777,2575.77274140393,39010933635.6234,40.1543056202126,0.4810287608256733
PNG,Papua New Guinea,PG,2020,23848447849.6081,2429.61134585269,38277259227.6824,48.6800956056364,-2.2775841389726783
PNG,Papua New Guinea,PG,2021,26109413521.3117,2607.57861874444,39820324163.1154,52.5838575050206,1.373817484355383
PNG,Papua New Guinea,PG,2022,31653185952.609,3102.28968594061,45094122323.6713,48.1888180948174,0.2889680932182815
PNG,Papua New Guinea,PG,2023,30816367066.9594,2966.06830432055,48497108860.9418,52.3812606028215,0.2611545276525951
PNG,Papua New Guinea,PG,2024,32538480023.9998,3076.48786186584,51703809951.007,,
POL,Poland,PL,1960,,,,,
POL,Poland,PL,1961,,,,,
POL,Poland,PL,1962,,,,,
POL,Poland,PL,1963,,,,,
POL,Poland,PL,1964,,,,,
POL,Poland,PL,1965,,,,,
POL,Poland,PL,1966,,,,,
POL,Poland,PL,1967,,,,,
POL,Poland,PL,1968,,,,,
POL,Poland,PL,1969,,,,,
POL,Poland,PL,1970,,,,,
POL,Poland,PL,1971,,,,,
POL,Poland,PL,1972,,,,,
POL,Poland,PL,1973,,,,,
POL,Poland,PL,1974,,,,,
POL,Poland,PL,1975,,,,,
POL,Poland,PL,1976,,,,,
POL,Poland,PL,1977,,,,,
POL,Poland,PL,1978,,,,,
POL,Poland,PL,1979,,,,,
POL,Poland,PL,1980,,,,,
POL,Poland,PL,1981,,,,,
POL,Poland,PL,1982,,,,,
POL,Poland,PL,1983,,,,,
POL,Poland,PL,1984,,,,,
POL,Poland,PL,1985,,,,,
POL,Poland,PL,1986,,,,,
POL,Poland,PL,1987,,,,,
POL,Poland,PL,1988,,,,,
POL,Poland,PL,1989,,,,,
POL,Poland,PL,1990,65977748210.5263,1731.2095094382,235562198119.376,,
POL,Poland,PL,1991,85500935934.9901,2235.54108862522,226443375167.357,,
POL,Poland,PL,1992,94337050693.2727,2459.02068468253,237428561036.045,,
POL,Poland,PL,1993,96043157272.862,2497.13055936127,252142833435.816,,
POL,Poland,PL,1994,110803635287.621,2874.83163555069,271157480919.483,60.4543984704576,
POL,Poland,PL,1995,142838527115.448,3700.95956775144,297547759292.65,,
POL,Poland,PL,1996,160813026223.063,4163.51195431959,320860585554.584,,
POL,Poland,PL,1997,159893964916.817,4137.00831823145,346494932153.369,,
POL,Poland,PL,1998,175282269666.801,4533.5356551781,368079506372.159,,
POL,Poland,PL,1999,170704452714.673,4415.50067547826,389722131423.02,,
POL,Poland,PL,2000,172953527033.013,4520.64100449111,410090821650.328,,
POL,Poland,PL,2001,191823200371.284,5015.23790036613,427478535031.188,,
POL,Poland,PL,2002,199694463255.567,5223.45178967082,452696001489.058,,
POL,Poland,PL,2003,218561225998.47,5720.81366178104,471080407788.89,,
POL,Poland,PL,2004,256268656145.134,6711.72715262967,512209063094.777,,
POL,Poland,PL,2005,306999913150.525,8043.92332253757,531856746243.163,,
POL,Poland,PL,2006,345897630736.173,9068.85528307627,580057218081.519,,
POL,Poland,PL,2007,429715132137.503,11272.5293683383,641715874972.687,,
POL,Poland,PL,2008,535612030671.888,14048.5604672654,700460796974.123,,
POL,Poland,PL,2009,440891472247.096,11556.3026866026,735949018061.631,,
POL,Poland,PL,2010,478111630683.514,12567.7317676382,798641868411.475,,
POL,Poland,PL,2011,527848543023.469,13867.6669408192,868165962038.92,,
POL,Poland,PL,2012,498148649702.66,13087.420943321,903168300515.319,,
POL,Poland,PL,2013,518179836405.36,13621.9023794031,929470019210.633,,
POL,Poland,PL,2014,542134167178.627,14262.2841914116,967768860680.126,,
POL,Poland,PL,2015,480054118583.367,12637.5220324406,1025456140420.47,,
POL,Poland,PL,2016,473259623976.262,12464.0121044827,1076820000427.04,,
POL,Poland,PL,2017,528356723263.073,13913.3415190124,1145711205425.05,,
POL,Poland,PL,2018,594616632477.019,15658.210586693,1228297337147.81,,
POL,Poland,PL,2019,602683770144.88,15874.5220531254,1362291050579.99,,
POL,Poland,PL,2020,605914186117.953,16150.9291009726,1391432848266.15,,
POL,Poland,PL,2021,689170171187.004,18635.5088812509,1518447457166.84,,
POL,Poland,PL,2022,695607522884.822,18891.213529396,1696649925504.66,,
POL,Poland,PL,2023,812451128978.58,22145.2643088909,1715410382146.69,,
POL,Poland,PL,2024,914696430325.391,25022.6716445953,1841555375507.14,,
PRI,Puerto Rico (US),PR,1960,1691900000.0,717.514843087362,,,
PRI,Puerto Rico (US),PR,1961,1865100000.0,777.215027407341,,,
PRI,Puerto Rico (US),PR,1962,2094400000.0,854.74480496849,,,
PRI,Puerto Rico (US),PR,1963,2333600000.0,931.751665981242,,,
PRI,Puerto Rico (US),PR,1964,2570500000.0,1006.43444609497,,,
PRI,Puerto Rico (US),PR,1965,2881500000.0,1110.83269082498,,,
PRI,Puerto Rico (US),PR,1966,3170500000.0,1207.81182440348,,,
PRI,Puerto Rico (US),PR,1967,3532700000.0,1335.27411162524,,,
PRI,Puerto Rico (US),PR,1968,3941700000.0,1480.69317642251,,,
PRI,Puerto Rico (US),PR,1969,4460700000.0,1661.86688523369,,,
PRI,Puerto Rico (US),PR,1970,5034700000.0,1852.35467255335,,,
PRI,Puerto Rico (US),PR,1971,5646800000.0,2044.31990558216,,,
PRI,Puerto Rico (US),PR,1972,6328900000.0,2246.4767135113,,,
PRI,Puerto Rico (US),PR,1973,7002400000.0,2432.41421904928,,,
PRI,Puerto Rico (US),PR,1974,7684800000.0,2614.50094053038,,,
PRI,Puerto Rico (US),PR,1975,8198300000.0,2738.24315297261,,,
PRI,Puerto Rico (US),PR,1976,8968600000.0,2946.46195251152,,,
PRI,Puerto Rico (US),PR,1977,9910900000.0,3208.77135614128,,,
PRI,Puerto Rico (US),PR,1978,11165000000.0,3567.7526290007,,,
PRI,Puerto Rico (US),PR,1979,12750000000.0,4024.50942019287,,,
PRI,Puerto Rico (US),PR,1980,14436100000.0,4502.8384279476,,,
PRI,Puerto Rico (US),PR,1981,15955700000.0,4920.72293674859,,,
PRI,Puerto Rico (US),PR,1982,16764200000.0,5115.00851423346,,,
PRI,Puerto Rico (US),PR,1983,17276600000.0,5217.72272856039,,,
PRI,Puerto Rico (US),PR,1984,19162600000.0,5730.11700890201,,,
PRI,Puerto Rico (US),PR,1985,20289200000.0,6008.05448623038,,,
PRI,Puerto Rico (US),PR,1986,22009300000.0,6455.18446107614,,,
PRI,Puerto Rico (US),PR,1987,24025800000.0,6980.49014338219,,,
PRI,Puerto Rico (US),PR,1988,26385800000.0,7595.44465611829,,,
PRI,Puerto Rico (US),PR,1989,28161200000.0,8033.08944133042,,,
PRI,Puerto Rico (US),PR,1990,30603919000.0,8652.50749222505,47430946914.862,,
PRI,Puerto Rico (US),PR,1991,32287031000.0,9064.01851711486,50164929625.8275,,
PRI,Puerto Rico (US),PR,1992,34630430000.0,9659.33889995916,53649844275.9235,,
PRI,Puerto Rico (US),PR,1993,36922456000.0,10212.2767630564,57472364706.8802,,
PRI,Puerto Rico (US),PR,1994,39690630000.0,10876.4188239898,61156651064.8944,,
PRI,Puerto Rico (US),PR,1995,42647331000.0,11579.1849969985,65279254318.955,,
PRI,Puerto Rico (US),PR,1996,45340835000.0,12173.163688986,68012386127.6464,,
PRI,Puerto Rico (US),PR,1997,48187039000.0,12817.6449621352,72561523613.7283,,
PRI,Puerto Rico (US),PR,1998,54086400000.0,14304.4049868015,77435299156.7847,,
PRI,Puerto Rico (US),PR,1999,57841000000.0,15220.9913420267,82763674410.1077,,
PRI,Puerto Rico (US),PR,2000,61701800000.0,16192.1269719638,87407772672.0802,,
PRI,Puerto Rico (US),PR,2001,69208400000.0,18123.1987019918,95018648280.3828,,
PRI,Puerto Rico (US),PR,2002,71623500000.0,18731.4593897378,97379572652.2486,,
PRI,Puerto Rico (US),PR,2003,74827400000.0,19557.1202492358,99355198887.8353,,
PRI,Puerto Rico (US),PR,2004,80322313000.0,20988.9923326534,110952955186.363,,
PRI,Puerto Rico (US),PR,2005,83914521300.0,21959.322696986,112158144249.731,,
PRI,Puerto Rico (US),PR,2006,87276164400.0,22935.9411586313,113987397204.442,,
PRI,Puerto Rico (US),PR,2007,89524131600.0,23664.8823485096,115714247445.49,,
PRI,Puerto Rico (US),PR,2008,93639300000.0,24898.3345857045,115768684481.803,,
PRI,Puerto Rico (US),PR,2009,96385600000.0,25768.7258883384,114208485372.986,,
PRI,Puerto Rico (US),PR,2010,98381300000.0,26414.8810634548,115118738812.708,,
PRI,Puerto Rico (US),PR,2011,100351700000.0,27170.0766543278,117072536776.923,,
PRI,Puerto Rico (US),PR,2012,101564800000.0,27742.024476618,117437602455.976,,
PRI,Puerto Rico (US),PR,2013,102450000000.0,28212.0499737431,117220284809.445,,
PRI,Puerto Rico (US),PR,2014,102445800000.0,28576.0988023209,116122525954.824,,
PRI,Puerto Rico (US),PR,2015,103375500000.0,29242.041465085,114269131890.728,,
PRI,Puerto Rico (US),PR,2016,104336700000.0,29978.0889268918,112229482734.795,,
PRI,Puerto Rico (US),PR,2017,103445526000.0,30328.4871132804,108691860431.227,,
PRI,Puerto Rico (US),PR,2018,100958100000.0,30679.9181934488,110917943635.114,,
PRI,Puerto Rico (US),PR,2019,105126400000.0,31830.5284993358,119615939334.496,,
PRI,Puerto Rico (US),PR,2020,103130900000.0,31427.1130762831,120954841139.023,,
PRI,Puerto Rico (US),PR,2021,106426600000.0,32619.0704601174,132333844622.722,,
PRI,Puerto Rico (US),PR,2022,113843700000.0,35353.6821570014,145960792688.495,,
PRI,Puerto Rico (US),PR,2023,118375000000.0,36948.4036416846,151966227244.953,,
PRI,Puerto Rico (US),PR,2024,125841500000.0,39285.0174585856,160662993787.144,,
PRK,"Korea, Dem. People's Rep.",KP,1960,,,,,
PRK,"Korea, Dem. People's Rep.",KP,1961,,,,,
PRK,"Korea, Dem. People's Rep.",KP,1962,,,,,
PRK,"Korea, Dem. People's Rep.",KP,1963,,,,,
PRK,"Korea, Dem. People's Rep.",KP,1964,,,,,
PRK,"Korea, Dem. People's Rep.",KP,1965,,,,,
PRK,"Korea, Dem. People's Rep.",KP,1966,,,,,
PRK,"Korea, Dem. People's Rep.",KP,1967,,,,,
PRK,"Korea, Dem. People's Rep.",KP,1968,,,,,
PRK,"Korea, Dem. People's Rep.",KP,1969,,,,,
PRK,"Korea, Dem. People's Rep.",KP,1970,,,,,
PRK,"Korea, Dem. People's Rep.",KP,1971,,,,,
PRK,"Korea, Dem. People's Rep.",KP,1972,,,,,
PRK,"Korea, Dem. People's Rep.",KP,1973,,,,,
PRK,"Korea, Dem. People's Rep.",KP,1974,,,,,
PRK,"Korea, Dem. People's Rep.",KP,1975,,,,,
PRK,"Korea, Dem. People's Rep.",KP,1976,,,,,
PRK,"Korea, Dem. People's Rep.",KP,1977,,,,,
PRK,"Korea, Dem. People's Rep.",KP,1978,,,,,
PRK,"Korea, Dem. People's Rep.",KP,1979,,,,,
PRK,"Korea, Dem. People's Rep.",KP,1980,,,,,
PRK,"Korea, Dem. People's Rep.",KP,1981,,,,,
PRK,"Korea, Dem. People's Rep.",KP,1982,,,,,
PRK,"Korea, Dem. People's Rep.",KP,1983,,,,,
PRK,"Korea, Dem. People's Rep.",KP,1984,,,,,
PRK,"Korea, Dem. People's Rep.",KP,1985,,,,,
PRK,"Korea, Dem. People's Rep.",KP,1986,,,,,
PRK,"Korea, Dem. People's Rep.",KP,1987,,,,,
PRK,"Korea, Dem. People's Rep.",KP,1988,,,,,
PRK,"Korea, Dem. People's Rep.",KP,1989,,,,,
PRK,"Korea, Dem. People's Rep.",KP,1990,,,,,
PRK,"Korea, Dem. People's Rep.",KP,1991,,,,,
PRK,"Korea, Dem. People's Rep.",KP,1992,,,,,
PRK,"Korea, Dem. People's Rep.",KP,1993,,,,,
PRK,"Korea, Dem. People's Rep.",KP,1994,,,,,
PRK,"Korea, Dem. People's Rep.",KP,1995,,,,,
PRK,"Korea, Dem. People's Rep.",KP,1996,,,,,
PRK,"Korea, Dem. People's Rep.",KP,1997,,,,,
PRK,"Korea, Dem. People's Rep.",KP,1998,,,,,
PRK,"Korea, Dem. People's Rep.",KP,1999,,,,,
PRK,"Korea, Dem. People's Rep.",KP,2000,,,,,
PRK,"Korea, Dem. People's Rep.",KP,2001,,,,,
PRK,"Korea, Dem. People's Rep.",KP,2002,,,,,
PRK,"Korea, Dem. People's Rep.",KP,2003,,,,,
PRK,"Korea, Dem. People's Rep.",KP,2004,,,,,
PRK,"Korea, Dem. People's Rep.",KP,2005,,,,,
PRK,"Korea, Dem. People's Rep.",KP,2006,,,,,
PRK,"Korea, Dem. People's Rep.",KP,2007,,,,,
PRK,"Korea, Dem. People's Rep.",KP,2008,,,,,
PRK,"Korea, Dem. People's Rep.",KP,2009,,,,,
PRK,"Korea, Dem. People's Rep.",KP,2010,,,,,
PRK,"Korea, Dem. People's Rep.",KP,2011,,,,,
PRK,"Korea, Dem. People's Rep.",KP,2012,,,,,
PRK,"Korea, Dem. People's Rep.",KP,2013,,,,,
PRK,"Korea, Dem. People's Rep.",KP,2014,,,,,
PRK,"Korea, Dem. People's Rep.",KP,2015,,,,,
PRK,"Korea, Dem. People's Rep.",KP,2016,,,,,
PRK,"Korea, Dem. People's Rep.",KP,2017,,,,,
PRK,"Korea, Dem. People's Rep.",KP,2018,,,,,
PRK,"Korea, Dem. People's Rep.",KP,2019,,,,,
PRK,"Korea, Dem. People's Rep.",KP,2020,,,,,
PRK,"Korea, Dem. People's Rep.",KP,2021,,,,,
PRK,"Korea, Dem. People's Rep.",KP,2022,,,,,
PRK,"Korea, Dem. People's Rep.",KP,2023,,,,,
PRK,"Korea, Dem. People's Rep.",KP,2024,,,,,
PRT,Portugal,PT,1960,3339150157.85605,376.976430250874,,,
PRT,Portugal,PT,1961,3573719084.53354,400.223162057827,,,
PRT,Portugal,PT,1962,3835883663.25123,426.49433629823,,,
PRT,Portugal,PT,1963,4084251592.81599,452.280291618213,,,
PRT,Portugal,PT,1964,4429202656.90741,490.207385856289,,,
PRT,Portugal,PT,1965,4901711247.81592,544.71961987576,,,
PRT,Portugal,PT,1966,5370108031.12859,601.289222261876,,,
PRT,Portugal,PT,1967,6002607029.64663,676.386669887118,,,
PRT,Portugal,PT,1968,6644693214.18343,751.947085624465,,,
PRT,Portugal,PT,1969,7287555035.34403,832.130682107245,,,
PRT,Portugal,PT,1970,8108235704.32357,934.082156096117,,,
PRT,Portugal,PT,1971,9201604240.28269,1064.53771257341,,,
PRT,Portugal,PT,1972,11239117865.0852,1302.2662677393,,,
PRT,Portugal,PT,1973,15090564186.4268,1747.98904060266,,,
PRT,Portugal,PT,1974,17512391475.9274,2000.41824574682,,,
PRT,Portugal,PT,1975,19347607843.1373,2127.6375072593,,,
PRT,Portugal,PT,1976,20332831564.9867,2173.28393425975,,,
PRT,Portugal,PT,1977,21439523310.6338,2267.37100319478,,,
PRT,Portugal,PT,1978,23487614051.0949,2457.31321644599,,,
PRT,Portugal,PT,1979,26622819672.1311,2755.6246177008,,,
PRT,Portugal,PT,1980,32896519823.7885,3368.36666940279,,,
PRT,Portugal,PT,1981,31977276872.9642,3245.97521367748,,,
PRT,Portugal,PT,1982,30527754793.1382,3079.94956634271,,,
PRT,Portugal,PT,1983,27239650741.9472,2735.49106580047,,,
PRT,Portugal,PT,1984,25217969049.5755,2522.74747620658,,,
PRT,Portugal,PT,1985,27115807742.0873,2705.19300197317,,,
PRT,Portugal,PT,1986,38745901353.7059,3861.9484333688,,,
PRT,Portugal,PT,1987,48182925857.4071,4803.86609546941,,,
PRT,Portugal,PT,1988,56347250696.3788,5623.69699982123,,,
PRT,Portugal,PT,1989,60594092182.3275,6056.38102771889,,,
PRT,Portugal,PT,1990,78713860216.5659,7884.61798756332,117521606947.145,,
PRT,Portugal,PT,1991,89233599278.4792,8958.9853330247,126803205637.569,,
PRT,Portugal,PT,1992,107592098307.098,10810.5665079626,131105881735.568,,
PRT,Portugal,PT,1993,95009751901.2592,9534.6563637308,131471270594.324,8.24573773536288,
PRT,Portugal,PT,1994,99688641304.3478,9977.31990905771,135574220559.299,5.6574045702943,-0.5348505914801458
PRT,Portugal,PT,1995,118122007430.012,11781.3618502221,144345275019.253,,
PRT,Portugal,PT,1996,122630089680.27,12185.0914010629,150118280391.081,,
PRT,Portugal,PT,1997,117016535162.95,11575.5071124358,159578204750.343,,
PRT,Portugal,PT,1998,123946327916.296,12199.206385024,169542608181.952,,
PRT,Portugal,PT,1999,127470385557.184,12475.2917701476,181041025245.14,,
PRT,Portugal,PT,2000,118605192877.388,11526.3720667968,194263583306.103,,
PRT,Portugal,PT,2001,121604107164.997,11734.7649743954,202390992092.181,,
PRT,Portugal,PT,2002,134795565549.419,12936.6928204482,212108753260.396,,
PRT,Portugal,PT,2003,165226175536.793,15797.7821340276,218089850095.557,,
PRT,Portugal,PT,2004,189382122532.169,18064.1580932987,225176871834.919,,
PRT,Portugal,PT,2005,197253876704.921,18780.12751241,238691088867.445,,
PRT,Portugal,PT,2006,208756449275.848,19839.4540499032,259717053549.113,,
PRT,Portugal,PT,2007,240496147317.381,22811.0564844365,271364685233.581,,
PRT,Portugal,PT,2008,263416394624.084,24949.0413566739,281542630016.914,,
PRT,Portugal,PT,2009,244667762835.543,23151.2154130712,279615838418.23,,
PRT,Portugal,PT,2010,238443864993.217,22551.935098809,288593859409.849,,
PRT,Portugal,PT,2011,245426767676.002,23246.5425416481,282976747881.101,,
PRT,Portugal,PT,2012,216536676771.973,20593.4274224109,278393304900.247,,
PRT,Portugal,PT,2013,226677408291.745,21676.4859642714,292449626203.935,,
PRT,Portugal,PT,2014,230078616299.675,22120.6850127107,299181613079.32,,
PRT,Portugal,PT,2015,199038523119.639,19215.7813014347,306764323945.348,,
PRT,Portugal,PT,2016,206305431241.638,19980.2808866516,326173486566.704,,
PRT,Portugal,PT,2017,220862990767.229,21442.3842768879,339609538500.021,,
PRT,Portugal,PT,2018,242092894542.888,23541.1401075289,358872472764.768,,
PRT,Portugal,PT,2019,240115970063.019,23343.3628970034,389495112468.607,,
PRT,Portugal,PT,2020,229618773422.577,22299.4044062173,370352154969.925,,
PRT,Portugal,PT,2021,256055879091.139,24711.4510062111,400564219793.068,,
PRT,Portugal,PT,2022,256898675068.927,24620.519556875,464925463530.28,,
PRT,Portugal,PT,2023,289696962620.235,27386.2920595024,501685643184.293,,
PRT,Portugal,PT,2024,308683317392.68,28844.4979246799,541680354802.56,,
PRY,Paraguay,PY,1960,288884368.016934,153.375216758109,,,
PRY,Paraguay,PY,1961,322053713.15873,167.092827495951,,,
PRY,Paraguay,PY,1962,360698412.698413,182.805194132375,,,
PRY,Paraguay,PY,1963,383904761.904762,189.872423489268,,,
PRY,Paraguay,PY,1964,408349206.349206,196.973355774177,,,
PRY,Paraguay,PY,1965,443587301.587302,208.729579506696,,,
PRY,Paraguay,PY,1966,465888888.888889,213.947608399441,,,
PRY,Paraguay,PY,1967,492674603.174603,220.930909757875,,,
PRY,Paraguay,PY,1968,517650793.650794,226.80197812329,,,
PRY,Paraguay,PY,1969,556293650.793651,238.242208450243,,,
PRY,Paraguay,PY,1970,594611111.111111,248.996708209079,,,
PRY,Paraguay,PY,1971,664571428.571429,272.082440745597,,,
PRY,Paraguay,PY,1972,769039682.539683,307.630516228445,,,
PRY,Paraguay,PY,1973,995531746.031746,388.712259813059,,,
PRY,Paraguay,PY,1974,1333475396.8254,507.87047971714,,,
PRY,Paraguay,PY,1975,1511420634.92063,561.522396286823,,,
PRY,Paraguay,PY,1976,1698960317.46032,615.825049934218,,,
PRY,Paraguay,PY,1977,2092158730.15873,739.83449409653,,,
PRY,Paraguay,PY,1978,2559857142.85714,882.931919341442,,,
PRY,Paraguay,PY,1979,3416777777.77778,1148.89527317637,,,
PRY,Paraguay,PY,1980,4448087301.5873,1456.84406918803,,,
PRY,Paraguay,PY,1981,5624515873.01587,1792.61496129399,,,
PRY,Paraguay,PY,1982,5419411764.70588,1679.81843739033,,,
PRY,Paraguay,PY,1983,5673248726.16438,1709.80484009501,,,
PRY,Paraguay,PY,1984,4502462807.13993,1319.23446766653,,,
PRY,Paraguay,PY,1985,3282449235.76129,934.991981806694,,,
PRY,Paraguay,PY,1986,3723993942.79088,1031.15623781062,,,
PRY,Paraguay,PY,1987,3971044723.8024,1068.95380287336,,,
PRY,Paraguay,PY,1988,4255683528.33333,1113.89406863138,,,
PRY,Paraguay,PY,1989,4757732199.96213,1211.29634333964,,,
PRY,Paraguay,PY,1990,5812114523.01187,1440.15829610029,22748650543.668,,
PRY,Paraguay,PY,1991,6984367762.90371,1685.26890082621,24339602474.9073,,
PRY,Paraguay,PY,1992,7157424031.06045,1682.67444777611,25316579876.6052,,
PRY,Paraguay,PY,1993,7249533620.30614,1661.70955306218,27196004791.5148,,
PRY,Paraguay,PY,1994,7870982004.8195,1760.28807083292,29253835143.1706,,
PRY,Paraguay,PY,1995,9062131475.02318,1978.71514099575,31904979127.0343,,
PRY,Paraguay,PY,1996,9788391780.52421,2088.17109102236,33000392552.0304,,
PRY,Paraguay,PY,1997,9965225678.05093,2078.50841313824,34993657196.5999,,
PRY,Paraguay,PY,1998,9260481572.42462,1889.88455618586,35411015358.2793,,
PRY,Paraguay,PY,1999,8837070235.51892,1766.30657288259,35421527840.5607,,
PRY,Paraguay,PY,2000,8855705139.55857,1736.11729210765,35385622740.1581,,
PRY,Paraguay,PY,2001,8495806432.18467,1637.68615122932,35880616249.9131,,
PRY,Paraguay,PY,2002,7196260656.84556,1367.76506935997,36430399732.6955,,
PRY,Paraguay,PY,2003,7691367471.17992,1443.99885236205,38754792317.5114,,
PRY,Paraguay,PY,2004,9624440836.29309,1786.21533938543,41411671091.0752,,
PRY,Paraguay,PY,2005,10737500188.1123,1970.87169852378,43621331541.4204,,
PRY,Paraguay,PY,2006,13429430050.261,2439.43124694576,47128136568.1343,,
PRY,Paraguay,PY,2007,17856393235.4338,3211.93621659546,51029293968.6202,,
PRY,Paraguay,PY,2008,24615267663.5456,4384.9546943793,55391362985.5046,,
PRY,Paraguay,PY,2009,22355151161.994,3941.84815479271,55587466545.7634,,
PRY,Paraguay,PY,2010,27260886405.2263,4750.96273669322,62505525104.5648,,
PRY,Paraguay,PY,2011,33756238766.5,5805.40154543044,66529576563.4646,,
PRY,Paraguay,PY,2012,33271921136.315,5642.1699167298,64597743085.5266,,
PRY,Paraguay,PY,2013,38501122141.4241,6435.68342733182,72608983989.6986,,
PRY,Paraguay,PY,2014,40377929295.6419,6652.25478942291,76522545296.8012,,
PRY,Paraguay,PY,2015,36211447840.0971,5879.33792308671,78091620933.4249,,
PRY,Paraguay,PY,2016,36089700222.9461,5775.1596339946,83295458687.9189,,
PRY,Paraguay,PY,2017,38997129473.5558,6152.26711537703,88597623578.681,,
PRY,Paraguay,PY,2018,40225448340.6322,6258.44991640954,90877352659.2356,,
PRY,Paraguay,PY,2019,37925338329.1494,5821.18199548637,92185455052.434,,
PRY,Paraguay,PY,2020,35432178068.1814,5365.47220721191,94492100805.0321,,
PRY,Paraguay,PY,2021,39950899938.7482,5976.9317978996,102977624582.579,,
PRY,Paraguay,PY,2022,41952910858.088,6205.6259537937,110513599071.106,,
PRY,Paraguay,PY,2023,43118053174.5413,6299.99026533643,120213942441.323,,
PRY,Paraguay,PY,2024,44458118399.6669,6416.09709002917,128353419878.212,,
PSE,West Bank and Gaza,PS,1960,,,,,
PSE,West Bank and Gaza,PS,1961,,,,,
PSE,West Bank and Gaza,PS,1962,,,,,
PSE,West Bank and Gaza,PS,1963,,,,,
PSE,West Bank and Gaza,PS,1964,,,,,
PSE,West Bank and Gaza,PS,1965,,,,,
PSE,West Bank and Gaza,PS,1966,,,,,
PSE,West Bank and Gaza,PS,1967,,,,,
PSE,West Bank and Gaza,PS,1968,,,,,
PSE,West Bank and Gaza,PS,1969,,,,,
PSE,West Bank and Gaza,PS,1970,,,,,
PSE,West Bank and Gaza,PS,1971,,,,,
PSE,West Bank and Gaza,PS,1972,,,,,
PSE,West Bank and Gaza,PS,1973,,,,,
PSE,West Bank and Gaza,PS,1974,,,,,
PSE,West Bank and Gaza,PS,1975,,,,,
PSE,West Bank and Gaza,PS,1976,,,,,
PSE,West Bank and Gaza,PS,1977,,,,,
PSE,West Bank and Gaza,PS,1978,,,,,
PSE,West Bank and Gaza,PS,1979,,,,,
PSE,West Bank and Gaza,PS,1980,,,,,
PSE,West Bank and Gaza,PS,1981,,,,,
PSE,West Bank and Gaza,PS,1982,,,,,
PSE,West Bank and Gaza,PS,1983,,,,,
PSE,West Bank and Gaza,PS,1984,,,,,
PSE,West Bank and Gaza,PS,1985,,,,,
PSE,West Bank and Gaza,PS,1986,,,,,
PSE,West Bank and Gaza,PS,1987,,,,,
PSE,West Bank and Gaza,PS,1988,,,,,
PSE,West Bank and Gaza,PS,1989,,,,,
PSE,West Bank and Gaza,PS,1990,,,,,
PSE,West Bank and Gaza,PS,1991,,,,,
PSE,West Bank and Gaza,PS,1992,,,,,
PSE,West Bank and Gaza,PS,1993,,,,,
PSE,West Bank and Gaza,PS,1994,2843300000.0,1201.58154213882,5208478031.09636,,
PSE,West Bank and Gaza,PS,1995,3282800000.0,1326.56285737146,5696188858.11225,,
PSE,West Bank and Gaza,PS,1996,3409600000.0,1317.46675131385,5870921582.33476,,
PSE,West Bank and Gaza,PS,1997,3759800000.0,1389.16497137651,6848137832.65206,,
PSE,West Bank and Gaza,PS,1998,4067800000.0,1465.04605685868,7917753208.94114,,
PSE,West Bank and Gaza,PS,1999,4271200000.0,1499.49217657019,8694711885.09873,,
PSE,West Bank and Gaza,PS,2000,4313600000.0,1476.17185000238,8130931296.07897,,
PSE,West Bank and Gaza,PS,2001,4003700000.0,1335.55319529359,7539890005.70938,,
PSE,West Bank and Gaza,PS,2002,3555800000.0,1156.21747345769,6700816640.14738,,
PSE,West Bank and Gaza,PS,2003,3968000000.0,1257.69857009689,7790816730.6765,,
PSE,West Bank and Gaza,PS,2004,4603100000.0,1422.19088643544,9754347362.27804,,
PSE,West Bank and Gaza,PS,2005,5125700000.0,1543.70141392774,11196051508.0912,,
PSE,West Bank and Gaza,PS,2006,5348300000.0,1570.10439962728,11426303733.8636,,
PSE,West Bank and Gaza,PS,2007,5815700000.0,1664.24571669276,12180459701.5079,,
PSE,West Bank and Gaza,PS,2008,7310400000.0,2035.20234121766,13337485311.5671,,
PSE,West Bank and Gaza,PS,2009,8085700000.0,2191.78178736868,14572973198.8845,,
PSE,West Bank and Gaza,PS,2010,9681500000.0,2557.07562356699,15602241930.3867,,
PSE,West Bank and Gaza,PS,2011,11186100000.0,2880.79843707909,17452978799.9046,,
PSE,West Bank and Gaza,PS,2012,12208400000.0,3067.43872735614,20754291213.588,,
PSE,West Bank and Gaza,PS,2013,13515500000.0,3315.29753909282,21557010047.8386,,
PSE,West Bank and Gaza,PS,2014,13989700000.0,3352.11259506043,22459712716.3974,,
PSE,West Bank and Gaza,PS,2015,13972400000.0,3272.15432360708,24638355542.6155,,
PSE,West Bank and Gaza,PS,2016,15405400000.0,3527.61382413178,26474303888.9446,,
PSE,West Bank and Gaza,PS,2017,16128000000.0,3620.36048715937,27203915977.4344,,
PSE,West Bank and Gaza,PS,2018,16276600000.0,3562.33094270256,28400606241.965,,
PSE,West Bank and Gaza,PS,2019,17133500000.0,3656.85827137011,30494072108.7083,,
PSE,West Bank and Gaza,PS,2020,15531700000.0,3233.56863835858,28609644862.7012,,
PSE,West Bank and Gaza,PS,2021,18109000000.0,3678.63565662194,27878126229.8832,,
PSE,West Bank and Gaza,PS,2022,19165500000.0,3799.95527015163,31085036506.3256,,
PSE,West Bank and Gaza,PS,2023,17847900000.0,3455.02852911712,30736464884.9718,,
PSE,West Bank and Gaza,PS,2024,13711100000.0,2592.30591217647,23119472384.4172,,
PYF,French Polynesia,PF,1960,,,,,
PYF,French Polynesia,PF,1961,,,,,
PYF,French Polynesia,PF,1962,,,,,
PYF,French Polynesia,PF,1963,,,,,
PYF,French Polynesia,PF,1964,,,,,
PYF,French Polynesia,PF,1965,176534588.403052,1838.57638129761,,,
PYF,French Polynesia,PF,1966,215659453.550939,2171.35978202717,,,
PYF,French Polynesia,PF,1967,220984367.626581,2150.61571935477,,,
PYF,French Polynesia,PF,1968,259590074.527934,2440.8345277325,,,
PYF,French Polynesia,PF,1969,242943783.142736,2206.35343555808,,,
PYF,French Polynesia,PF,1970,254036000.752587,2228.19051620548,,,
PYF,French Polynesia,PF,1971,296865513.746817,2516.98260839219,,,
PYF,French Polynesia,PF,1972,326433558.076079,2678.18747088327,,,
PYF,French Polynesia,PF,1973,431252938.061046,3425.44252890097,,,
PYF,French Polynesia,PF,1974,555340842.860311,4273.16745814336,,,
PYF,French Polynesia,PF,1975,690323388.529907,5149.93762191732,,,
PYF,French Polynesia,PF,1976,732288906.273954,5302.06138605756,,,
PYF,French Polynesia,PF,1977,793196378.708826,5573.60451054244,,,
PYF,French Polynesia,PF,1978,1005569835.39664,6848.95100426122,,,
PYF,French Polynesia,PF,1979,1215032463.67336,8016.36524403648,,,
PYF,French Polynesia,PF,1980,1320416024.95218,8438.72682447341,,,
PYF,French Polynesia,PF,1981,1234743073.00034,7645.18391267409,,,
PYF,French Polynesia,PF,1982,1235897957.88874,7416.30736944627,,,
PYF,French Polynesia,PF,1983,1284180701.00787,7477.03464924524,,,
PYF,French Polynesia,PF,1984,1325515445.08362,7511.32179070332,,,
PYF,French Polynesia,PF,1985,1448281228.15738,8002.08427164997,,,
PYF,French Polynesia,PF,1986,2212028299.56001,11913.8267538469,,,
PYF,French Polynesia,PF,1987,2677977163.2095,14061.3873698969,,,
PYF,French Polynesia,PF,1988,2723496362.0482,13952.8382782589,,,
PYF,French Polynesia,PF,1989,2731683484.45369,13682.8412939782,,,
PYF,French Polynesia,PF,1990,3320159522.36546,16293.1823294474,,,
PYF,French Polynesia,PF,1991,3410078967.89823,16414.8132696888,,,
PYF,French Polynesia,PF,1992,3713785765.42205,17554.3737937032,,,
PYF,French Polynesia,PF,1993,3544608548.41734,16469.7751983669,,,
PYF,French Polynesia,PF,1994,3676123788.0323,16806.0592491122,,,
PYF,French Polynesia,PF,1995,4186994249.08861,18850.3149185956,,,
PYF,French Polynesia,PF,1996,4166072829.60099,18475.7253329475,,,
PYF,French Polynesia,PF,1997,3762859093.26192,16423.0214308681,,,
PYF,French Polynesia,PF,1998,3903186592.82431,16759.7141702526,,,
PYF,French Polynesia,PF,1999,3911602004.14205,16532.9022343754,,,
PYF,French Polynesia,PF,2000,3599845480.34359,14978.324104668,,,
PYF,French Polynesia,PF,2001,3573808556.31268,14640.9360062298,,,
PYF,French Polynesia,PF,2002,3965405552.5203,16004.0583292112,,,
PYF,French Polynesia,PF,2003,4927780606.7707,19582.8936395312,,,
PYF,French Polynesia,PF,2004,5564109981.9138,21764.2203208782,,,
PYF,French Polynesia,PF,2005,5705052134.54253,21984.1936230719,,,
PYF,French Polynesia,PF,2006,5877997979.62266,22330.8676659055,,,
PYF,French Polynesia,PF,2007,6631156405.59637,24888.1781337361,,,
PYF,French Polynesia,PF,2008,7136741421.95908,26592.0262835732,,,
PYF,French Polynesia,PF,2009,6584557973.9375,24434.2197555208,,,
PYF,French Polynesia,PF,2010,6086644798.55982,22494.806706186,,,
PYF,French Polynesia,PF,2011,6203940036.91982,22831.5185348524,,,
PYF,French Polynesia,PF,2012,5692858099.00217,20846.5457478364,,,
PYF,French Polynesia,PF,2013,6031827122.60663,21955.6329264095,,,
PYF,French Polynesia,PF,2014,6151996560.84289,22258.6321384251,,,
PYF,French Polynesia,PF,2015,5325846361.81186,19166.9594761931,,,
PYF,French Polynesia,PF,2016,5497036476.8031,19690.0775734589,,,
PYF,French Polynesia,PF,2017,5833352692.7995,20826.9312492172,,,
PYF,French Polynesia,PF,2018,6135116253.33452,21925.616043938,,,
PYF,French Polynesia,PF,2019,6022276196.13871,21582.5892046801,,,
PYF,French Polynesia,PF,2020,5574821989.38239,19966.4838503859,,,
PYF,French Polynesia,PF,2021,6150640646.38319,21982.9038942614,,,
PYF,French Polynesia,PF,2022,5814661208.90544,20738.6499971661,,,
PYF,French Polynesia,PF,2023,6402221222.32749,22774.1418988734,,,
PYF,French Polynesia,PF,2024,,,,,
QAT,Qatar,QA,1960,,,,,
QAT,Qatar,QA,1961,,,,,
QAT,Qatar,QA,1962,,,,,
QAT,Qatar,QA,1963,,,,,
QAT,Qatar,QA,1964,,,,,
QAT,Qatar,QA,1965,,,,,
QAT,Qatar,QA,1966,,,,,
QAT,Qatar,QA,1967,,,,,
QAT,Qatar,QA,1968,,,,,
QAT,Qatar,QA,1969,,,,,
QAT,Qatar,QA,1970,301791301.791302,2593.82296339752,,,
QAT,Qatar,QA,1971,387703105.521252,2951.769414533,,,
QAT,Qatar,QA,1972,510262500.1767,3482.877835561,,,
QAT,Qatar,QA,1973,793885559.971313,4905.34265094329,,,
QAT,Qatar,QA,1974,2401403227.44085,13539.5587974924,,,
QAT,Qatar,QA,1975,2512773165.81173,13013.6838099496,,,
QAT,Qatar,QA,1976,3284273986.71808,15710.3208135683,,,
QAT,Qatar,QA,1977,3617564637.88865,16057.7252719384,,,
QAT,Qatar,QA,1978,4052000412.70087,16757.0982461328,,,
QAT,Qatar,QA,1979,5632962996.82641,21776.6381753833,,,
QAT,Qatar,QA,1980,7829165261.81396,28375.4852501113,,,
QAT,Qatar,QA,1981,8661263763.73626,29504.9403812472,,,
QAT,Qatar,QA,1982,7596703214.28571,24384.5938501228,,,
QAT,Qatar,QA,1983,6467582307.69231,19616.0320394418,,,
QAT,Qatar,QA,1984,6704395824.17582,19272.2616094603,,,
QAT,Qatar,QA,1985,6153296456.04396,16815.0419632835,,,
QAT,Qatar,QA,1986,5053021950.54945,13213.2093617769,,,
QAT,Qatar,QA,1987,5446428681.31868,13718.7911520477,,,
QAT,Qatar,QA,1988,6038187032.96703,14682.0218472004,,,
QAT,Qatar,QA,1989,6487912087.91209,15242.5068904961,,,
QAT,Qatar,QA,1990,7360439423.07692,16721.6207714589,24499628595.4406,,
QAT,Qatar,QA,1991,6883516483.51648,15133.4969397069,24907146901.3061,,
QAT,Qatar,QA,1992,7646153983.51648,16280.2938815273,28361167487.9911,,
QAT,Qatar,QA,1993,7156593653.84615,14769.7193322522,28648686961.2379,,
QAT,Qatar,QA,1994,7374450769.23077,14764.8771355222,29675512935.5529,,
QAT,Qatar,QA,1995,8137911978.02198,15822.5090711554,31024629774.7296,,
QAT,Qatar,QA,1996,9059340384.61539,17124.7920861356,32974450544.6289,,
QAT,Qatar,QA,1997,11297802115.3846,20522.8012995179,43610039646.8532,,
QAT,Qatar,QA,1998,10255495027.4725,17665.4408438222,49047601330.4274,,
QAT,Qatar,QA,1999,12393131868.1319,20233.6846826643,51872638318.8518,,
QAT,Qatar,QA,2000,17759890109.8901,27535.182940934,57306387097.2175,,
QAT,Qatar,QA,2001,17538461538.4615,25870.7991864314,60880959902.7435,,
QAT,Qatar,QA,2002,19363736263.7363,27226.6593510117,66267559043.9083,,
QAT,Qatar,QA,2003,23533791208.7912,31602.470865136,70089684360.8507,,
QAT,Qatar,QA,2004,31734065934.0659,41035.5008380177,85807167401.3331,,
QAT,Qatar,QA,2005,44530494505.4945,53949.6764091147,95128524484.739,,
QAT,Qatar,QA,2006,60882142857.1429,62582.4453138755,123725233949.107,,
QAT,Qatar,QA,2007,79712087912.0879,65954.3419525051,149932952085.01,,
QAT,Qatar,QA,2008,115270054945.055,80781.4039187792,179815476311.974,,
QAT,Qatar,QA,2009,97798351648.3516,60785.7351551657,202556897128.38,,
QAT,Qatar,QA,2010,125122306346.154,77387.3267885308,245186456996.118,,
QAT,Qatar,QA,2011,167775268626.374,103261.506539346,283715621799.724,,
QAT,Qatar,QA,2012,186833502362.637,108470.378825036,311656942652.869,,
QAT,Qatar,QA,2013,198727642967.033,103697.008372373,324265528776.434,,
QAT,Qatar,QA,2014,206224598571.429,95840.6310094498,319295523267.788,,
QAT,Qatar,QA,2015,161739955576.923,68985.2946961507,240424800591.957,,
QAT,Qatar,QA,2016,151732181868.132,61253.6375482797,222778394716.76,,
QAT,Qatar,QA,2017,161099122225.275,63279.8556949332,252948449980.88,,
QAT,Qatar,QA,2018,183334953818.681,71039.8490579352,283965164161.23,,
QAT,Qatar,QA,2019,176371267692.308,66841.3013484919,283662144439.194,,
QAT,Qatar,QA,2020,144411363351.648,51683.5054376677,229537462611.12,,
QAT,Qatar,QA,2021,179732009560.44,71751.8831257169,292655073655.389,,
QAT,Qatar,QA,2022,235709325714.286,88701.463352273,326640697729.822,,
QAT,Qatar,QA,2023,213002809340.659,80195.8746508549,342411792316.801,,
QAT,Qatar,QA,2024,217982967032.967,76275.9076782833,360400243355.573,,
ROU,Romania,RO,1960,,,,,
ROU,Romania,RO,1961,,,,,
ROU,Romania,RO,1962,,,,,
ROU,Romania,RO,1963,,,,,
ROU,Romania,RO,1964,,,,,
ROU,Romania,RO,1965,,,,,
ROU,Romania,RO,1966,,,,,
ROU,Romania,RO,1967,,,,,
ROU,Romania,RO,1968,,,,,
ROU,Romania,RO,1969,,,,,
ROU,Romania,RO,1970,,,,,
ROU,Romania,RO,1971,,,,,
ROU,Romania,RO,1972,,,,,
ROU,Romania,RO,1973,,,,,
ROU,Romania,RO,1974,,,,,
ROU,Romania,RO,1975,,,,,
ROU,Romania,RO,1976,,,,,
ROU,Romania,RO,1977,,,,,
ROU,Romania,RO,1978,,,,,
ROU,Romania,RO,1979,,,,,
ROU,Romania,RO,1980,,,,,
ROU,Romania,RO,1981,,,,,
ROU,Romania,RO,1982,,,,,
ROU,Romania,RO,1983,,,,,
ROU,Romania,RO,1984,,,,,
ROU,Romania,RO,1985,,,,,
ROU,Romania,RO,1986,,,,,
ROU,Romania,RO,1987,38067567567.5676,1658.75873899995,,,
ROU,Romania,RO,1988,40424528301.8868,1753.19285632198,,,
ROU,Romania,RO,1989,41450777202.0725,1789.64455528113,,,
ROU,Romania,RO,1990,38247882300.4904,1648.48522974542,122430497518.743,,
ROU,Romania,RO,1991,28850634899.856,1254.3124421298,110220174767.29,,
ROU,Romania,RO,1992,25121666666.6667,1102.10378473246,102848465999.123,,
ROU,Romania,RO,1993,26361160449.9704,1158.05632799712,106895962136.097,,
ROU,Romania,RO,1994,30072805104.2542,1323.03237766927,113471235312.16,,
ROU,Romania,RO,1995,37430162102.6125,1650.04922365201,123071919985.365,,
ROU,Romania,RO,1996,36937074278.3004,1633.01064354117,129912848683.485,,
ROU,Romania,RO,1997,35575214078.2428,1577.33656023974,125469219387.805,,
ROU,Romania,RO,1998,41696091973.7076,1852.5549693339,124787082829.895,,
ROU,Romania,RO,1999,35953156753.739,1599.90622808339,125764046622.599,,
ROU,Romania,RO,2000,37253739511.1273,1659.92904910528,131265368638.614,,
ROU,Romania,RO,2001,40395116581.4832,1825.19299373184,144313746888.219,,
ROU,Romania,RO,2002,46065502702.5817,2119.85509684554,155640707751.418,,
ROU,Romania,RO,2003,57806384143.166,2679.40626016154,163109936634.122,,
ROU,Romania,RO,2004,74973656851.8076,3494.99056448955,192862740038.77,,
ROU,Romania,RO,2005,98454380120.0761,4618.00350802913,204714602990.454,,
ROU,Romania,RO,2006,122023735992.706,5757.53127301178,244927155069.454,,
ROU,Romania,RO,2007,174588782938.583,8360.33775916596,286163460636.105,,
ROU,Romania,RO,2008,214315932061.275,10435.1561230787,344669013802.194,,
ROU,Romania,RO,2009,174110532658.867,8548.4543409242,338754727660.486,,
ROU,Romania,RO,2010,170064350671.827,8399.5374234284,351418032858.337,,
ROU,Romania,RO,2011,192623977894.173,9560.6755277458,378852429060.781,,
ROU,Romania,RO,2012,179117323107.087,8929.95366231474,397298685084.564,,
ROU,Romania,RO,2013,189798603751.235,9497.67411615237,393241674839.457,,
ROU,Romania,RO,2014,199722319675.741,10031.7710755404,410782149153.117,,
ROU,Romania,RO,2015,177885131240.315,8977.01748158196,428618003572.133,,
ROU,Romania,RO,2016,185290759248.844,9404.54005870715,470976157183.804,,
ROU,Romania,RO,2017,210147385855.419,10727.9822007426,527779211230.481,,
ROU,Romania,RO,2018,243468683030.34,12502.2624061935,576157161634.811,,
ROU,Romania,RO,2019,251677082534.495,12992.0326104674,651626633701.773,,
ROU,Romania,RO,2020,252033792712.145,13082.3006559554,662457212259.124,,
ROU,Romania,RO,2021,286578196368.297,14986.7854904274,721523865728.457,,
ROU,Romania,RO,2022,296354358293.475,15557.8826247584,804188142123.286,,
ROU,Romania,RO,2023,350775856415.189,18404.2730871704,872482675661.564,,
ROU,Romania,RO,2024,382767571329.158,20072.4079244042,928913155536.387,,
RUS,Russian Federation,RU,1960,,,,,
RUS,Russian Federation,RU,1961,,,,,
RUS,Russian Federation,RU,1962,,,,,
RUS,Russian Federation,RU,1963,,,,,
RUS,Russian Federation,RU,1964,,,,,
RUS,Russian Federation,RU,1965,,,,,
RUS,Russian Federation,RU,1966,,,,,
RUS,Russian Federation,RU,1967,,,,,
RUS,Russian Federation,RU,1968,,,,,
RUS,Russian Federation,RU,1969,,,,,
RUS,Russian Federation,RU,1970,,,,,
RUS,Russian Federation,RU,1971,,,,,
RUS,Russian Federation,RU,1972,,,,,
RUS,Russian Federation,RU,1973,,,,,
RUS,Russian Federation,RU,1974,,,,,
RUS,Russian Federation,RU,1975,,,,,
RUS,Russian Federation,RU,1976,,,,,
RUS,Russian Federation,RU,1977,,,,,
RUS,Russian Federation,RU,1978,,,,,
RUS,Russian Federation,RU,1979,,,,,
RUS,Russian Federation,RU,1980,,,,,
RUS,Russian Federation,RU,1981,,,,,
RUS,Russian Federation,RU,1982,,,,,
RUS,Russian Federation,RU,1983,,,,,
RUS,Russian Federation,RU,1984,,,,,
RUS,Russian Federation,RU,1985,,,,,
RUS,Russian Federation,RU,1986,,,,,
RUS,Russian Federation,RU,1987,,,,,
RUS,Russian Federation,RU,1988,554828660436.137,3778.01977539063,,,
RUS,Russian Federation,RU,1989,506631299734.748,3429.64990234375,,,
RUS,Russian Federation,RU,1990,517014446227.929,3494.06323242188,1187867177261.01,,
RUS,Russian Federation,RU,1991,517962962962.963,3490.45239257813,1166060239247.23,,
RUS,Russian Federation,RU,1992,460290556900.726,3098.802734375,1019330664884.02,,
RUS,Russian Federation,RU,1993,435083713850.837,2930.67016601563,953036577987.916,,
RUS,Russian Federation,RU,1994,395077301248.464,2662.10400390625,851033580153.243,,
RUS,Russian Federation,RU,1995,395537185734.854,2665.77978515625,832874933680.043,,
RUS,Russian Federation,RU,1996,391724890744.498,2643.92919921875,817526684921.467,,
RUS,Russian Federation,RU,1997,404928954191.876,2737.57202148438,843109809492.514,,
RUS,Russian Federation,RU,1998,270955486862.442,1834.86181640625,807029157570.942,143.948999533393,
RUS,Russian Federation,RU,1999,195907128350.934,1330.75720214844,870676186417.134,100.744137724205,-3.0272075352885364
RUS,Russian Federation,RU,2000,259710142196.943,1771.59411621094,1000581025238.43,62.1488888669576,-0.276802464584634
RUS,Russian Federation,RU,2001,306602070620.5,2100.3525390625,1074585972513.87,48.9836153351704,-0.1516410615903074
RUS,Russian Federation,RU,2002,345470494417.863,2377.52954101563,1167897269467.94,41.3527168644107,-0.07848292452005316
RUS,Russian Federation,RU,2003,430347420184.885,2975.123046875,1338656016289.8,,
RUS,Russian Federation,RU,2004,591016690732.385,4102.36474609375,1473342751130.22,,
RUS,Russian Federation,RU,2005,764015973481.11,5323.455078125,1696729209914.69,16.6608684477983,
RUS,Russian Federation,RU,2006,989932071352.543,6920.19970703125,2133189651004.95,9.89107286046746,-0.06730688751964899
RUS,Russian Federation,RU,2007,1299703478481.65,9101.2392578125,2377454045310.01,7.15843011658404,-0.019964175419704036
RUS,Russian Federation,RU,2008,1660848058303.11,11635.2841796875,2878201315078.6,6.49528743788997,0.029632692895835255
RUS,Russian Federation,RU,2009,1222645900055.7,8562.82421875,2768599517953.77,8.69786633503919,0.013984708243187335
RUS,Russian Federation,RU,2010,1524916715223.95,10674.990234375,2927003701123.47,9.09810564473106,0.20450487455152294
RUS,Russian Federation,RU,2011,2045922753398.04,14305.33203125,3259319197327.18,8.64108194430582,0.11450362179246495
RUS,Russian Federation,RU,2012,2208293553878.42,15401.8515625,3480299219245.86,8.55140859340356,0.0545313689037825
RUS,Russian Federation,RU,2013,2292470078346.22,15941.4482421875,3741783381914.27,9.06725564048848,0.07275361366931668
RUS,Russian Federation,RU,2014,2059241589895.01,14055.47265625,3763534951277.15,11.2004612827286,1.0473007316682668
RUS,Russian Federation,RU,2015,1363482182197.71,9277.7138671875,3526235948513.73,13.5407657768558,0.19392676647428014
RUS,Russian Federation,RU,2016,1276786350881.14,8663.158203125,3538975998887.58,14.2417395793548,-0.21894274680737008
RUS,Russian Federation,RU,2017,1574199360089.0,10658.9130859375,3807101264909.25,16.3253741158845,0.2803068465061239
RUS,Russian Federation,RU,2018,1657328773461.31,11211.8876953125,4231842328030.95,16.1685789853238,0.02583356748828662
RUS,Russian Federation,RU,2019,1693115002708.32,11447.701171875,4579553861372.4,17.2760484379376,0.07056670211221544
RUS,Russian Federation,RU,2020,1493075894362.14,10108.3271484375,4651428694918.23,22.992021036968,0.7065749337614967
RUS,Russian Federation,RU,2021,1829186719575.1,12425.029296875,5688268314339.54,21.0287512612177,0.03989701093417147
RUS,Russian Federation,RU,2022,2291612121334.64,15619.6142578125,6006312352159.35,19.2884758032917,0.1803584326229534
RUS,Russian Federation,RU,2023,2071505725030.58,14159.3876953125,6476475754986.43,18.5032227571465,-0.12489643057368699
RUS,Russian Federation,RU,2024,2173835806671.66,14889.0185546875,6921249292202.15,,
RWA,Rwanda,RW,1960,119000024.0,39.3740728069473,,,
RWA,Rwanda,RW,1961,122000016.0,39.2689714974898,,,
RWA,Rwanda,RW,1962,125000008.0,39.2338440533266,,,
RWA,Rwanda,RW,1963,128000000.0,39.2771771983712,,,
RWA,Rwanda,RW,1964,129999994.0,38.9824483017745,,,
RWA,Rwanda,RW,1965,148799980.0,43.4679672003763,,,
RWA,Rwanda,RW,1966,124525702.857143,35.3602860886258,,,
RWA,Rwanda,RW,1967,159560018.0,43.9610505576821,,,
RWA,Rwanda,RW,1968,172200018.0,45.9934717054709,,,
RWA,Rwanda,RW,1969,188700037.0,48.8699283215294,,,
RWA,Rwanda,RW,1970,219900006.0,55.2419721408638,,,
RWA,Rwanda,RW,1971,222952504.40607,54.3780760416401,,,
RWA,Rwanda,RW,1972,246457838.336681,58.397695523384,,,
RWA,Rwanda,RW,1973,290746157.145921,66.9143871506847,,,
RWA,Rwanda,RW,1974,308458423.183854,68.9411498886186,,,
RWA,Rwanda,RW,1975,571863500.248658,124.109648019297,,,
RWA,Rwanda,RW,1976,637753853.12552,134.378431212254,,,
RWA,Rwanda,RW,1977,746650613.034794,152.744262359212,,,
RWA,Rwanda,RW,1978,905709076.42303,179.876527812666,,,
RWA,Rwanda,RW,1979,1109346130.95265,213.765751335745,,,
RWA,Rwanda,RW,1980,1254765641.52116,234.392851442674,,,
RWA,Rwanda,RW,1981,1407062526.91521,254.569201374867,,,
RWA,Rwanda,RW,1982,1407243139.2545,246.385549568864,,,
RWA,Rwanda,RW,1983,1479687586.94292,250.568951735636,,,
RWA,Rwanda,RW,1984,1587413083.9206,259.906684530767,,,
RWA,Rwanda,RW,1985,1715626330.59472,271.578979038705,,,
RWA,Rwanda,RW,1986,1944710683.87148,297.725981822308,,,
RWA,Rwanda,RW,1987,2157432667.61598,319.643663252334,,,
RWA,Rwanda,RW,1988,2395492686.78165,343.781325819105,,,
RWA,Rwanda,RW,1989,2405022593.05165,334.741963422255,,,
RWA,Rwanda,RW,1990,2550185679.08109,345.773495134655,4047688796.92629,49.7969202729087,
RWA,Rwanda,RW,1991,1911600236.67461,253.966902025944,4079357918.08343,47.8601030997282,-11.2102916760603
RWA,Rwanda,RW,1992,2029026961.55894,264.083914517464,4417349465.28964,48.4289742567034,0.20042838735994528
RWA,Rwanda,RW,1993,1971525711.83511,247.023318476014,4155375490.21931,,
RWA,Rwanda,RW,1994,753636370.454545,110.953668251372,2111522282.59588,,
RWA,Rwanda,RW,1995,1293535193.49248,227.971147849318,2915153009.22621,,
RWA,Rwanda,RW,1996,1382334879.40812,206.04911417485,3346881456.15382,,
RWA,Rwanda,RW,1997,1851558197.31088,238.749371368214,3876124899.07635,,
RWA,Rwanda,RW,1998,1989343546.17594,246.154673288384,4266919480.36244,,
RWA,Rwanda,RW,1999,2157108262.84452,264.74368682977,4515619866.12742,,
RWA,Rwanda,RW,2000,2068836754.37431,251.86926386091,5004467698.10714,,
RWA,Rwanda,RW,2001,1966600715.49841,237.308846200901,5551320709.32467,,
RWA,Rwanda,RW,2002,1966003468.49117,234.043016755733,6381302687.72686,,
RWA,Rwanda,RW,2003,2138237278.73822,249.012274982252,6650605420.44309,,
RWA,Rwanda,RW,2004,2376496067.01198,269.540446333402,7338080449.46763,,
RWA,Rwanda,RW,2005,2933819766.17656,324.016863847189,8277897287.50844,,
RWA,Rwanda,RW,2006,3319784538.73346,356.995022901154,9320536566.8454,,
RWA,Rwanda,RW,2007,4070507894.61656,426.234183487629,10303793752.125,,
RWA,Rwanda,RW,2008,5179854064.57033,528.326391755502,11674507626.4737,,
RWA,Rwanda,RW,2009,5674476969.06444,564.039095842449,12480466164.1991,,
RWA,Rwanda,RW,2010,6124756654.12346,593.624927744346,13558663650.0134,,
RWA,Rwanda,RW,2011,6884913658.10632,651.133677964662,14939706886.5951,,
RWA,Rwanda,RW,2012,7654761044.99335,706.8172686891,15752362606.6545,,
RWA,Rwanda,RW,2013,7819964024.13272,704.92421796616,16775811479.3717,,
RWA,Rwanda,RW,2014,8238966119.55292,724.957526109262,19065160590.414,,
RWA,Rwanda,RW,2015,8543760205.73641,733.998630392314,20727872754.8486,,
RWA,Rwanda,RW,2016,8695272060.67925,729.519134044611,22245840208.4371,,
RWA,Rwanda,RW,2017,9252833894.1905,758.300966737624,24012956927.8089,,
RWA,Rwanda,RW,2018,9637904518.99702,771.773511057901,26543175894.3984,,
RWA,Rwanda,RW,2019,10349300276.7623,810.051412137354,29845483474.6833,,
RWA,Rwanda,RW,2020,10174386854.812,778.701498787411,29854116562.1372,,
RWA,Rwanda,RW,2021,11078787095.1791,829.544845639777,36505744034.3984,,
RWA,Rwanda,RW,2022,13316161005.7244,975.469323979541,42300132773.9933,,
RWA,Rwanda,RW,2023,14331722700.3249,1027.03446804432,47437550805.895,,
RWA,Rwanda,RW,2024,14251642231.4932,999.654561402699,52904129982.2052,,
SAU,Saudi Arabia,SA,1960,1748124063.55556,717.796628958557,,,
SAU,Saudi Arabia,SA,1961,1920811284.22222,760.311740320004,,,
SAU,Saudi Arabia,SA,1962,2130606531.77778,812.926247668855,,,
SAU,Saudi Arabia,SA,1963,2207393171.55556,811.738274661234,,,
SAU,Saudi Arabia,SA,1964,2371808712.88889,840.480371460232,,,
SAU,Saudi Arabia,SA,1965,2647955557.55556,904.118334125664,,,
SAU,Saudi Arabia,SA,1966,2920555557.11111,960.744776733843,,,
SAU,Saudi Arabia,SA,1967,3257022222.66667,1031.60360297585,,,
SAU,Saudi Arabia,SA,1968,4187777711.11111,1275.70709426176,,,
SAU,Saudi Arabia,SA,1969,4485777644.44444,1312.73865737123,,,
SAU,Saudi Arabia,SA,1970,5377333333.33333,1509.43961165521,,,
SAU,Saudi Arabia,SA,1971,7184806909.28939,1929.30910330483,,,
SAU,Saudi Arabia,SA,1972,9664267086.60323,2474.38683208975,,,
SAU,Saudi Arabia,SA,1973,14947435499.323,3640.08361192413,,,
SAU,Saudi Arabia,SA,1974,45412957746.4789,10503.4280777085,,,
SAU,Saudi Arabia,SA,1975,46773208642.6814,10265.6414406471,,,
SAU,Saudi Arabia,SA,1976,64005665722.3796,13312.5119926546,,,
SAU,Saudi Arabia,SA,1977,74188986586.0629,14595.3739933329,,,
SAU,Saudi Arabia,SA,1978,80266516686.5614,14914.1542686138,,,
SAU,Saudi Arabia,SA,1979,111858444786.224,19611.565126033,,,
SAU,Saudi Arabia,SA,1980,164539660725.118,27205.6452285141,,,
SAU,Saudi Arabia,SA,1981,184291360138.69,28703.35585508,,,
SAU,Saudi Arabia,SA,1982,153240313858.323,22454.4843169614,,,
SAU,Saudi Arabia,SA,1983,129171635311.143,17809.5527471054,,,
SAU,Saudi Arabia,SA,1984,119624858115.778,15541.1312184609,,,
SAU,Saudi Arabia,SA,1985,103897846493.65,12745.41992535,,,
SAU,Saudi Arabia,SA,1986,86961922765.3254,10078.2896080512,,,
SAU,Saudi Arabia,SA,1987,85695861148.1976,9385.98469519899,,,
SAU,Saudi Arabia,SA,1988,88256074766.3551,9165.49615323397,,,
SAU,Saudi Arabia,SA,1989,95344459279.0387,9413.58119352769,,,
SAU,Saudi Arabia,SA,1990,117630173564.753,11054.7495049666,491751055347.616,,
SAU,Saudi Arabia,SA,1991,132223230974.633,11847.1699534218,550173996956.347,,
SAU,Saudi Arabia,SA,1992,137087850467.29,11730.2687665244,588487130439.719,,
SAU,Saudi Arabia,SA,1993,132967957276.368,10884.8607880777,604724456103.32,,
SAU,Saudi Arabia,SA,1994,135174899866.489,10601.9196697805,623522389044.841,,
SAU,Saudi Arabia,SA,1995,143343124165.554,10786.4008952769,638580031139.213,,
SAU,Saudi Arabia,SA,1996,158662483311.081,11471.5045960191,671760317832.843,,
SAU,Saudi Arabia,SA,1997,165963684913.218,11545.3455998551,701434785761.135,,
SAU,Saudi Arabia,SA,1998,146775466666.667,9836.05729768574,729205911399.882,,
SAU,Saudi Arabia,SA,1999,161717066666.667,10452.1899400479,734840786918.406,,
SAU,Saudi Arabia,SA,2000,189514933333.333,11714.5623675159,786942500319.904,,
SAU,Saudi Arabia,SA,2001,184137600000.0,10805.311325122,807434815802.741,,
SAU,Saudi Arabia,SA,2002,189605866666.667,10586.0543471363,814337632395.963,,
SAU,Saudi Arabia,SA,2003,215807733333.333,11487.220410693,903232120247.593,,
SAU,Saudi Arabia,SA,2004,258742133333.333,13154.4978989446,1007575196084.01,,
SAU,Saudi Arabia,SA,2005,328459608764.111,15975.7473782258,1100944673778.9,,
SAU,Saudi Arabia,SA,2006,376900133511.348,17563.6145370639,1172500616123.68,,
SAU,Saudi Arabia,SA,2007,415964509673.115,18596.1502627898,1230924985846.62,,
SAU,Saudi Arabia,SA,2008,519796800000.0,22320.4888964331,1332905707164.03,,
SAU,Saudi Arabia,SA,2009,429097866666.667,17718.3911648365,1326820783280.99,,
SAU,Saudi Arabia,SA,2010,528207466666.667,22028.3901426586,1410623398554.68,,
SAU,Saudi Arabia,SA,2011,680660800000.0,27126.7498747702,1609021434441.12,,
SAU,Saudi Arabia,SA,2012,751921333333.333,28733.4375513452,1701855662189.08,,
SAU,Saudi Arabia,SA,2013,769755733333.333,27865.465604962,1718292769472.73,,
SAU,Saudi Arabia,SA,2014,787153066666.667,27805.4850319422,1771539691265.8,,
SAU,Saudi Arabia,SA,2015,693414400000.0,23256.1549553531,1608022150954.67,,
SAU,Saudi Arabia,SA,2016,689279466666.667,22267.7217050387,1545761853587.76,,
SAU,Saudi Arabia,SA,2017,741266133333.333,23929.2907135982,1645531261860.11,,
SAU,Saudi Arabia,SA,2018,886564800000.0,29360.0658968566,1792988810566.04,,
SAU,Saudi Arabia,SA,2019,888890133333.333,29566.7933827436,1790607498345.21,,
SAU,Saudi Arabia,SA,2020,767951200000.0,24338.8307301067,1499327559869.91,,
SAU,Saudi Arabia,SA,2021,982661066666.667,31920.7653655643,1929888259783.05,,
SAU,Saudi Arabia,SA,2022,1239075200000.0,38510.2276211037,2315588932554.49,,
SAU,Saudi Arabia,SA,2023,1218584533333.33,36156.848337701,2411929204431.52,,
SAU,Saudi Arabia,SA,2024,1237529866666.67,35057.2252306969,2514913068784.39,,
SDN,Sudan,SD,1960,1126364161.7644,99.7131195068359,,,
SDN,Sudan,SD,1961,1222860428.55503,105.313102722168,,,
SDN,Sudan,SD,1962,1328259624.72217,111.213455200195,,,
SDN,Sudan,SD,1963,1351234926.33899,109.939208984375,,,
SDN,Sudan,SD,1964,1388282600.1961,109.650077819824,,,
SDN,Sudan,SD,1965,1446869619.31898,110.889373779297,,,
SDN,Sudan,SD,1966,1484491675.71652,110.502571105957,,,
SDN,Sudan,SD,1967,1607409539.36648,116.241035461426,,,
SDN,Sudan,SD,1968,1677771400.56798,117.824935913086,,,
SDN,Sudan,SD,1969,1847501441.26221,125.984886169434,,,
SDN,Sudan,SD,1970,2100229759.04718,139.038482666016,,,
SDN,Sudan,SD,1971,2288340041.03486,146.931610107422,,,
SDN,Sudan,SD,1972,2483055722.23738,154.511581420898,,,
SDN,Sudan,SD,1973,3077254460.30228,184.524200439453,,,
SDN,Sudan,SD,1974,3958931659.84759,228.787322998047,,,
SDN,Sudan,SD,1975,4823090191.91008,269.652893066406,,,
SDN,Sudan,SD,1976,6013210815.66115,325.185607910156,,,
SDN,Sudan,SD,1977,7499005639.37649,392.399383544922,,,
SDN,Sudan,SD,1978,8128719315.0792,410.072082519531,,,
SDN,Sudan,SD,1979,8418407786.60599,408.899627685547,,,
SDN,Sudan,SD,1980,8951800000.0,418.348785400391,,,
SDN,Sudan,SD,1981,10753888154.2798,483.802581787109,,,
SDN,Sudan,SD,1982,8732542273.73424,378.945373535156,,,
SDN,Sudan,SD,1983,8230153846.15385,346.221649169922,,,
SDN,Sudan,SD,1984,10447615384.6154,429.993377685547,,,
SDN,Sudan,SD,1985,8075259600.3398,326.402770996094,,,
SDN,Sudan,SD,1986,10092200000.0,400.333557128906,,,
SDN,Sudan,SD,1987,12093333333.3333,471.1572265625,,,
SDN,Sudan,SD,1988,14372555555.5556,553.07861328125,,,
SDN,Sudan,SD,1989,21408111111.1111,814.267517089844,,,
SDN,Sudan,SD,1990,33641222222.2222,1257.1875,39282199947.6431,,
SDN,Sudan,SD,1991,44171194366.2039,1617.55676269531,43660879338.9877,,
SDN,Sudan,SD,1992,7031933491.84899,252.610092163086,47593246916.681,,
SDN,Sudan,SD,1993,8881005435.80602,312.693908691406,50947318273.8448,,
SDN,Sudan,SD,1994,12793794737.042,439.420806884766,52558737453.4486,,
SDN,Sudan,SD,1995,13830363899.9163,462.585235595703,56878813964.0924,,
SDN,Sudan,SD,1996,9018300724.66086,294.826965332031,61348495374.2324,,
SDN,Sudan,SD,1997,11681175864.3383,373.09375,73834691685.0222,,
SDN,Sudan,SD,1998,11250221536.7484,350.702880859375,77881417319.3581,786.949168449653,
SDN,Sudan,SD,1999,10682028339.6898,324.659606933594,81435239642.8928,865.873242919908,1.114096317109166
SDN,Sudan,SD,2000,12257299147.2936,362.116882324219,88564739249.0336,,
SDN,Sudan,SD,2001,15716361792.1926,451.293304443359,96445600317.7709,,
SDN,Sudan,SD,2002,18137128388.3606,506.262634277344,103827359884.418,,
SDN,Sudan,SD,2003,21355298459.5955,580.320251464844,112535655148.557,,
SDN,Sudan,SD,2004,26646007250.7319,705.113342285156,121502742732.612,,
SDN,Sudan,SD,2005,35182711987.974,905.543640136719,132384431093.173,,
SDN,Sudan,SD,2006,45263831634.1497,1132.474609375,145380169265.989,,
SDN,Sudan,SD,2007,59440139774.8128,1444.37219238281,157882741887.181,,
SDN,Sudan,SD,2008,64833083257.1431,1527.58239746094,167115045790.856,,
SDN,Sudan,SD,2009,51621044076.9231,1178.22180175781,163492001090.788,,
SDN,Sudan,SD,2010,58962978034.4828,1305.63598632813,171863473858.078,,
SDN,Sudan,SD,2011,55018567210.5263,1332.6572265625,169772374359.292,,
SDN,Sudan,SD,2012,37632919966.6667,1019.22210693359,136998908640.888,,
SDN,Sudan,SD,2013,43024018082.1918,1138.62780761719,140750771539.855,,
SDN,Sudan,SD,2014,49516748617.9775,1275.43835449219,165409530125.751,,
SDN,Sudan,SD,2015,51726758676.7677,1292.37963867188,168783439920.87,,
SDN,Sudan,SD,2016,42630376000.0,1033.21594238281,184446367323.917,,
SDN,Sudan,SD,2017,41283617976.1905,966.505676269531,181639236414.642,,
SDN,Sudan,SD,2018,32333780383.2924,731.027465820313,185735342775.64,,
SDN,Sudan,SD,2019,32338079165.2893,709.975280761719,178285831253.721,,
SDN,Sudan,SD,2020,27034593750.0,577.795227050781,156677404687.453,,
SDN,Sudan,SD,2021,34229513774.9936,712.122009277344,156168260027.791,,
SDN,Sudan,SD,2022,51666875363.0963,1046.24084472656,165699797555.15,,
SDN,Sudan,SD,2023,39898289820.7951,797.283447265625,121136486067.806,,
SDN,Sudan,SD,2024,49909807029.6996,989.312866210938,107325139957.427,,
SEN,Senegal,SN,1960,1003692370.46869,300.425115236279,,,
SEN,Senegal,SN,1961,1058975256.97025,308.166383753301,,,
SEN,Senegal,SN,1962,1085475790.59112,307.092565107939,,,
SEN,Senegal,SN,1963,1122139861.67805,308.629849224244,,,
SEN,Senegal,SN,1964,1188930645.34423,317.850426568454,,,
SEN,Senegal,SN,1965,1210058228.17112,314.318146394326,,,
SEN,Senegal,SN,1966,1246908185.96343,314.534344145945,,,
SEN,Senegal,SN,1967,1246480765.97984,305.22048105837,,,
SEN,Senegal,SN,1968,1309384861.92219,311.196146846683,,,
SEN,Senegal,SN,1969,1245234931.43233,287.253148792203,,,
SEN,Senegal,SN,1970,1297407654.92832,290.486425297989,,,
SEN,Senegal,SN,1971,1339549032.83782,291.08835742165,,,
SEN,Senegal,SN,1972,1620857103.53492,341.835352336553,,,
SEN,Senegal,SN,1973,1863398590.4556,381.439007163828,,,
SEN,Senegal,SN,1974,2099325228.95651,417.407600285381,,,
SEN,Senegal,SN,1975,2830388404.8977,547.378148664851,,,
SEN,Senegal,SN,1976,2869777884.45166,540.594007051938,,,
SEN,Senegal,SN,1977,2938046462.7098,540.126849249781,,,
SEN,Senegal,SN,1978,3280354920.8516,589.134045255614,,,
SEN,Senegal,SN,1979,4084877822.91679,716.281436518959,,,
SEN,Senegal,SN,1980,4510108290.69571,771.533969550579,,,
SEN,Senegal,SN,1981,4095892780.58289,682.972070210382,,,
SEN,Senegal,SN,1982,4013951442.67081,651.93712330983,,,
SEN,Senegal,SN,1983,3569356124.93159,564.369336303935,,,
SEN,Senegal,SN,1984,3485165431.71354,536.231765402514,,,
SEN,Senegal,SN,1985,3818944917.56713,571.417166069201,,,
SEN,Senegal,SN,1986,5392093445.51053,783.940524706279,,,
SEN,Senegal,SN,1987,6487353102.81483,916.09484148409,,,
SEN,Senegal,SN,1988,6418419388.63499,880.487755138196,,,
SEN,Senegal,SN,1989,6366039372.53683,848.555548058968,,,
SEN,Senegal,SN,1990,7390967360.42121,957.314337438177,11681748026.0262,,
SEN,Senegal,SN,1991,7255210469.51743,913.399575796737,12398041146.3121,,
SEN,Senegal,SN,1992,7769817839.95644,951.204960087807,12847987579.7314,,
SEN,Senegal,SN,1993,7367986241.21869,877.52900343803,13331428997.512,,
SEN,Senegal,SN,1994,5034588195.55806,583.782776032181,13609610967.8949,,
SEN,Senegal,SN,1995,6326342633.4034,714.994396357297,14654819908.6086,,
SEN,Senegal,SN,1996,6559712165.96508,723.469950081149,15224558681.9116,,
SEN,Senegal,SN,1997,6041478725.90443,650.776321407448,15958773498.3803,,
SEN,Senegal,SN,1998,6505607909.05324,684.588105785786,17090032848.8921,,
SEN,Senegal,SN,1999,6592834932.80876,677.516338727268,18420888625.311,,
SEN,Senegal,SN,2000,6013185003.97525,603.233162455158,19570436636.2383,,
SEN,Senegal,SN,2001,6507824829.26254,637.213530563724,20873751077.3476,,
SEN,Senegal,SN,2002,7006402319.75856,669.430447319209,21212690441.3542,,
SEN,Senegal,SN,2003,8768721563.18211,817.888034221442,22841550966.6433,,
SEN,Senegal,SN,2004,10076816666.6196,918.102079522155,24544901105.2273,,
SEN,Senegal,SN,2005,11009033437.939,979.846101520171,26405610456.2947,,
SEN,Senegal,SN,2006,11697918243.0035,1017.20196747987,27854350284.0448,,
SEN,Senegal,SN,2007,13994218412.9619,1188.93877808175,29417807069.8791,,
SEN,Senegal,SN,2008,16853989627.548,1398.79218010021,31094983347.2252,,
SEN,Senegal,SN,2009,16145867494.9405,1308.69404336205,32147815840.6992,,
SEN,Senegal,SN,2010,16121315909.0758,1275.88357492357,33641848599.7654,,
SEN,Senegal,SN,2011,17814283639.3119,1374.67591873844,34793989168.2758,,
SEN,Senegal,SN,2012,17660870411.5235,1326.83798848379,36793686306.646,,
SEN,Senegal,SN,2013,18918667724.8817,1379.83196553924,37962162529.6039,,
SEN,Senegal,SN,2014,19797253440.2679,1398.89137601382,40387333256.6553,,
SEN,Senegal,SN,2015,17774766696.1759,1218.00613555438,43696523920.8699,,
SEN,Senegal,SN,2016,19040312333.1864,1266.43957151587,46623906157.9398,,
SEN,Senegal,SN,2017,20996562943.5979,1356.80518449031,50051751949.2583,,
SEN,Senegal,SN,2018,23116701556.1381,1452.55612562445,53794440219.2467,,
SEN,Senegal,SN,2019,23403995992.1354,1431.18128932159,59654664271.8226,,
SEN,Senegal,SN,2020,24530513037.7518,1461.08720350553,63008586953.5983,,
SEN,Senegal,SN,2021,27520784129.7508,1598.10676952274,71874343647.3324,,
SEN,Senegal,SN,2022,27783332222.6759,1574.0281059306,79963390334.37,,
SEN,Senegal,SN,2023,30696331295.7826,1698.03387300843,86367675226.1367,,
SEN,Senegal,SN,2024,32267254425.052,1743.98888384359,94552533446.064,,
SGP,Singapore,SG,1960,704751700.302494,428.056183371291,,,
SGP,Singapore,SG,1961,764629788.123689,449.148136820776,,,
SGP,Singapore,SG,1962,826239211.817511,472.082740153988,,,
SGP,Singapore,SG,1963,917608012.491752,511.202235371449,,,
SGP,Singapore,SG,1964,894153311.424857,485.530686047381,,,
SGP,Singapore,SG,1965,974644096.144674,516.531928636745,,,
SGP,Singapore,SG,1966,1096425608.09089,566.803974405961,,,
SGP,Singapore,SG,1967,1238035815.78586,626.029437593984,,,
SGP,Singapore,SG,1968,1425706091.0356,708.601436896422,,,
SGP,Singapore,SG,1969,1659893767.84419,812.677487316618,,,
SGP,Singapore,SG,1970,1920574150.17542,925.797864348214,,,
SGP,Singapore,SG,1971,2263785443.61688,1071.41154035538,,,
SGP,Singapore,SG,1972,2721440980.75851,1264.37510720987,,,
SGP,Singapore,SG,1973,3696213333.33333,1685.45979632163,,,
SGP,Singapore,SG,1974,5221534955.64418,2341.70551423633,,,
SGP,Singapore,SG,1975,5633673929.99302,2489.91157517591,,,
SGP,Singapore,SG,1976,6327077974.10703,2758.94038028476,,,
SGP,Singapore,SG,1977,6618585073.66035,2846.33598832854,,,
SGP,Singapore,SG,1978,7517176354.84135,3193.90565722355,,,
SGP,Singapore,SG,1979,9296921723.83465,3900.53355310873,,,
SGP,Singapore,SG,1980,11896256782.8566,4928.13911785754,,,
SGP,Singapore,SG,1981,14175228843.6391,5596.58597723068,,,
SGP,Singapore,SG,1982,16084252378.473,6077.63424070932,,,
SGP,Singapore,SG,1983,17784112149.5327,6633.23667366491,,,
SGP,Singapore,SG,1984,19749361097.965,7228.31758410647,,,
SGP,Singapore,SG,1985,19156532745.7691,7001.7667477117,,,
SGP,Singapore,SG,1986,18586746056.9974,6799.93036332671,,,
SGP,Singapore,SG,1987,20919215578.2125,7539.02930212443,,,
SGP,Singapore,SG,1988,25371462488.1292,8914.44122574729,,,
SGP,Singapore,SG,1989,30465364738.6206,10394.5389962406,,,
SGP,Singapore,SG,1990,36144336768.7023,11861.7561591366,72567935287.6421,77.855311856756,
SGP,Singapore,SG,1991,45466164978.2923,14502.3799938606,80039818619.3695,78.97732191875,1.0395870792311728
SGP,Singapore,SG,1992,52131320032.8797,16136.2405377661,87299407293.3142,81.8827558107494,0.9337446388328172
SGP,Singapore,SG,1993,60603815716.2653,18290.130113185,99610026324.2282,72.8796371846888,0.12032534894700694
SGP,Singapore,SG,1994,73688724431.1412,21552.4100366948,113025308153.0,70.2818345454772,0.5681540251304238
SGP,Singapore,SG,1995,87812540788.4293,24914.8507020358,123675157845.667,72.7804903132088,1.1381015421545073
SGP,Singapore,SG,1996,96293086513.0872,26232.866096827,135348780539.884,72.735334061978,0.5250041544185109
SGP,Singapore,SG,1997,100123787215.299,26375.8653668113,149132789364.437,71.3607292667242,0.10229002247194995
SGP,Singapore,SG,1998,85728207781.7785,21829.2737831583,147504597165.021,82.599116639914,0.3920436343758553
SGP,Singapore,SG,1999,86286849754.8905,21796.6373891001,158146154734.85,87.8603784550691,0.4699697746130737
SGP,Singapore,SG,2000,96076539925.7409,23852.8389514753,176346004851.501,83.842291725532,0.260486767877055
SGP,Singapore,SG,2001,89793790669.6515,21699.7414868907,178385824943.607,93.9363125102557,1.8610479172172556
SGP,Singapore,SG,2002,92538372869.6942,22159.8373710639,188265410325.5,106.332540928351,1.4220664982154332
SGP,Singapore,SG,2003,97646401095.6369,23730.3840054566,200714210204.552,108.589983770079,0.6133770299070949
SGP,Singapore,SG,2004,115033593101.049,27608.080013423,226599047614.941,101.779018993689,0.4267305718207026
SGP,Singapore,SG,2005,127807848728.398,29961.3172812732,250919344759.03,94.9666937754733,0.17659429595094966
SGP,Singapore,SG,2006,148627286361.351,33768.4528234651,281953944534.812,82.8374805427534,0.05620214568546682
SGP,Singapore,SG,2007,180941701357.97,39432.8860198877,315718477176.864,77.2760743035509,0.49476604174528566
SGP,Singapore,SG,2008,193617323539.203,40008.5720489092,327798172582.134,96.4099647516113,3.877726069916405
SGP,Singapore,SG,2009,194150283771.566,38926.8054365453,330241984295.075,106.372468302322,8.125034994092248
SGP,Singapore,SG,2010,239807980591.24,47236.683084953,382788414439.613,101.449782417951,0.6996141386921442
SGP,Singapore,SG,2011,279356499090.458,53891.4570264372,414966621180.859,104.78518384861,1.5364295167794475
SGP,Singapore,SG,2012,295092888076.589,55547.5553077786,436192127374.617,107.828093624626,1.199915527920371
SGP,Singapore,SG,2013,307576360584.992,56967.4257940383,448607292111.358,99.4464888561159,-0.9922658895680507
SGP,Singapore,SG,2014,314863580758.455,57564.8023114977,462493850769.64,99.6097986729595,0.5588920859192544
SGP,Singapore,SG,2015,307998545269.398,55645.6068614606,482409671479.023,103.320839751929,0.23055562585656517
SGP,Singapore,SG,2016,319646468521.497,57005.5887176547,504104924057.74,108.854265917764,1.3699832872294957
SGP,Singapore,SG,2017,343673334902.33,61236.251270627,537340573560.544,109.197026214998,0.8223773320216621
SGP,Singapore,SG,2018,377123710560.614,66881.6067035265,586215721477.775,110.689756336508,0.8625294550694114
SGP,Singapore,SG,2019,376161998830.048,65952.0378959293,600787105909.488,128.078092485423,4.415764112968304
SGP,Singapore,SG,2020,349165858544.568,61410.0792630788,577213563024.154,151.706326367087,-2.033024242584908
SGP,Singapore,SG,2021,436591382250.464,80056.1288247844,723237492898.215,149.289112306688,0.8360047709196615
SGP,Singapore,SG,2022,509017841146.557,90299.0694637269,806629380658.055,154.103642983248,1.5904621089077056
SGP,Singapore,SG,2023,505439514078.019,85412.230345235,850875741862.077,175.596688403377,2.3305874009865817
SGP,Singapore,SG,2024,547386645891.847,90674.066632628,909690217412.881,,
SLB,Solomon Islands,SB,1960,,,,,
SLB,Solomon Islands,SB,1961,,,,,
SLB,Solomon Islands,SB,1962,,,,,
SLB,Solomon Islands,SB,1963,,,,,
SLB,Solomon Islands,SB,1964,,,,,
SLB,Solomon Islands,SB,1965,,,,,
SLB,Solomon Islands,SB,1966,,,,,
SLB,Solomon Islands,SB,1967,25203524.0325638,153.450784088184,,,
SLB,Solomon Islands,SB,1968,28084252.7582748,166.888037688373,,,
SLB,Solomon Islands,SB,1969,28606411.398041,165.857344778641,,,
SLB,Solomon Islands,SB,1970,,,,,
SLB,Solomon Islands,SB,1971,50056882.8213879,277.11312090761,,,
SLB,Solomon Islands,SB,1972,40606712.050639,219.502859825935,,,
SLB,Solomon Islands,SB,1973,55272108.8435374,291.252272932738,,,
SLB,Solomon Islands,SB,1974,84539332.282562,433.443902987382,,,
SLB,Solomon Islands,SB,1975,74620320.0295339,371.718806188648,,,
SLB,Solomon Islands,SB,1976,83100834.307935,401.077416855387,,,
SLB,Solomon Islands,SB,1977,93145283.3557141,434.409813335233,,,
SLB,Solomon Islands,SB,1978,111027427.208358,500.058223062566,,,
SLB,Solomon Islands,SB,1979,151276496.482533,657.858329669684,,,
SLB,Solomon Islands,SB,1980,182852106.523408,767.850616345384,,,
SLB,Solomon Islands,SB,1981,193750540.701429,785.830912783879,,,
SLB,Solomon Islands,SB,1982,192902018.733318,755.885653343722,,,
SLB,Solomon Islands,SB,1983,181220398.969839,686.264140182978,,,
SLB,Solomon Islands,SB,1984,181570473.771605,664.696440482807,,,
SLB,Solomon Islands,SB,1985,165524943.492123,586.02235220521,,,
SLB,Solomon Islands,SB,1986,147620047.660063,505.821806525665,,,
SLB,Solomon Islands,SB,1987,155128542.419178,514.6693332731,,,
SLB,Solomon Islands,SB,1988,176494394.043362,567.022935580171,,,
SLB,Solomon Islands,SB,1989,172882410.578561,538.101762870503,,,
SLB,Solomon Islands,SB,1990,214877666.846068,648.325212624098,419692327.583828,,
SLB,Solomon Islands,SB,1991,227540473.340087,665.833104132659,459918668.832816,,
SLB,Solomon Islands,SB,1992,269034595.812985,763.857968549522,530140279.467793,,
SLB,Solomon Islands,SB,1993,300746361.128739,828.869997791691,564414576.678305,,
SLB,Solomon Islands,SB,1994,402837005.272596,1078.0410925874,623159696.649089,,
SLB,Solomon Islands,SB,1995,469443201.503274,1220.17919311126,700411749.32746,,
SLB,Solomon Islands,SB,1996,510586430.190127,1289.33036923435,724717058.277744,,
SLB,Solomon Islands,SB,1997,526554005.954357,1292.23951946469,730475717.882167,,
SLB,Solomon Islands,SB,1998,457579840.225066,1091.89096889326,748225494.260818,,
SLB,Solomon Islands,SB,1999,488024514.369359,1133.62256531791,755127828.252177,,
SLB,Solomon Islands,SB,2000,419842674.227652,953.17190137706,661981252.640134,,
SLB,Solomon Islands,SB,2001,409508552.979972,911.791935385411,623029784.03389,,
SLB,Solomon Islands,SB,2002,346406738.885237,756.890296490792,614995816.129944,,
SLB,Solomon Islands,SB,2003,417668983.408349,895.989272661716,668048893.431304,,
SLB,Solomon Islands,SB,2004,468005318.551977,986.081904026618,738721774.068295,,
SLB,Solomon Islands,SB,2005,552864570.225819,1144.45758513252,817942284.43673,,
SLB,Solomon Islands,SB,2006,617258154.260133,1255.62589099975,878058873.663981,,
SLB,Solomon Islands,SB,2007,695295347.621537,1390.1569662696,934672062.420001,,
SLB,Solomon Islands,SB,2008,776337691.795098,1525.85092434029,1011994076.21695,,
SLB,Solomon Islands,SB,2009,805557562.580059,1554.70723718073,1047400863.41169,,
SLB,Solomon Islands,SB,2010,898133684.898793,1685.15499035363,1163051301.40964,,
SLB,Solomon Islands,SB,2011,1063895360.69907,1924.05277323978,1275243266.72819,13.9268083446706,
SLB,Solomon Islands,SB,2012,1185215418.25562,2066.25352289833,1331023520.87781,11.5924393632523,-0.19310218914223048
SLB,Solomon Islands,SB,2013,1285911586.132,2161.39573596215,1424577977.84044,10.105282402522,-0.07963684148995014
SLB,Solomon Islands,SB,2014,1335571420.72676,2164.9442392168,1466625068.55014,8.72033980449154,-0.32056037121327685
SLB,Solomon Islands,SB,2015,1307909887.55212,2045.47889485251,1505046895.23646,6.73762563417532,-0.7377133470209379
SLB,Solomon Islands,SB,2016,1379490304.2254,2082.62989047871,1603745490.75223,6.25958874127244,-0.017950124580081765
SLB,Solomon Islands,SB,2017,1469789119.08756,2143.57465243959,1682669410.83853,8.40245792327997,0.47068103664163724
SLB,Solomon Islands,SB,2018,1615478393.28614,2278.20633913383,1768482075.11046,7.68564585571841,0.007709070647738952
SLB,Solomon Islands,SB,2019,1619155017.3924,2223.66502559565,1829103725.63271,7.74418282960556,0.020295994044652627
SLB,Solomon Islands,SB,2020,1536145814.17007,2063.33101522108,1790742946.55102,11.463900323928,-1.3219726329608126
SLB,Solomon Islands,SB,2021,1522794913.0914,1996.86976779348,1920525664.42788,,
SLB,Solomon Islands,SB,2022,1566360686.10632,2005.4139933198,2106879008.43794,15.3931660730361,
SLB,Solomon Islands,SB,2023,1660896530.71894,2076.10768772563,2240672978.6838,,
SLB,Solomon Islands,SB,2024,1760767447.17461,2149.37957267304,2353128856.82257,,
SLE,Sierra Leone,SL,1960,322151960.784314,142.020018367626,,,
SLE,Sierra Leone,SL,1961,327978758.169935,142.33786782723,,,
SLE,Sierra Leone,SL,1962,342872549.019608,146.386474591271,,,
SLE,Sierra Leone,SL,1963,348700980.392157,146.374146037984,,,
SLE,Sierra Leone,SL,1964,372011437.908497,153.445377149921,,,
SLE,Sierra Leone,SL,1965,359523809.523809,145.634852800585,,,
SLE,Sierra Leone,SL,1966,375630252.10084,149.377465901987,,,
SLE,Sierra Leone,SL,1967,348895027.624309,136.160320866939,,,
SLE,Sierra Leone,SL,1968,329991596.638655,126.359392356155,,,
SLE,Sierra Leone,SL,1969,408853541.416567,153.625504737819,,,
SLE,Sierra Leone,SL,1970,434584633.853541,160.228174260952,,,
SLE,Sierra Leone,SL,1971,419495788.20698,151.814001266268,,,
SLE,Sierra Leone,SL,1972,465254681.64794,165.312914085741,,,
SLE,Sierra Leone,SL,1973,575471813.72549,200.725792251881,,,
SLE,Sierra Leone,SL,1974,648940350.877193,222.204917404145,,,
SLE,Sierra Leone,SL,1975,679352876.106195,228.38023883298,,,
SLE,Sierra Leone,SL,1976,594810422.28212,196.383549462207,,,
SLE,Sierra Leone,SL,1977,692079406.631763,224.311183297528,,,
SLE,Sierra Leone,SL,1978,960765042.979943,305.439469244624,,,
SLE,Sierra Leone,SL,1979,1109343424.78713,345.859320544491,,,
SLE,Sierra Leone,SL,1980,1100476190.47619,336.322205929053,,,
SLE,Sierra Leone,SL,1981,1114926660.91458,333.916350972039,,,
SLE,Sierra Leone,SL,1982,1294995964.48749,379.966675641387,,,
SLE,Sierra Leone,SL,1983,995278514.588859,285.864362600006,,,
SLE,Sierra Leone,SL,1984,1087450199.20319,305.570145315637,,,
SLE,Sierra Leone,SL,1985,856890459.363958,235.510529343624,,,
SLE,Sierra Leone,SL,1986,490181456.62441,131.473041005587,,,
SLE,Sierra Leone,SL,1987,660106336.104339,172.364214833661,,,
SLE,Sierra Leone,SL,1988,1055083933.07498,268.160979625957,,,
SLE,Sierra Leone,SL,1989,932974420.276529,231.275622974338,,,
SLE,Sierra Leone,SL,1990,649644097.566129,154.794072467618,5800107037.34636,,
SLE,Sierra Leone,SL,1991,779981987.10656,183.686515027567,6137285333.67878,,
SLE,Sierra Leone,SL,1992,679940813.948366,163.197571684381,5083677189.73615,,
SLE,Sierra Leone,SL,1993,768867882.965994,184.951609154872,5275710862.62851,,
SLE,Sierra Leone,SL,1994,911853802.365613,218.507275126222,5283425673.2805,,
SLE,Sierra Leone,SL,1995,870740291.519248,208.351997250955,4962679794.35113,,
SLE,Sierra Leone,SL,1996,941709422.502965,224.258711163044,5142164694.6974,,
SLE,Sierra Leone,SL,1997,850232760.017239,199.880001395777,4923418037.57841,,
SLE,Sierra Leone,SL,1998,672368187.114756,156.51811883387,5067621968.57863,,
SLE,Sierra Leone,SL,1999,669386623.951402,155.020833269007,5037611643.06096,,
SLE,Sierra Leone,SL,2000,635866403.776065,143.743743239644,5494453617.1521,,
SLE,Sierra Leone,SL,2001,1681473893.76655,358.315716051546,5261673086.04525,,
SLE,Sierra Leone,SL,2002,1933863910.73227,388.995111216836,6760740234.31567,,
SLE,Sierra Leone,SL,2003,2142618045.93129,413.817607346927,7548040797.73179,,
SLE,Sierra Leone,SL,2004,2237350687.46606,417.749983329227,8253190498.19189,,
SLE,Sierra Leone,SL,2005,2545275312.60512,462.633324427945,8882533946.52934,,
SLE,Sierra Leone,SL,2006,3263697466.73514,580.26796974773,9548637953.60345,,
SLE,Sierra Leone,SL,2007,3632957611.35152,631.889926264998,10175086579.955,,
SLE,Sierra Leone,SL,2008,4157895298.19572,705.359014080005,10753417038.6619,,
SLE,Sierra Leone,SL,2009,3953403098.37107,652.845806767943,10985371002.627,,
SLE,Sierra Leone,SL,2010,4262805966.78755,685.039673490948,11825553291.1596,,
SLE,Sierra Leone,SL,2011,4861632884.67985,761.146365577281,13047238199.0292,,
SLE,Sierra Leone,SL,2012,6141666509.36295,937.504428180231,15180106235.0926,,
SLE,Sierra Leone,SL,2013,7502762862.72657,1117.47183075115,18132893193.6871,,
SLE,Sierra Leone,SL,2014,7686138790.90872,1117.7586465721,18992888503.1033,,
SLE,Sierra Leone,SL,2015,6788352974.78329,964.575980888989,18016747683.9373,,
SLE,Sierra Leone,SL,2016,6084297211.10217,844.416411175476,18985500633.4743,,
SLE,Sierra Leone,SL,2017,5749846528.48046,779.186007841728,18458970768.5457,,
SLE,Sierra Leone,SL,2018,6390514688.52816,845.914540460932,19947639782.9398,,
SLE,Sierra Leone,SL,2019,6526183564.19893,844.049555179116,20916106901.8837,,
SLE,Sierra Leone,SL,2020,6693888876.28565,845.982914284565,21532775187.7736,,
SLE,Sierra Leone,SL,2021,7173379137.26091,886.192939104469,23085417016.3665,,
SLE,Sierra Leone,SL,2022,7124465159.65304,860.774590932595,26045397865.5962,,
SLE,Sierra Leone,SL,2023,6411787856.06581,757.848680560444,28523326333.4677,,
SLE,Sierra Leone,SL,2024,7547843281.27425,873.388575182318,30381570304.5728,,
SLV,El Salvador,SV,1960,,,,,
SLV,El Salvador,SV,1961,,,,,
SLV,El Salvador,SV,1962,,,,,
SLV,El Salvador,SV,1963,,,,,
SLV,El Salvador,SV,1964,,,,,
SLV,El Salvador,SV,1965,877720000.0,274.333279365994,,,
SLV,El Salvador,SV,1966,929520000.0,282.44637356687,,,
SLV,El Salvador,SV,1967,976200000.0,288.374280393621,,,
SLV,El Salvador,SV,1968,1009760100.0,290.096510171735,,,
SLV,El Salvador,SV,1969,1049400000.0,293.416580804896,,,
SLV,El Salvador,SV,1970,1132920000.0,308.798853901934,,,
SLV,El Salvador,SV,1971,1186120000.0,315.665399785976,,,
SLV,El Salvador,SV,1972,1263720000.0,328.509448039035,,,
SLV,El Salvador,SV,1973,1442320000.0,366.250658952563,,,
SLV,El Salvador,SV,1974,1665880000.0,413.403476363207,,,
SLV,El Salvador,SV,1975,1884120100.0,457.260871327372,,,
SLV,El Salvador,SV,1976,2328280100.0,552.994933864727,,,
SLV,El Salvador,SV,1977,2941640100.0,683.90258566335,,,
SLV,El Salvador,SV,1978,3127960000.0,711.852264187957,,,
SLV,El Salvador,SV,1979,3463639900.0,773.066953129952,,,
SLV,El Salvador,SV,1980,3573959900.0,787.149605473724,,,
SLV,El Salvador,SV,1981,3437200200.0,752.024012607538,,,
SLV,El Salvador,SV,1982,3399189100.0,735.360954743528,,,
SLV,El Salvador,SV,1983,3506347800.0,744.863912246485,,,
SLV,El Salvador,SV,1984,3661683400.0,763.168218110743,,,
SLV,El Salvador,SV,1985,3800368600.0,776.424283705702,,,
SLV,El Salvador,SV,1986,3771663200.0,755.425135831439,,,
SLV,El Salvador,SV,1987,3958045800.0,777.239402479086,,,
SLV,El Salvador,SV,1988,4189880000.0,806.392353256927,,,
SLV,El Salvador,SV,1989,4372215300.0,825.105232536306,,,
SLV,El Salvador,SV,1990,4817542204.0,892.18271519703,15423444436.6784,,
SLV,El Salvador,SV,1991,5252342400.0,955.826897421092,16183269031.9122,,
SLV,El Salvador,SV,1992,5813399300.0,1040.78164082019,17714341895.7591,,
SLV,El Salvador,SV,1993,6680269200.0,1180.26854267621,19189336027.4354,,
SLV,El Salvador,SV,1994,7679384000.0,1343.9290572544,20518666721.9317,,
SLV,El Salvador,SV,1995,8921947100.0,1548.3763038362,21940616241.3864,,
SLV,El Salvador,SV,1996,9586327800.0,1651.31016800895,22523596496.1984,,
SLV,El Salvador,SV,1997,10221705900.0,1748.92111971129,23630976029.2199,,
SLV,El Salvador,SV,1998,10936669900.0,1859.73085887742,24530359386.7219,24.6529338880384,
SLV,El Salvador,SV,1999,11284197000.0,1908.0804545224,25415347725.8356,28.1906634561591,0.5478942247822207
SLV,El Salvador,SV,2000,11784927700.0,1982.87093542615,26284209878.3362,27.376408936306,0.05202206111742086
SLV,El Salvador,SV,2001,12282533600.0,2058.04459070452,27112454179.2006,35.370552538118,1.3499760865641657
SLV,El Salvador,SV,2002,12664190300.0,2115.41187355626,27966864177.2524,62.446945384262,4.171299502728826
SLV,El Salvador,SV,2003,13243892200.0,2207.83089518069,28965452811.1664,57.9112234090821,-0.239037369236233
SLV,El Salvador,SV,2004,13724810900.0,2285.68907438892,30008906876.3667,56.5005963032977,0.0813643866380489
SLV,El Salvador,SV,2005,14698000000.0,2447.39140845394,31779534671.1116,56.2158116750578,0.28690388883971263
SLV,El Salvador,SV,2006,15999890000.0,2665.61807194853,34180345452.5987,50.5122222715281,-0.07526623980256765
SLV,El Salvador,SV,2007,17011750000.0,2830.65693770733,35755005601.732,48.4823724778462,0.10529256112263899
SLV,El Salvador,SV,2008,17986890000.0,2983.24829577976,37229049247.6601,48.4269376195663,0.3139662799527332
SLV,El Salvador,SV,2009,17601620000.0,2910.18651752011,36668754238.1559,58.1469205675387,-2.720531102621855
SLV,El Salvador,SV,2010,18447920000.0,3040.07300952878,37913901081.5744,57.4942866187624,0.2985190075890973
SLV,El Salvador,SV,2011,20283780000.0,3330.60049486653,40156336831.7232,54.5625709816415,0.20551396410328818
SLV,El Salvador,SV,2012,21386150000.0,3497.91256915509,41014930721.7797,54.8523398142256,0.7727189985900628
SLV,El Salvador,SV,2013,21990960000.0,3582.26694005169,43540259025.7112,62.3992767937371,0.7885692825442701
SLV,El Salvador,SV,2014,22593470000.0,3666.01248913873,46245033584.1948,50.8379544344007,-0.8267387791105512
SLV,El Salvador,SV,2015,23438240000.0,3790.34089108162,49059658944.8194,51.2784032678648,0.189260442896667
SLV,El Salvador,SV,2016,24191430000.0,3901.34014965811,52431584608.9046,52.0656561693955,0.1710214274033973
SLV,El Salvador,SV,2017,24979190000.0,4020.12671373919,55705683541.0245,55.248518820306,0.36810302530157846
SLV,El Salvador,SV,2018,26020850000.0,4183.54620971358,57245624328.4326,52.2142820084663,-0.13898747929797667
SLV,El Salvador,SV,2019,26881140000.0,4320.11671534627,60709614751.3463,53.8790393562178,0.25886330229682236
SLV,El Salvador,SV,2020,24921190000.0,3997.19279583709,58560345367.2006,70.3842794023881,-1.4224833901941174
SLV,El Salvador,SV,2021,29043140000.0,4642.60743101342,67623210509.8633,66.4690525886664,0.19465146752494938
SLV,El Salvador,SV,2022,31870120000.0,5074.60210221806,74584847418.3675,74.0361190983906,0.6163349304756988
SLV,El Salvador,SV,2023,33853940000.0,5365.44491399171,80003362561.6454,102.190173433284,2.030076452521549
SLV,El Salvador,SV,2024,35364960000.0,5579.65969165029,84069963659.7839,105.804728748456,0.6940439772398659
SMR,San Marino,SM,1960,,,,,
SMR,San Marino,SM,1961,,,,,
SMR,San Marino,SM,1962,,,,,
SMR,San Marino,SM,1963,,,,,
SMR,San Marino,SM,1964,,,,,
SMR,San Marino,SM,1965,,,,,
SMR,San Marino,SM,1966,,,,,
SMR,San Marino,SM,1967,,,,,
SMR,San Marino,SM,1968,,,,,
SMR,San Marino,SM,1969,,,,,
SMR,San Marino,SM,1970,,,,,
SMR,San Marino,SM,1971,,,,,
SMR,San Marino,SM,1972,,,,,
SMR,San Marino,SM,1973,,,,,
SMR,San Marino,SM,1974,,,,,
SMR,San Marino,SM,1975,,,,,
SMR,San Marino,SM,1976,,,,,
SMR,San Marino,SM,1977,,,,,
SMR,San Marino,SM,1978,,,,,
SMR,San Marino,SM,1979,,,,,
SMR,San Marino,SM,1980,,,,,
SMR,San Marino,SM,1981,,,,,
SMR,San Marino,SM,1982,,,,,
SMR,San Marino,SM,1983,,,,,
SMR,San Marino,SM,1984,,,,,
SMR,San Marino,SM,1985,,,,,
SMR,San Marino,SM,1986,,,,,
SMR,San Marino,SM,1987,,,,,
SMR,San Marino,SM,1988,,,,,
SMR,San Marino,SM,1989,,,,,
SMR,San Marino,SM,1990,,,,,
SMR,San Marino,SM,1991,,,,,
SMR,San Marino,SM,1992,,,,,
SMR,San Marino,SM,1993,,,,,
SMR,San Marino,SM,1994,,,,,
SMR,San Marino,SM,1995,,,,,
SMR,San Marino,SM,1996,,,,,
SMR,San Marino,SM,1997,976606693.570595,37852.9726190153,1146203066.27822,,
SMR,San Marino,SM,1998,1048316128.20361,40126.9331369802,1245617705.53978,,
SMR,San Marino,SM,1999,1109473367.84318,41931.7951488407,1377559955.21979,,
SMR,San Marino,SM,2000,1007661366.66959,37600.7077379601,1439466701.9155,,
SMR,San Marino,SM,2001,1059529812.37456,39035.1034290445,1553985487.89759,,
SMR,San Marino,SM,2002,1148872072.38556,41790.8432718184,1583039185.75676,12.7348281481481,
SMR,San Marino,SM,2003,1462590266.59186,52529.9093701059,1676814405.39186,26.5286653982985,2.577427116165344
SMR,San Marino,SM,2004,1715340542.988,58232.0176184948,1800232207.27163,31.9233677947788,1.2930775793126268
SMR,San Marino,SM,2005,1786514058.22344,59877.8005839737,1901704090.05078,39.3423254303621,1.5300958247945498
SMR,San Marino,SM,2006,1909765165.43137,63270.7780755157,2035432564.89852,47.7656117606838,1.565521778765973
SMR,San Marino,SM,2007,2188654628.38097,70124.4634385624,2239203606.92984,47.4509601321227,0.6199439303194357
SMR,San Marino,SM,2008,2403213305.03601,75902.1320521765,2270913390.01327,46.8685383304774,2.7692814441518583
SMR,San Marino,SM,2009,2064277126.41466,62428.9943269418,2049094350.39843,46.6074007324324,0.7404460716406701
SMR,San Marino,SM,2010,1881191925.32503,56543.1898204098,1960472690.11422,54.9724926638478,-0.8128055869769422
SMR,San Marino,SM,2011,1813717438.69134,55601.3929703047,1834547471.48532,44.8293754612433,1.755485479018101
SMR,San Marino,SM,2012,1604701299.43546,47945.8991734281,1716096717.85314,51.2177218791033,-0.07440432304544048
SMR,San Marino,SM,2013,1678741475.14095,50807.8289138024,1677503706.60645,54.0230135522152,-2.202867393358256
SMR,San Marino,SM,2014,1673911426.17254,51260.4938347125,1727750657.70467,53.3245594404762,-0.2846111232460485
SMR,San Marino,SM,2015,1419401070.56043,43146.8240435428,1718776395.90592,56.9302290727428,9.420007393929417
SMR,San Marino,SM,2016,1468343139.74326,44359.4797662688,1755447197.83168,57.3280875334167,0.9191170561296632
SMR,San Marino,SM,2017,1528620346.31168,45192.0279766943,1774575169.31538,54.5934447738196,-0.3788449749662758
SMR,San Marino,SM,2018,1655353653.05934,47950.6880557136,1880099391.17672,55.9404550948587,0.8669655248056669
SMR,San Marino,SM,2019,1616232125.12587,46627.0122356944,1991185509.31366,55.0853181002707,-0.3214241363839605
SMR,San Marino,SM,2020,1544714493.24409,44426.6463400658,1919532829.45196,98.3476214157992,-8.776829500587631
SMR,San Marino,SM,2021,1855395999.76534,54168.9828262684,2217650250.23726,95.1200992157321,0.8240529969825602
SMR,San Marino,SM,2022,1831700577.08904,54264.570495898,2563404991.87884,103.153573465904,0.3604002190968917
SMR,San Marino,SM,2023,,,,,
SMR,San Marino,SM,2024,,,,,
SOM,"Somalia, Fed. Rep.",SO,1960,180459936.776025,62.7396279412993,,,
SOM,"Somalia, Fed. Rep.",SO,1961,191659914.376034,64.9242576104754,,,
SOM,"Somalia, Fed. Rep.",SO,1962,203531927.547229,67.1702359919979,,,
SOM,"Somalia, Fed. Rep.",SO,1963,216145935.941626,69.4922344839154,,,
SOM,"Somalia, Fed. Rep.",SO,1964,229529912.668035,71.8899399360419,,,
SOM,"Somalia, Fed. Rep.",SO,1965,243725898.029641,74.3548708796131,,,
SOM,"Somalia, Fed. Rep.",SO,1966,257375897.049641,76.4837413887233,,,
SOM,"Somalia, Fed. Rep.",SO,1967,271781886.807245,78.6738966197917,,,
SOM,"Somalia, Fed. Rep.",SO,1968,286719885.312046,80.8438204901175,,,
SOM,"Somalia, Fed. Rep.",SO,1969,306357284.571429,84.1406268777878,,,
SOM,"Somalia, Fed. Rep.",SO,1970,347985394.285714,93.0828499649358,,,
SOM,"Somalia, Fed. Rep.",SO,1971,347039445.705569,90.4292309374489,,,
SOM,"Somalia, Fed. Rep.",SO,1972,447883941.190165,113.69240195555,,,
SOM,"Somalia, Fed. Rep.",SO,1973,483699610.602563,119.562133453537,,,
SOM,"Somalia, Fed. Rep.",SO,1974,572504035.901509,137.891575811774,,,
SOM,"Somalia, Fed. Rep.",SO,1975,757015878.792693,177.806143412254,,,
SOM,"Somalia, Fed. Rep.",SO,1976,871344245.115171,199.583547142014,,,
SOM,"Somalia, Fed. Rep.",SO,1977,498550724.637681,111.183132355277,,,
SOM,"Somalia, Fed. Rep.",SO,1978,564571823.20442,117.255345126001,,,
SOM,"Somalia, Fed. Rep.",SO,1979,589566929.133858,108.194947756464,,,
SOM,"Somalia, Fed. Rep.",SO,1980,602515548.452104,101.499312257078,,,
SOM,"Somalia, Fed. Rep.",SO,1981,699302473.050095,116.884526594286,,,
SOM,"Somalia, Fed. Rep.",SO,1982,774578931.96392,129.013919752012,,,
SOM,"Somalia, Fed. Rep.",SO,1983,735408641.768548,118.644340868341,,,
SOM,"Somalia, Fed. Rep.",SO,1984,787434541.728857,122.493293689734,,,
SOM,"Somalia, Fed. Rep.",SO,1985,875702247.191011,130.832875614815,,,
SOM,"Somalia, Fed. Rep.",SO,1986,916590786.326105,131.414859681198,,,
SOM,"Somalia, Fed. Rep.",SO,1987,1018972664.4638,140.969852181578,,,
SOM,"Somalia, Fed. Rep.",SO,1988,1051596967.1287,145.341346820158,,,
SOM,"Somalia, Fed. Rep.",SO,1989,1181360843.93549,166.042337271006,,,
SOM,"Somalia, Fed. Rep.",SO,1990,1031282081.16683,145.603501373513,,,
SOM,"Somalia, Fed. Rep.",SO,1991,717974929.763158,105.37132651622,3196142639.55324,,
SOM,"Somalia, Fed. Rep.",SO,1992,709297578.5,109.204910481074,2991496641.66161,,
SOM,"Somalia, Fed. Rep.",SO,1993,1260132955.78746,188.603158677914,3184613046.86111,,
SOM,"Somalia, Fed. Rep.",SO,1994,1481205097.98113,210.793779581384,2672117737.07809,,
SOM,"Somalia, Fed. Rep.",SO,1995,1534756134.55022,210.673254610492,2837012927.74139,,
SOM,"Somalia, Fed. Rep.",SO,1996,1792234297.39194,237.241440951671,3121397463.88513,,
SOM,"Somalia, Fed. Rep.",SO,1997,2191749013.58124,280.112724233259,3212707603.11258,,
SOM,"Somalia, Fed. Rep.",SO,1998,2962047564.41651,363.200013489992,3462797042.14335,,
SOM,"Somalia, Fed. Rep.",SO,1999,3045751527.66005,358.658780828071,3768802847.65495,,
SOM,"Somalia, Fed. Rep.",SO,2000,3412797450.20112,386.119274401275,4128217444.11005,,
SOM,"Somalia, Fed. Rep.",SO,2001,2252847464.68608,244.914842538455,4521310704.14783,,
SOM,"Somalia, Fed. Rep.",SO,2002,2192684134.59273,229.598918310039,4941920819.23799,,
SOM,"Somalia, Fed. Rep.",SO,2003,2836724351.5616,286.273025198975,5424016437.43473,,
SOM,"Somalia, Fed. Rep.",SO,2004,3859592813.10255,375.410326225387,5965908467.33035,,
SOM,"Somalia, Fed. Rep.",SO,2005,4683246454.10048,439.979907805478,6590462096.47949,,
SOM,"Somalia, Fed. Rep.",SO,2006,5026743282.04251,457.996662206659,7234365833.09903,,
SOM,"Somalia, Fed. Rep.",SO,2007,5430713728.89074,479.635628065289,7927778185.58666,,
SOM,"Somalia, Fed. Rep.",SO,2008,5913620292.90573,507.03744334738,8621462134.44866,,
SOM,"Somalia, Fed. Rep.",SO,2009,2948594552.44952,246.513251675105,9255348422.64424,,
SOM,"Somalia, Fed. Rep.",SO,2010,2687807003.73935,219.202453852397,9994942776.10102,,
SOM,"Somalia, Fed. Rep.",SO,2011,2906000096.93249,235.325945610434,10884050227.9368,,
SOM,"Somalia, Fed. Rep.",SO,2012,4364670159.99578,350.261946720512,12497699432.2334,,
SOM,"Somalia, Fed. Rep.",SO,2013,5062881600.00104,393.398703952979,12154103352.6435,,
SOM,"Somalia, Fed. Rep.",SO,2014,5728399719.99958,429.431656725102,15043200412.4411,,
SOM,"Somalia, Fed. Rep.",SO,2015,6152149099.99942,445.583080073396,18520522054.2121,,
SOM,"Somalia, Fed. Rep.",SO,2016,6613743069.99912,460.928490585175,21071187605.581,,
SOM,"Somalia, Fed. Rep.",SO,2017,7621501710.0012,510.939952317726,23819083389.0575,,
SOM,"Somalia, Fed. Rep.",SO,2018,7873440830.00128,509.525801898508,23976304650.2748,,
SOM,"Somalia, Fed. Rep.",SO,2019,8655023960.00102,539.893931565407,24817512990.2401,,
SOM,"Somalia, Fed. Rep.",SO,2020,8628393720.00185,518.184778494334,24216384566.5524,,
SOM,"Somalia, Fed. Rep.",SO,2021,9483997390.00062,549.114742721701,24049850383.6657,0.0018165819400767,
SOM,"Somalia, Fed. Rep.",SO,2022,10202767269.9992,573.128092472349,26467106675.8023,0.0016166582767583,-3.0367910424506548e-06
SOM,"Somalia, Fed. Rep.",SO,2023,10968517089.9982,597.458854603043,28575608117.4546,,
SOM,"Somalia, Fed. Rep.",SO,2024,12108515109.9996,636.983477589273,30429157389.6073,,
SRB,Serbia,RS,1960,,,,,
SRB,Serbia,RS,1961,,,,,
SRB,Serbia,RS,1962,,,,,
SRB,Serbia,RS,1963,,,,,
SRB,Serbia,RS,1964,,,,,
SRB,Serbia,RS,1965,,,,,
SRB,Serbia,RS,1966,,,,,
SRB,Serbia,RS,1967,,,,,
SRB,Serbia,RS,1968,,,,,
SRB,Serbia,RS,1969,,,,,
SRB,Serbia,RS,1970,,,,,
SRB,Serbia,RS,1971,,,,,
SRB,Serbia,RS,1972,,,,,
SRB,Serbia,RS,1973,,,,,
SRB,Serbia,RS,1974,,,,,
SRB,Serbia,RS,1975,,,,,
SRB,Serbia,RS,1976,,,,,
SRB,Serbia,RS,1977,,,,,
SRB,Serbia,RS,1978,,,,,
SRB,Serbia,RS,1979,,,,,
SRB,Serbia,RS,1980,,,,,
SRB,Serbia,RS,1981,,,,,
SRB,Serbia,RS,1982,,,,,
SRB,Serbia,RS,1983,,,,,
SRB,Serbia,RS,1984,,,,,
SRB,Serbia,RS,1985,,,,,
SRB,Serbia,RS,1986,,,,,
SRB,Serbia,RS,1987,,,,,
SRB,Serbia,RS,1988,,,,,
SRB,Serbia,RS,1989,,,,,
SRB,Serbia,RS,1990,,,,,
SRB,Serbia,RS,1991,,,,,
SRB,Serbia,RS,1992,,,,,
SRB,Serbia,RS,1993,,,,,
SRB,Serbia,RS,1994,,,,,
SRB,Serbia,RS,1995,17921892655.3672,2349.40645150289,38302237722.6205,,
SRB,Serbia,RS,1996,23277430167.5978,3053.90516860949,41408010061.622,,
SRB,Serbia,RS,1997,27153408994.8074,3573.50440240049,45884923685.682,,
SRB,Serbia,RS,1998,21004077441.4802,2775.47372982047,48879627041.4369,,
SRB,Serbia,RS,1999,20878694850.5767,2768.91041346166,44452831323.0461,,
SRB,Serbia,RS,2000,7326373882.11044,974.725469278615,48212406012.359,,
SRB,Serbia,RS,2001,13599378661.9952,1812.42088281393,51049545262.8293,,
SRB,Serbia,RS,2002,17930583571.3055,2390.73459447107,56720688820.7597,,
SRB,Serbia,RS,2003,23593044417.5086,3153.9011312754,60023937397.8356,,
SRB,Serbia,RS,2004,26845632341.8075,3597.08798057009,65051058715.4117,,
SRB,Serbia,RS,2005,28334256180.8801,3807.97417321786,69925508616.3632,,
SRB,Serbia,RS,2006,33298057361.7412,4492.7136699046,77566242918.0489,,
SRB,Serbia,RS,2007,44888028946.0854,6081.08765700202,86259818628.7086,,
SRB,Serbia,RS,2008,54220641201.6474,7376.73517910716,96453310769.8579,,
SRB,Serbia,RS,2009,46955984409.7271,6414.0448463847,95399006505.6812,,
SRB,Serbia,RS,2010,43536629233.1424,5970.92660940072,97132913474.1468,,
SRB,Serbia,RS,2011,51251098408.0924,7082.2861666075,103470091703.986,,
SRB,Serbia,RS,2012,45103269969.4112,6263.04086072815,104466206525.612,,
SRB,Serbia,RS,2013,50455529604.0696,7040.41812068781,109268355623.316,,
SRB,Serbia,RS,2014,49114321280.3466,6886.67809068704,109089071122.197,,
SRB,Serbia,RS,2015,41297410634.9586,5820.3215576888,110336653309.674,,
SRB,Serbia,RS,2016,42225495909.5633,5982.37030126471,116145024614.706,,
SRB,Serbia,RS,2017,45972834713.8077,6548.03653824187,121357054729.466,,
SRB,Serbia,RS,2018,52787520248.9242,7559.86165747394,128959381818.704,,
SRB,Serbia,RS,2019,53864693664.5568,7755.632986437,142981510856.386,,
SRB,Serbia,RS,2020,55874017668.998,8098.70955668849,144971610190.422,,
SRB,Serbia,RS,2021,66159884072.5308,9680.52798074468,159966578501.841,,
SRB,Serbia,RS,2022,66797564758.339,10022.9688543402,174890782225.665,,
SRB,Serbia,RS,2023,81342660752.3732,12281.5058488303,190405803486.781,,
SRB,Serbia,RS,2024,89083506277.2344,13523.7246826854,209916881496.891,,
SSD,South Sudan,SS,1960,,,,,
SSD,South Sudan,SS,1961,,,,,
SSD,South Sudan,SS,1962,,,,,
SSD,South Sudan,SS,1963,,,,,
SSD,South Sudan,SS,1964,,,,,
SSD,South Sudan,SS,1965,,,,,
SSD,South Sudan,SS,1966,,,,,
SSD,South Sudan,SS,1967,,,,,
SSD,South Sudan,SS,1968,,,,,
SSD,South Sudan,SS,1969,,,,,
SSD,South Sudan,SS,1970,,,,,
SSD,South Sudan,SS,1971,,,,,
SSD,South Sudan,SS,1972,,,,,
SSD,South Sudan,SS,1973,,,,,
SSD,South Sudan,SS,1974,,,,,
SSD,South Sudan,SS,1975,,,,,
SSD,South Sudan,SS,1976,,,,,
SSD,South Sudan,SS,1977,,,,,
SSD,South Sudan,SS,1978,,,,,
SSD,South Sudan,SS,1979,,,,,
SSD,South Sudan,SS,1980,,,,,
SSD,South Sudan,SS,1981,,,,,
SSD,South Sudan,SS,1982,,,,,
SSD,South Sudan,SS,1983,,,,,
SSD,South Sudan,SS,1984,,,,,
SSD,South Sudan,SS,1985,,,,,
SSD,South Sudan,SS,1986,,,,,
SSD,South Sudan,SS,1987,,,,,
SSD,South Sudan,SS,1988,,,,,
SSD,South Sudan,SS,1989,,,,,
SSD,South Sudan,SS,1990,,,,,
SSD,South Sudan,SS,1991,,,,,
SSD,South Sudan,SS,1992,,,,,
SSD,South Sudan,SS,1993,,,,,
SSD,South Sudan,SS,1994,,,,,
SSD,South Sudan,SS,1995,,,,,
SSD,South Sudan,SS,1996,,,,,
SSD,South Sudan,SS,1997,,,,,
SSD,South Sudan,SS,1998,,,,,
SSD,South Sudan,SS,1999,,,,,
SSD,South Sudan,SS,2000,,,,,
SSD,South Sudan,SS,2001,,,,,
SSD,South Sudan,SS,2002,,,,,
SSD,South Sudan,SS,2003,,,,,
SSD,South Sudan,SS,2004,,,,,
SSD,South Sudan,SS,2005,,,,,
SSD,South Sudan,SS,2006,,,,,
SSD,South Sudan,SS,2007,,,,,
SSD,South Sudan,SS,2008,14586253383.0632,1654.21153546555,25459846093.883,,
SSD,South Sudan,SS,2009,12231264525.0671,1323.22068747862,26908388739.2192,,
SSD,South Sudan,SS,2010,14602072410.9506,1498.27034985194,28731556887.2399,,
SSD,South Sudan,SS,2011,14907308932.7534,1448.98435006408,27963579014.1695,,
SSD,South Sudan,SS,2012,11931472169.4915,1109.26050083408,15245740378.7431,,
SSD,South Sudan,SS,2013,18426469016.9492,1650.18943353528,21404113972.9807,,
SSD,South Sudan,SS,2014,13962212847.4576,1242.73450181032,15423015948.6817,,
SSD,South Sudan,SS,2015,11997800760.2242,1080.14718624765,12827976279.3273,,
SSD,South Sudan,SS,2016,,,,,
SSD,South Sudan,SS,2017,,,,,
SSD,South Sudan,SS,2018,,,,,
SSD,South Sudan,SS,2019,,,,,
SSD,South Sudan,SS,2020,,,,,
SSD,South Sudan,SS,2021,,,,,
SSD,South Sudan,SS,2022,,,,,
SSD,South Sudan,SS,2023,,,,,
SSD,South Sudan,SS,2024,,,,,
STP,Sao Tome and Principe,ST,1960,,,,,
STP,Sao Tome and Principe,ST,1961,,,,,
STP,Sao Tome and Principe,ST,1962,,,,,
STP,Sao Tome and Principe,ST,1963,,,,,
STP,Sao Tome and Principe,ST,1964,,,,,
STP,Sao Tome and Principe,ST,1965,,,,,
STP,Sao Tome and Principe,ST,1966,,,,,
STP,Sao Tome and Principe,ST,1967,,,,,
STP,Sao Tome and Principe,ST,1968,,,,,
STP,Sao Tome and Principe,ST,1969,,,,,
STP,Sao Tome and Principe,ST,1970,37211826.0869565,479.373226585893,,,
STP,Sao Tome and Principe,ST,1971,37288845.210287,470.047210516664,,,
STP,Sao Tome and Principe,ST,1972,41430256.8067496,511.225883278212,,,
STP,Sao Tome and Principe,ST,1973,56011244.7398414,676.480648564475,,,
STP,Sao Tome and Principe,ST,1974,57817591.4570048,682.841924804006,,,
STP,Sao Tome and Principe,ST,1975,60101709.8452627,693.150687886501,,,
STP,Sao Tome and Principe,ST,1976,52039421.1975774,585.225491976985,,,
STP,Sao Tome and Principe,ST,1977,49207692.3210324,538.961153996478,,,
STP,Sao Tome and Principe,ST,1978,55044562.8014217,586.866567172971,,,
STP,Sao Tome and Principe,ST,1979,65755928.1359723,683.1642785186,,,
STP,Sao Tome and Principe,ST,1980,81662231.0329968,828.688007722406,,,
STP,Sao Tome and Principe,ST,1981,83499263.5007481,829.888818772033,,,
STP,Sao Tome and Principe,ST,1982,80307762.6236105,783.429221364288,,,
STP,Sao Tome and Principe,ST,1983,75110289.1832665,719.585065944304,,,
STP,Sao Tome and Principe,ST,1984,78213795.9250336,735.13352186245,,,
STP,Sao Tome and Principe,ST,1985,82733069.4418031,761.407990592529,,,
STP,Sao Tome and Principe,ST,1986,115928906.745482,1042.99511241999,,,
STP,Sao Tome and Principe,ST,1987,115952925.468271,1017.85413731046,,,
STP,Sao Tome and Principe,ST,1988,99000764.3902251,846.60177007008,,,
STP,Sao Tome and Principe,ST,1989,98545367.0431211,821.355129173615,,,
STP,Sao Tome and Principe,ST,1990,119297932.757045,970.059625606155,185010526.618417,,
STP,Sao Tome and Principe,ST,1991,107484142.71556,855.105075821698,193564361.916908,,
STP,Sao Tome and Principe,ST,1992,94861780.6228352,740.471318576498,199361233.722547,,
STP,Sao Tome and Principe,ST,1993,125742228.756741,963.785698734091,206331693.852456,,
STP,Sao Tome and Principe,ST,1994,131338414.584209,989.500757799244,215373508.524696,,
STP,Sao Tome and Principe,ST,1995,103695236.781001,768.710751184259,224287008.239663,,
STP,Sao Tome and Principe,ST,1996,135188165.74708,987.048712395264,231819075.3717,,
STP,Sao Tome and Principe,ST,1997,91920274.2401657,661.668232822488,238166165.569073,,
STP,Sao Tome and Principe,ST,1998,72285403.8423458,513.569380269738,246863874.920261,,
STP,Sao Tome and Principe,ST,1999,77302211.9248351,542.692548018387,256616187.662463,,
STP,Sao Tome and Principe,ST,2000,76198394.8202671,529.089383412262,263605693.710886,,
STP,Sao Tome and Principe,ST,2001,75951133.3777948,518.88050130005,277801323.03047,,
STP,Sao Tome and Principe,ST,2002,85171073.8777498,568.10257252271,291598047.849038,,
STP,Sao Tome and Principe,ST,2003,102085769.123419,663.696211810494,322010367.88493,,
STP,Sao Tome and Principe,ST,2004,114582283.916382,726.560882130444,342368284.965889,,
STP,Sao Tome and Principe,ST,2005,136450662.390592,844.169181884274,376459531.150897,,
STP,Sao Tome and Principe,ST,2006,142775104.081626,861.970707697664,422475544.05156,,
STP,Sao Tome and Principe,ST,2007,149146918.888611,878.885791918745,449722627.808042,,
STP,Sao Tome and Principe,ST,2008,188021165.00338,1081.8684584729,486939448.043886,,
STP,Sao Tome and Principe,ST,2009,200668065.03175,1128.28046213305,506122665.925758,,
STP,Sao Tome and Principe,ST,2010,190021192.489536,1045.20958234528,519693559.688637,,
STP,Sao Tome and Principe,ST,2011,226455001.243083,1219.80189089671,541020702.680323,,
STP,Sao Tome and Principe,ST,2012,229371348.202606,1210.79264672325,510473177.606587,,
STP,Sao Tome and Principe,ST,2013,267041747.584354,1382.5757842916,568963141.090766,,
STP,Sao Tome and Principe,ST,2014,293119143.246825,1489.67633417608,636217933.350876,,
STP,Sao Tome and Principe,ST,2015,259999643.047388,1298.10946596396,635224720.801456,,
STP,Sao Tome and Principe,ST,2016,292267272.196925,1434.87018050521,676154316.181896,,
STP,Sao Tome and Principe,ST,2017,322002845.229335,1555.79477812888,711213101.655078,,
STP,Sao Tome and Principe,ST,2018,383717327.830508,1825.59971753966,828353862.937865,,
STP,Sao Tome and Principe,ST,2019,412976082.620705,1935.2931816596,993443247.544168,,
STP,Sao Tome and Principe,ST,2020,471229484.607144,2167.22001796925,1118602098.8079,,
STP,Sao Tome and Principe,ST,2021,524402455.54816,2362.58827248102,1272434617.36875,,
STP,Sao Tome and Principe,ST,2022,540809499.189348,2389.73729784737,1365452217.67886,,
STP,Sao Tome and Principe,ST,2023,678976264.835436,2940.93352926715,1419852369.84081,,
STP,Sao Tome and Principe,ST,2024,764274042.735043,3244.82899741459,1467273474.71863,,
SUR,Suriname,SR,1960,99650000.0,377.579399662016,,,
SUR,Suriname,SR,1961,107700000.0,394.80774658988,,,
SUR,Suriname,SR,1962,116150000.0,409.105638366818,,,
SUR,Suriname,SR,1963,125950000.0,424.025532430631,,,
SUR,Suriname,SR,1964,134400000.0,434.893751961714,,,
SUR,Suriname,SR,1965,154150000.0,481.71875,,,
SUR,Suriname,SR,1966,190350000.0,574.84107690217,,,
SUR,Suriname,SR,1967,220700000.0,644.042967325106,,,
SUR,Suriname,SR,1968,241350000.0,680.595348207639,,,
SUR,Suriname,SR,1969,259650000.0,707.674445225753,,,
SUR,Suriname,SR,1970,274900000.0,724.484901513275,,,
SUR,Suriname,SR,1971,301000000.0,767.990365675678,,,
SUR,Suriname,SR,1972,311950000.0,784.951674957789,,,
SUR,Suriname,SR,1973,339450000.0,857.69079166793,,,
SUR,Suriname,SR,1974,409850000.0,1041.08454668306,,,
SUR,Suriname,SR,1975,465500000.0,1190.01968453614,,,
SUR,Suriname,SR,1976,505500000.0,1301.86536317022,,,
SUR,Suriname,SR,1977,641500000.0,1665.94384873282,,,
SUR,Suriname,SR,1978,735500000.0,1927.90601359888,,,
SUR,Suriname,SR,1979,782500000.0,2072.28775271317,,,
SUR,Suriname,SR,1980,795000000.0,2117.87083385503,,,
SUR,Suriname,SR,1981,889000000.0,2367.76851800063,,,
SUR,Suriname,SR,1982,915000000.0,2429.92391549707,,,
SUR,Suriname,SR,1983,883500000.0,2332.69790308016,,,
SUR,Suriname,SR,1984,864000000.0,2260.63794993629,,,
SUR,Suriname,SR,1985,873000000.0,2255.97717664327,,,
SUR,Suriname,SR,1986,891000000.0,2271.04733260266,,,
SUR,Suriname,SR,1987,980000000.0,2469.06737278634,,,
SUR,Suriname,SR,1988,1161000000.0,2886.42980207694,,,
SUR,Suriname,SR,1989,542600000.0,1328.57013435061,,,
SUR,Suriname,SR,1990,388400000.0,941.591736102188,2678193505.5522,,
SUR,Suriname,SR,1991,448100000.0,1079.72521342705,2843521586.82893,,
SUR,Suriname,SR,1992,404600000.0,968.895253466926,2919954587.74461,,
SUR,Suriname,SR,1993,428764705.882353,1022.44583519896,2788892862.96873,,
SUR,Suriname,SR,1994,605492537.313433,1433.54255652781,2945288230.75423,,
SUR,Suriname,SR,1995,691590497.737557,1609.82504373206,3007041750.03764,,
SUR,Suriname,SR,1996,861372806.2082,1962.88495820295,3092714578.008,,
SUR,Suriname,SR,1997,926422500.0,2067.59814938391,3325371427.87637,,
SUR,Suriname,SR,1998,1110850000.0,2428.58641994202,3440087304.71617,,
SUR,Suriname,SR,1999,886290697.674419,1898.1801816053,3439925148.29931,,
SUR,Suriname,SR,2000,947671969.69697,1988.22172925433,3591720896.43492,,
SUR,Suriname,SR,2001,834279357.798165,1714.64846637242,3826844332.47182,,
SUR,Suriname,SR,2002,1093574468.08511,2202.340682196,3995130087.71496,,
SUR,Suriname,SR,2003,1274190311.41869,2516.10404020956,4330668916.7416,,
SUR,Suriname,SR,2004,1484092538.40527,2887.7721728844,4825129979.64054,,
SUR,Suriname,SR,2005,1793410397.38738,3453.42865937765,5200358636.26088,,
SUR,Suriname,SR,2006,2626380435.17877,5002.65798695759,5671305389.2406,,
SUR,Suriname,SR,2007,2936612021.85792,5530.17615638309,6122697611.01588,,
SUR,Suriname,SR,2008,3532969034.60838,6576.08546307249,6499240326.10661,,
SUR,Suriname,SR,2009,3875409836.06557,7129.5768626291,6736401999.72809,,
SUR,Suriname,SR,2010,4368370997.92126,7943.60482816915,7170692978.31323,,
SUR,Suriname,SR,2011,4422276621.78703,7949.88867218383,7746725931.88615,,
SUR,Suriname,SR,2012,4980000000.0,8851.24050668908,8543540170.86024,,
SUR,Suriname,SR,2013,5145757575.75758,9043.19281529222,9202587589.4457,,
SUR,Suriname,SR,2014,5240606060.60606,9108.18905406764,9549802477.86613,,
SUR,Suriname,SR,2015,5126237646.22072,8813.61705392067,9622189492.37402,,
SUR,Suriname,SR,2016,3317421648.09918,5644.2061057532,8507962995.52901,,
SUR,Suriname,SR,2017,3591679430.99988,6049.52128553675,10430160138.1193,,
SUR,Suriname,SR,2018,3996198866.57453,6665.74180472239,10704591610.3525,,
SUR,Suriname,SR,2019,4016040575.08796,6629.66775248603,11976970718.446,,
SUR,Suriname,SR,2020,2911807496.20227,4755.39221710693,10376871438.022,,
SUR,Suriname,SR,2021,3107923197.96954,5029.84838543953,11405269573.3629,,
SUR,Suriname,SR,2022,3791603200.0259,6084.43876736445,12512408102.7077,,
SUR,Suriname,SR,2023,3455146280.83975,5494.07409425517,13291848753.1644,,
SUR,Suriname,SR,2024,4714267822.2233,7430.70219176443,13999818895.3817,,
SVK,Slovak Republic,SK,1960,,,,,
SVK,Slovak Republic,SK,1961,,,,,
SVK,Slovak Republic,SK,1962,,,,,
SVK,Slovak Republic,SK,1963,,,,,
SVK,Slovak Republic,SK,1964,,,,,
SVK,Slovak Republic,SK,1965,,,,,
SVK,Slovak Republic,SK,1966,,,,,
SVK,Slovak Republic,SK,1967,,,,,
SVK,Slovak Republic,SK,1968,,,,,
SVK,Slovak Republic,SK,1969,,,,,
SVK,Slovak Republic,SK,1970,,,,,
SVK,Slovak Republic,SK,1971,,,,,
SVK,Slovak Republic,SK,1972,,,,,
SVK,Slovak Republic,SK,1973,,,,,
SVK,Slovak Republic,SK,1974,,,,,
SVK,Slovak Republic,SK,1975,,,,,
SVK,Slovak Republic,SK,1976,,,,,
SVK,Slovak Republic,SK,1977,,,,,
SVK,Slovak Republic,SK,1978,,,,,
SVK,Slovak Republic,SK,1979,,,,,
SVK,Slovak Republic,SK,1980,,,,,
SVK,Slovak Republic,SK,1981,,,,,
SVK,Slovak Republic,SK,1982,,,,,
SVK,Slovak Republic,SK,1983,,,,,
SVK,Slovak Republic,SK,1984,,,,,
SVK,Slovak Republic,SK,1985,,,,,
SVK,Slovak Republic,SK,1986,,,,,
SVK,Slovak Republic,SK,1987,,,,,
SVK,Slovak Republic,SK,1988,,,,,
SVK,Slovak Republic,SK,1989,,,,,
SVK,Slovak Republic,SK,1990,12915046978.1615,2437.17517010845,45746148514.2538,,
SVK,Slovak Republic,SK,1991,14459924588.948,2726.59305498582,40400779746.444,,
SVK,Slovak Republic,SK,1992,15699327209.2121,2959.33644860111,38544037813.4043,,
SVK,Slovak Republic,SK,1993,16737973764.3476,3143.10143068756,40281536184.9059,,
SVK,Slovak Republic,SK,1994,20428139755.6056,3820.96427542658,43694753750.5836,,
SVK,Slovak Republic,SK,1995,26180022222.2222,4882.51158238228,47217920335.7263,,
SVK,Slovak Republic,SK,1996,28197790874.5247,5247.70081044708,51025664136.9488,,
SVK,Slovak Republic,SK,1997,27844628979.2682,5172.41757491248,54558166481.687,,
SVK,Slovak Republic,SK,1998,29976207629.4888,5560.916177503,57493674688.4548,,
SVK,Slovak Republic,SK,1999,30496272225.1337,5651.62327514236,57875786297.0919,,
SVK,Slovak Republic,SK,2000,29215726004.7765,5421.6448441887,61256649592.8426,,
SVK,Slovak Republic,SK,2001,30726659550.9717,5712.47802761654,66529367504.9256,,
SVK,Slovak Republic,SK,2002,35243658398.7546,6554.62808369461,71468766178.7321,,
SVK,Slovak Republic,SK,2003,46616149116.7411,8675.39633696465,75711230771.7745,,
SVK,Slovak Republic,SK,2004,57215475076.2986,10650.1290097126,81486342989.5548,,
SVK,Slovak Republic,SK,2005,62547753148.4638,11641.5410321763,89028795055.9132,,
SVK,Slovak Republic,SK,2006,70751813442.9881,13167.8954730379,101603248473.221,,
SVK,Slovak Republic,SK,2007,86587749517.9724,16110.4817265237,114119549668.013,,
SVK,Slovak Republic,SK,2008,100830060552.902,18744.3192278346,127563859479.374,,
SVK,Slovak Republic,SK,2009,89342984697.5246,16586.7527805228,124239476858.982,,
SVK,Slovak Republic,SK,2010,91112160800.7668,16899.448680529,136858656279.808,,
SVK,Slovak Republic,SK,2011,99705104723.4341,18469.4354316836,141446569656.423,,
SVK,Slovak Republic,SK,2012,94724394278.052,17516.9691054078,146127789163.241,,
SVK,Slovak Republic,SK,2013,99134277850.3418,18312.7805149823,151983350436.957,,
SVK,Slovak Republic,SK,2014,101713075598.862,18770.9289896545,157726426211.136,,
SVK,Slovak Republic,SK,2015,89178548717.3324,16442.0760860018,163560289937.06,,
SVK,Slovak Republic,SK,2016,90347173228.6356,16636.0769133073,162206967889.124,,
SVK,Slovak Republic,SK,2017,95978130734.9766,17645.5298716761,164513828512.121,,
SVK,Slovak Republic,SK,2018,106611673364.837,19573.3717031314,171626766869.264,,
SVK,Slovak Republic,SK,2019,105843498304.094,19406.0589683582,185362871936.432,,
SVK,Slovak Republic,SK,2020,107732602896.441,19735.4858280801,192849134106.197,,
SVK,Slovak Republic,SK,2021,120560912620.599,22132.4483028948,208880643198.039,,
SVK,Slovak Republic,SK,2022,115884262197.697,21334.6011006572,223223380690.808,,
SVK,Slovak Republic,SK,2023,133896931490.224,24673.5482979144,238504448129.551,,
SVK,Slovak Republic,SK,2024,141775733420.114,26147.9028430133,255817817489.38,,
SVN,Slovenia,SI,1960,,,,,
SVN,Slovenia,SI,1961,,,,,
SVN,Slovenia,SI,1962,,,,,
SVN,Slovenia,SI,1963,,,,,
SVN,Slovenia,SI,1964,,,,,
SVN,Slovenia,SI,1965,,,,,
SVN,Slovenia,SI,1966,,,,,
SVN,Slovenia,SI,1967,,,,,
SVN,Slovenia,SI,1968,,,,,
SVN,Slovenia,SI,1969,,,,,
SVN,Slovenia,SI,1970,,,,,
SVN,Slovenia,SI,1971,,,,,
SVN,Slovenia,SI,1972,,,,,
SVN,Slovenia,SI,1973,,,,,
SVN,Slovenia,SI,1974,,,,,
SVN,Slovenia,SI,1975,,,,,
SVN,Slovenia,SI,1976,,,,,
SVN,Slovenia,SI,1977,,,,,
SVN,Slovenia,SI,1978,,,,,
SVN,Slovenia,SI,1979,,,,,
SVN,Slovenia,SI,1980,,,,,
SVN,Slovenia,SI,1981,,,,,
SVN,Slovenia,SI,1982,,,,,
SVN,Slovenia,SI,1983,,,,,
SVN,Slovenia,SI,1984,,,,,
SVN,Slovenia,SI,1985,,,,,
SVN,Slovenia,SI,1986,,,,,
SVN,Slovenia,SI,1987,,,,,
SVN,Slovenia,SI,1988,,,,,
SVN,Slovenia,SI,1989,,,,,
SVN,Slovenia,SI,1990,19832029087.1272,9925.14071044684,26938867644.5379,,
SVN,Slovenia,SI,1991,14454495058.907,7229.31149788617,25371536116.9515,,
SVN,Slovenia,SI,1992,14277261540.7456,7151.15243829224,24531923988.7589,,
SVN,Slovenia,SI,1993,14449298371.7879,7254.58887417768,25827501799.4484,18.5258461655266,
SVN,Slovenia,SI,1994,16400767069.6294,8243.89895545106,27784330244.3451,16.2364911410258,-0.007126683011523544
SVN,Slovenia,SI,1995,21367422159.3207,10738.0887611468,27118369766.314,,
SVN,Slovenia,SI,1996,21470699362.6062,10796.7399446283,28395661031.2368,,
SVN,Slovenia,SI,1997,20726878751.5006,10436.7260661871,30292392684.5904,,
SVN,Slovenia,SI,1998,22058635314.4836,11131.5666628231,31691090003.5855,,
SVN,Slovenia,SI,1999,22609669083.7179,11401.4906790909,33725135986.596,,
SVN,Slovenia,SI,2000,20159190701.6789,10135.7219109212,35577452322.9334,,
SVN,Slovenia,SI,2001,20668868706.8115,10375.6255869861,37381898557.2193,,
SVN,Slovenia,SI,2002,23214593516.2095,11639.1297780477,39899174675.888,,
SVN,Slovenia,SI,2003,29360575031.8177,14711.674874253,41747228377.727,,
SVN,Slovenia,SI,2004,34156553313.4031,17103.8297783905,45114082973.0246,,
SVN,Slovenia,SI,2005,35947936823.7781,17969.7095907161,47375967613.7248,,
SVN,Slovenia,SI,2006,39260368837.0342,19563.005059144,51328698168.0764,,
SVN,Slovenia,SI,2007,47880266542.577,23725.1596001515,55435876564.1314,,
SVN,Slovenia,SI,2008,55509332322.3578,27461.9764165315,59549872276.1045,,
SVN,Slovenia,SI,2009,49975540954.8465,24501.7897290425,55508501254.0802,,
SVN,Slovenia,SI,2010,47793117240.9001,23329.8417691156,56505035971.223,,
SVN,Slovenia,SI,2011,51199194599.3094,24940.6284841605,58948688238.2166,,
SVN,Slovenia,SI,2012,46167053954.3367,22442.1417859955,59218840691.9658,,
SVN,Slovenia,SI,2013,47867056858.8892,23236.9655321695,61044782666.8722,,
SVN,Slovenia,SI,2014,49514466379.6057,24013.0682060959,63038801633.1833,,
SVN,Slovenia,SI,2015,42709468274.8137,20697.2748530619,64680613571.9783,,
SVN,Slovenia,SI,2016,44290685824.0682,21447.8377796036,69334151784.9407,,
SVN,Slovenia,SI,2017,48153200134.6613,23303.077705959,74761997302.4595,,
SVN,Slovenia,SI,2018,53689067639.9176,25888.0481065655,80094210481.808,,
SVN,Slovenia,SI,2019,53909922735.545,25814.1687167572,88491661031.4007,,
SVN,Slovenia,SI,2020,53384760135.1581,25392.0651093612,87812276776.0687,,
SVN,Slovenia,SI,2021,61529280461.092,29187.369382785,96790459870.841,,
SVN,Slovenia,SI,2022,59927702746.2843,28373.8382265999,107883106099.669,,
SVN,Slovenia,SI,2023,69148468417.3208,32610.110922729,114403545993.986,,
SVN,Slovenia,SI,2024,72485008929.2766,34089.3527652778,120202434629.026,,
SWE,Sweden,SE,1960,15930258332.069,2128.38884406565,,,
SWE,Sweden,SE,1961,17329819493.9904,2304.49788603539,,,
SWE,Sweden,SE,1962,18794282716.8476,2485.49414710873,,,
SWE,Sweden,SE,1963,20342365392.2225,2675.10362417593,,,
SWE,Sweden,SE,1964,22685750575.2235,2961.06283239536,,,
SWE,Sweden,SE,1965,24964233890.5922,3227.91678230659,,,
SWE,Sweden,SE,1966,27155028519.9472,3477.93731316877,,,
SWE,Sweden,SE,1967,29475219787.244,3746.2478747264,,,
SWE,Sweden,SE,1968,31278230633.5785,3953.12834043751,,,
SWE,Sweden,SE,1969,33967691454.3683,4262.97496488087,,,
SWE,Sweden,SE,1970,38037663341.8387,4729.40500975204,,,
SWE,Sweden,SE,1971,41506627519.0698,5125.32917499696,,,
SWE,Sweden,SE,1972,48883734671.5941,6018.45963232017,,,
SWE,Sweden,SE,1973,59319523962.1734,7290.71401910023,,,
SWE,Sweden,SE,1974,65918391224.0393,8078.27876796371,,,
SWE,Sweden,SE,1975,82766182746.4958,10102.7548636011,,,
SWE,Sweden,SE,1976,89233541403.6135,10852.6438272293,,,
SWE,Sweden,SE,1977,94332865494.4663,11432.15272476,,,
SWE,Sweden,SE,1978,104292130795.618,12602.3664021925,,,
SWE,Sweden,SE,1979,123208942175.363,14855.7663048123,,,
SWE,Sweden,SE,1980,141887695763.193,17073.2406585323,,,
SWE,Sweden,SE,1981,129500408223.723,15564.0119622243,,,
SWE,Sweden,SE,1982,114216043039.506,13719.2113978268,,,
SWE,Sweden,SE,1983,104863313508.367,12590.0946134283,,,
SWE,Sweden,SE,1984,109044297250.901,13080.1803912865,,,
SWE,Sweden,SE,1985,113959392484.803,13647.2005587291,,,
SWE,Sweden,SE,1986,150281594980.066,17955.1571459902,,,
SWE,Sweden,SE,1987,182746413790.928,21761.2144545083,,,
SWE,Sweden,SE,1988,206688963474.344,24499.4053182958,,,
SWE,Sweden,SE,1989,217634838449.487,25625.3103686166,,,
SWE,Sweden,SE,1990,261469578630.804,30549.6692751763,174444541108.456,,
SWE,Sweden,SE,1991,273834608019.843,31777.0327994132,178277144632.824,,
SWE,Sweden,SE,1992,283912173666.678,32753.8047025569,180227351648.906,,
SWE,Sweden,SE,1993,212647043708.405,24390.1538004271,180688307192.513,,
SWE,Sweden,SE,1994,228701658890.617,26045.8148927701,191797327583.021,,
SWE,Sweden,SE,1995,267052836695.499,30254.2972932631,203627407961.271,,
SWE,Sweden,SE,1996,291952430659.111,33022.5649478838,211678675068.223,,
SWE,Sweden,SE,1997,268251974485.586,30324.4510931063,219479910038.053,,
SWE,Sweden,SE,1998,270889570937.999,30605.6227188103,229199087522.528,,
SWE,Sweden,SE,1999,274320415375.678,30969.1033509483,243559999570.165,,
SWE,Sweden,SE,2000,262905197441.662,29632.7736101599,262879690462.463,,
SWE,Sweden,SE,2001,242499249692.616,27259.4806735435,266427022654.496,,
SWE,Sweden,SE,2002,267373345246.531,29957.9387652616,276560060890.271,,
SWE,Sweden,SE,2003,334074051172.972,37292.4214343004,284796233898.644,,
SWE,Sweden,SE,2004,384547211147.247,42758.2015503417,304065756556.434,,
SWE,Sweden,SE,2005,391690329314.475,43378.6152117149,308796792803.43,,
SWE,Sweden,SE,2006,422530427475.536,46531.6001120572,342150890773.634,,
SWE,Sweden,SE,2007,490050156832.574,53568.5645523213,373372894927.264,,
SWE,Sweden,SE,2008,514616528348.834,55817.4392710726,386364552808.263,,
SWE,Sweden,SE,2009,434313804907.366,46707.8673215418,372620769211.713,,
SWE,Sweden,SE,2010,492753255885.718,52542.8274141037,393469864282.61,,
SWE,Sweden,SE,2011,570541353128.724,60379.7748160321,418907440738.07,,
SWE,Sweden,SE,2012,549742183874.355,57749.8251328664,430342211368.346,,
SWE,Sweden,SE,2013,584128116410.29,60844.2767113975,442560499744.059,,
SWE,Sweden,SE,2014,577730245154.162,59583.7140001673,454179386100.656,,
SWE,Sweden,SE,2015,501698263620.663,51197.9529341175,478054809710.972,,
SWE,Sweden,SE,2016,514218206628.325,51820.3972482676,499029649583.467,,
SWE,Sweden,SE,2017,536083940228.684,53300.8587281785,517711152885.815,,
SWE,Sweden,SE,2018,551312498430.164,54181.9069780904,540532181742.57,,
SWE,Sweden,SE,2019,532169294165.94,51773.0464558993,586373975348.365,,
SWE,Sweden,SE,2020,545147614972.141,52653.7565934247,595211778250.693,,
SWE,Sweden,SE,2021,637186904843.636,61174.9680215622,653401537327.892,,
SWE,Sweden,SE,2022,579895717343.956,55296.9371472535,696077173608.22,,
SWE,Sweden,SE,2023,585489968189.064,55567.0890080496,708681710101.324,,
SWE,Sweden,SE,2024,610117791237.089,57723.2345031532,750771294152.114,,
SWZ,Eswatini,SZ,1960,35076845.9692616,101.572799813694,,,
SWZ,Eswatini,SZ,1961,43026042.7895829,121.795718753065,,,
SWZ,Eswatini,SZ,1962,45927961.6288154,127.095766410182,,,
SWZ,Eswatini,SZ,1963,54129438.3482247,146.391131380777,,,
SWZ,Eswatini,SZ,1964,64980554.0077784,171.608409764479,,,
SWZ,Eswatini,SZ,1965,70279971.8880112,180.977225619081,,,
SWZ,Eswatini,SZ,1966,76859969.2560123,192.744540046073,,,
SWZ,Eswatini,SZ,1967,74759970.096012,182.773359711151,,,
SWZ,Eswatini,SZ,1968,79799968.0800128,190.386590098492,,,
SWZ,Eswatini,SZ,1969,105419957.832017,245.233981580731,,,
SWZ,Eswatini,SZ,1970,112139955.144018,254.161125489597,,,
SWZ,Eswatini,SZ,1971,136462080.739132,301.119152172814,,,
SWZ,Eswatini,SZ,1972,146736479.235097,315.028466244508,,,
SWZ,Eswatini,SZ,1973,221915127.550763,463.251615844177,,,
SWZ,Eswatini,SZ,1974,264320940.959002,536.161003835798,,,
SWZ,Eswatini,SZ,1975,288299788.508035,567.884816620216,,,
SWZ,Eswatini,SZ,1976,272550068.137517,520.799625738095,,,
SWZ,Eswatini,SZ,1977,304060076.015019,562.711578492044,,,
SWZ,Eswatini,SZ,1978,340630085.157521,609.960650013647,,,
SWZ,Eswatini,SZ,1979,412093133.760988,713.953305118319,,,
SWZ,Eswatini,SZ,1980,541976852.577057,908.375601827987,,,
SWZ,Eswatini,SZ,1981,570774824.830585,925.368712517647,,,
SWZ,Eswatini,SZ,1982,537568059.413381,843.043006864844,,,
SWZ,Eswatini,SZ,1983,555336145.767884,842.750203378801,,,
SWZ,Eswatini,SZ,1984,494483408.878468,726.345118603826,,,
SWZ,Eswatini,SZ,1985,360079419.385958,509.885951472336,,,
SWZ,Eswatini,SZ,1986,449140318.385038,611.298158219647,,,
SWZ,Eswatini,SZ,1987,584126092.258819,764.752134047322,,,
SWZ,Eswatini,SZ,1988,692026454.737872,865.25154443731,,,
SWZ,Eswatini,SZ,1989,696921542.378265,831.847150129225,,,
SWZ,Eswatini,SZ,1990,1114694040.66987,1277.69173005665,2807272094.76597,,
SWZ,Eswatini,SZ,1991,1156135717.94598,1273.01224518903,2953298541.68758,,
SWZ,Eswatini,SZ,1992,1284759927.54594,1361.8169795148,3118050706.01875,,
SWZ,Eswatini,SZ,1993,1357189551.68431,1397.26593317978,3291104520.82845,,
SWZ,Eswatini,SZ,1994,1419294254.4183,1461.36400128736,3442072393.76006,,
SWZ,Eswatini,SZ,1995,1698989463.99106,1750.75400773784,3683826992.65865,,
SWZ,Eswatini,SZ,1996,1602741833.70552,1619.19119707662,3895394970.64174,,
SWZ,Eswatini,SZ,1997,1716714070.12471,1705.39874942229,4085519829.63538,,
SWZ,Eswatini,SZ,1998,1576908856.34674,1546.51519325373,4239019797.07001,,
SWZ,Eswatini,SZ,1999,1547888495.98428,1501.66426653189,4425864389.65062,22.7106420776584,
SWZ,Eswatini,SZ,2000,1738093840.36607,1668.9749133064,4605786407.29298,,
SWZ,Eswatini,SZ,2001,1542477308.89408,1467.5389023828,4759168538.65317,,
SWZ,Eswatini,SZ,2002,1432221739.12342,1351.86550182919,5044821451.04078,,
SWZ,Eswatini,SZ,2003,2197598466.25447,2060.18418135789,5344036677.86251,,
SWZ,Eswatini,SZ,2004,2770082791.50412,2581.24172793045,5686613579.97076,,
SWZ,Eswatini,SZ,2005,3178112498.67911,2945.36394872311,6216737891.83715,,
SWZ,Eswatini,SZ,2006,3291330019.17287,3035.06156119205,6792457076.88542,,
SWZ,Eswatini,SZ,2007,3469381231.49049,3180.86121498525,7285915483.80246,,
SWZ,Eswatini,SZ,2008,3294084314.15058,2999.82816920508,7487313103.01275,,
SWZ,Eswatini,SZ,2009,3580428052.81393,3239.7578007877,7651396257.38349,,
SWZ,Eswatini,SZ,2010,4438765085.93784,3992.95199562618,8038185567.46275,12.7334107582969,
SWZ,Eswatini,SZ,2011,4820478680.18375,4312.34243414155,8388385350.80315,12.5120949775288,0.10832867880705387
SWZ,Eswatini,SZ,2012,4886551483.93374,4347.99569336631,8717061582.03999,12.8823565660319,0.08020085604533712
SWZ,Eswatini,SZ,2013,4464726180.76995,3951.12008139006,9303890260.94781,,
SWZ,Eswatini,SZ,2014,4286015248.24891,3771.90796458406,9508092286.25292,14.3054524300389,
SWZ,Eswatini,SZ,2015,3909281650.36128,3420.75357067279,9592033992.45495,16.3804214354284,0.3243076436767523
SWZ,Eswatini,SZ,2016,3724180911.37828,3239.80707501414,9757468696.69039,20.5356750468602,0.7521328808598131
SWZ,Eswatini,SZ,2017,4463673661.23006,3853.99147918102,9944607527.38217,21.8812765721022,1.1324378173604657
SWZ,Eswatini,SZ,2018,4644696656.36967,3973.46344933667,9979139798.05611,27.1092960757239,8.178894228285118
SWZ,Eswatini,SZ,2019,4616996144.90635,3913.12643969301,10911800832.5906,29.8021176748841,0.12525242443912865
SWZ,Eswatini,SZ,2020,4120621324.89015,3454.784217446,11089502959.4158,38.4897448716836,1.18205681992302
SWZ,Eswatini,SZ,2021,4785708165.93031,3966.29863253832,12000822909.8146,35.8834888714425,0.1440354970891065
SWZ,Eswatini,SZ,2022,4741163884.9523,3889.65276959161,13000358552.0008,,
SWZ,Eswatini,SZ,2023,4604172127.36299,3741.69010745416,13932070260.5826,,
SWZ,Eswatini,SZ,2024,4891883720.15742,3936.10969242371,14645762517.3661,,
SXM,Sint Maarten (Dutch part),SX,1960,,,,,
SXM,Sint Maarten (Dutch part),SX,1961,,,,,
SXM,Sint Maarten (Dutch part),SX,1962,,,,,
SXM,Sint Maarten (Dutch part),SX,1963,,,,,
SXM,Sint Maarten (Dutch part),SX,1964,,,,,
SXM,Sint Maarten (Dutch part),SX,1965,,,,,
SXM,Sint Maarten (Dutch part),SX,1966,,,,,
SXM,Sint Maarten (Dutch part),SX,1967,,,,,
SXM,Sint Maarten (Dutch part),SX,1968,,,,,
SXM,Sint Maarten (Dutch part),SX,1969,,,,,
SXM,Sint Maarten (Dutch part),SX,1970,,,,,
SXM,Sint Maarten (Dutch part),SX,1971,,,,,
SXM,Sint Maarten (Dutch part),SX,1972,,,,,
SXM,Sint Maarten (Dutch part),SX,1973,,,,,
SXM,Sint Maarten (Dutch part),SX,1974,,,,,
SXM,Sint Maarten (Dutch part),SX,1975,,,,,
SXM,Sint Maarten (Dutch part),SX,1976,,,,,
SXM,Sint Maarten (Dutch part),SX,1977,,,,,
SXM,Sint Maarten (Dutch part),SX,1978,,,,,
SXM,Sint Maarten (Dutch part),SX,1979,,,,,
SXM,Sint Maarten (Dutch part),SX,1980,,,,,
SXM,Sint Maarten (Dutch part),SX,1981,,,,,
SXM,Sint Maarten (Dutch part),SX,1982,,,,,
SXM,Sint Maarten (Dutch part),SX,1983,,,,,
SXM,Sint Maarten (Dutch part),SX,1984,,,,,
SXM,Sint Maarten (Dutch part),SX,1985,,,,,
SXM,Sint Maarten (Dutch part),SX,1986,,,,,
SXM,Sint Maarten (Dutch part),SX,1987,,,,,
SXM,Sint Maarten (Dutch part),SX,1988,,,,,
SXM,Sint Maarten (Dutch part),SX,1989,,,,,
SXM,Sint Maarten (Dutch part),SX,1990,,,,,
SXM,Sint Maarten (Dutch part),SX,1991,,,,,
SXM,Sint Maarten (Dutch part),SX,1992,,,,,
SXM,Sint Maarten (Dutch part),SX,1993,,,,,
SXM,Sint Maarten (Dutch part),SX,1994,,,,,
SXM,Sint Maarten (Dutch part),SX,1995,,,,,
SXM,Sint Maarten (Dutch part),SX,1996,,,,,
SXM,Sint Maarten (Dutch part),SX,1997,,,,,
SXM,Sint Maarten (Dutch part),SX,1998,,,,,
SXM,Sint Maarten (Dutch part),SX,1999,,,,,
SXM,Sint Maarten (Dutch part),SX,2000,,,,,
SXM,Sint Maarten (Dutch part),SX,2001,,,,,
SXM,Sint Maarten (Dutch part),SX,2002,,,,,
SXM,Sint Maarten (Dutch part),SX,2003,,,,,
SXM,Sint Maarten (Dutch part),SX,2004,,,,,
SXM,Sint Maarten (Dutch part),SX,2005,,,,,
SXM,Sint Maarten (Dutch part),SX,2006,,,,,
SXM,Sint Maarten (Dutch part),SX,2007,,,,,
SXM,Sint Maarten (Dutch part),SX,2008,,,,,
SXM,Sint Maarten (Dutch part),SX,2009,854972067.039106,25528.412619483,1220883869.30056,,
SXM,Sint Maarten (Dutch part),SX,2010,892290502.793296,26403.8143692163,1275264093.5472,,
SXM,Sint Maarten (Dutch part),SX,2011,936089385.47486,27317.5178881974,1361446644.96573,,
SXM,Sint Maarten (Dutch part),SX,2012,985865921.787709,28149.0997855041,1244034957.24634,,
SXM,Sint Maarten (Dutch part),SX,2013,1022905027.93296,28529.7324687053,1297132717.26644,,
SXM,Sint Maarten (Dutch part),SX,2014,1361811508.37989,37134.912423099,1595754082.34087,,
SXM,Sint Maarten (Dutch part),SX,2015,1417888715.0838,37839.6283815163,1670741627.98452,,
SXM,Sint Maarten (Dutch part),SX,2016,1427017206.70391,37308.6147795736,1715280492.62225,,
SXM,Sint Maarten (Dutch part),SX,2017,1353212122.90503,34701.3058494468,1734514654.41279,,
SXM,Sint Maarten (Dutch part),SX,2018,1259200446.92737,31708.3110124742,1654131914.00095,,
SXM,Sint Maarten (Dutch part),SX,2019,1407880446.92737,34861.469528968,1846228425.4425,,
SXM,Sint Maarten (Dutch part),SX,2020,1236428100.55866,30150.8998380477,1595272169.0693,,
SXM,Sint Maarten (Dutch part),SX,2021,1353071061.45251,32548.4366854902,1683919292.28275,,
SXM,Sint Maarten (Dutch part),SX,2022,1537088715.0838,36476.6300833859,1980763467.4678,,
SXM,Sint Maarten (Dutch part),SX,2023,1627776949.27374,38077.5444869761,2130016574.19517,,
SXM,Sint Maarten (Dutch part),SX,2024,1735210227.92581,40027.9175992113,2257875752.07463,,
SYC,Seychelles,SC,1960,12012024.6246505,288.058144476031,,,
SYC,Seychelles,SC,1961,11592023.7636487,270.279646614487,,,
SYC,Seychelles,SC,1962,12642025.9161531,287.04477353783,,,
SYC,Seychelles,SC,1963,13923028.5422085,308.195248410849,,,
SYC,Seychelles,SC,1964,15393031.5557147,332.304985875279,,,
SYC,Seychelles,SC,1965,15603031.9862156,328.484883920328,,,
SYC,Seychelles,SC,1966,16443033.7082191,337.64622904411,,,
SYC,Seychelles,SC,1967,16632032.1339974,333.233798841887,,,
SYC,Seychelles,SC,1968,16074027.6473276,314.351070663894,,,
SYC,Seychelles,SC,1969,16452028.2974887,314.179858636278,,,
SYC,Seychelles,SC,1970,18432031.7030945,343.88118849057,,,
SYC,Seychelles,SC,1971,21965950.7711142,401.608022143052,,,
SYC,Seychelles,SC,1972,30645122.9204727,546.951095334072,,,
SYC,Seychelles,SC,1973,36896280.4764104,648.531963657638,,,
SYC,Seychelles,SC,1974,43134496.1645367,744.506898260813,,,
SYC,Seychelles,SC,1975,47803145.9480985,806.232644338165,,,
SYC,Seychelles,SC,1976,49278981.7550701,814.47477447888,,,
SYC,Seychelles,SC,1977,64526401.4638544,1044.35311338903,,,
SYC,Seychelles,SC,1978,85552365.8005137,1376.5465132826,,,
SYC,Seychelles,SC,1979,127261099.223864,2030.13590313409,,,
SYC,Seychelles,SC,1980,156783829.504298,2478.36470343969,,,
SYC,Seychelles,SC,1981,163750728.155916,2557.20665504671,,,
SYC,Seychelles,SC,1982,157211789.714587,2440.6841742286,,,
SYC,Seychelles,SC,1983,156098237.022585,2426.33460826276,,,
SYC,Seychelles,SC,1984,160992920.960262,2487.64499220084,,,
SYC,Seychelles,SC,1985,179691482.72165,2754.14571028218,,,
SYC,Seychelles,SC,1986,221147061.290068,3368.4740950781,,,
SYC,Seychelles,SC,1987,265212956.838633,3871.77851995844,,,
SYC,Seychelles,SC,1988,301985618.085556,4392.19864861545,,,
SYC,Seychelles,SC,1989,324333366.514829,4689.1345079999,,,
SYC,Seychelles,SC,1990,392163560.868669,5642.072897243,622431372.600918,,
SYC,Seychelles,SC,1991,398307169.860405,5654.63975724251,661243641.007752,,
SYC,Seychelles,SC,1992,461409398.855893,6520.48950519188,724824607.692736,,
SYC,Seychelles,SC,1993,504230620.551871,6978.68075445824,796196703.924782,,
SYC,Seychelles,SC,1994,517570058.151034,6974.86770636796,793382976.873397,,
SYC,Seychelles,SC,1995,540733047.733048,7180.66832748656,813946629.758746,,
SYC,Seychelles,SC,1996,535250347.089479,7004.33603896356,911715858.822974,,
SYC,Seychelles,SC,1997,598966982.350186,7746.69851330444,1040526382.28569,,
SYC,Seychelles,SC,1998,647287375.762528,8209.51444287,1078183419.92944,,
SYC,Seychelles,SC,1999,662838614.880674,8243.23610099084,1113910040.38092,,
SYC,Seychelles,SC,2000,654212394.27164,8063.65500575169,1187592257.38226,,
SYC,Seychelles,SC,2001,662064155.920692,8153.2986369879,1186753668.67212,,
SYC,Seychelles,SC,2002,742134837.50919,8864.16919495467,1219812767.94077,,
SYC,Seychelles,SC,2003,750847230.099263,9070.28460757013,1170665972.04997,,
SYC,Seychelles,SC,2004,893012218.181818,10827.671636033,1167879581.23032,,
SYC,Seychelles,SC,2005,977899381.818182,11802.1118276833,1312972127.14609,,
SYC,Seychelles,SC,2006,1081441283.31798,12782.9938926475,1480770423.74559,,
SYC,Seychelles,SC,2007,1077308813.82945,12669.3026687222,1655883380.29255,,
SYC,Seychelles,SC,2008,979597394.293453,11265.4376270005,1641779267.1996,174.684386535722,
SYC,Seychelles,SC,2009,850901620.433301,9747.09180546291,1610948498.79379,,
SYC,Seychelles,SC,2010,981616542.328454,10934.79494629,1703983497.04141,,
SYC,Seychelles,SC,2011,1058918707.26124,12110.0937461973,1904526849.5446,,
SYC,Seychelles,SC,2012,1089407839.19709,12337.1554669388,1965962288.1898,,
SYC,Seychelles,SC,2013,1333160407.38516,14821.2921476077,2022705629.98449,,
SYC,Seychelles,SC,2014,1387577870.08161,15188.1902175113,2282561394.46641,,
SYC,Seychelles,SC,2015,1432403352.12944,15333.1051727105,2376133656.96414,,
SYC,Seychelles,SC,2016,1568513348.14463,16566.9946042294,2727776636.94028,,
SYC,Seychelles,SC,2017,1675370641.01416,17480.3651911372,2939950358.56908,,
SYC,Seychelles,SC,2018,1784313926.76807,18440.2340460932,3105218260.84621,,
SYC,Seychelles,SC,2019,1868690096.73454,19141.5118743615,3340635866.25777,,
SYC,Seychelles,SC,2020,1382551751.56908,14041.4754074575,3057830378.36233,,
SYC,Seychelles,SC,2021,1487173794.80528,14982.9111487767,2975737695.0276,,
SYC,Seychelles,SC,2022,2018346588.73752,16836.6721895387,3593088408.93978,,
SYC,Seychelles,SC,2023,2187379754.66167,18262.7115849287,3806479822.17321,,
SYC,Seychelles,SC,2024,2167239562.46013,17858.8226383978,4033634641.49159,,
SYR,Syrian Arab Republic,SY,1960,857704413.407821,183.525069735278,,,
SYR,Syrian Arab Republic,SY,1961,945244972.067039,196.293561633919,,,
SYR,Syrian Arab Republic,SY,1962,1110565880.75881,223.934209140492,,,
SYR,Syrian Arab Republic,SY,1963,1200447408.37696,234.899747591945,,,
SYR,Syrian Arab Republic,SY,1964,1339494267.01571,254.217527062223,,,
SYR,Syrian Arab Republic,SY,1965,1472036540.13329,270.830584796164,,,
SYR,Syrian Arab Republic,SY,1966,1342287553.19149,239.30759595908,,,
SYR,Syrian Arab Republic,SY,1967,1580229799.42693,272.914639434944,,,
SYR,Syrian Arab Republic,SY,1968,1753746429.62092,293.330341001656,,,
SYR,Syrian Arab Republic,SY,1969,2245011514.55676,363.554844445761,,,
SYR,Syrian Arab Republic,SY,1970,2140384010.0724,335.451366800943,,,
SYR,Syrian Arab Republic,SY,1971,2589851325.14544,392.515069525448,,,
SYR,Syrian Arab Republic,SY,1972,3059681697.61273,448.237758556479,,,
SYR,Syrian Arab Republic,SY,1973,3239487516.42576,458.830061186419,,,
SYR,Syrian Arab Republic,SY,1974,5159557147.50895,706.579580221326,,,
SYR,Syrian Arab Republic,SY,1975,6826980444.14982,903.713462066405,,,
SYR,Syrian Arab Republic,SY,1976,7633528866.93424,976.48924016597,,,
SYR,Syrian Arab Republic,SY,1977,7696011396.0114,951.240398587355,,,
SYR,Syrian Arab Republic,SY,1978,9275200458.19015,1107.78304477534,,,
SYR,Syrian Arab Republic,SY,1979,9929681528.66242,1146.36179260974,,,
SYR,Syrian Arab Republic,SY,1980,13062420382.1656,1458.23976434095,,,
SYR,Syrian Arab Republic,SY,1981,15518201335.3151,1675.79747403807,,,
SYR,Syrian Arab Republic,SY,1982,16298929011.4681,1702.68062491316,,,
SYR,Syrian Arab Republic,SY,1983,17589277143.1314,1775.83203705709,,,
SYR,Syrian Arab Republic,SY,1984,17503078174.0039,1706.21944810524,,,
SYR,Syrian Arab Republic,SY,1985,16403539892.7783,1543.7649395519,,,
SYR,Syrian Arab Republic,SY,1986,13293205278.2803,1208.16084262217,,,
SYR,Syrian Arab Republic,SY,1987,11356215543.3043,997.128134355135,,,
SYR,Syrian Arab Republic,SY,1988,10577041644.9944,897.70876335774,,,
SYR,Syrian Arab Republic,SY,1989,9853395761.63227,809.044028162459,,,
SYR,Syrian Arab Republic,SY,1990,12308624417.8268,978.489616979607,,,
SYR,Syrian Arab Republic,SY,1991,12981833333.3333,1000.07798684947,,,
SYR,Syrian Arab Republic,SY,1992,13253565861.1424,990.138251191708,,,
SYR,Syrian Arab Republic,SY,1993,13695962055.4771,992.771367475098,,,
SYR,Syrian Arab Republic,SY,1994,10122020000.0,712.387716635783,,,
SYR,Syrian Arab Republic,SY,1995,11396706586.8263,779.699100153744,,,
SYR,Syrian Arab Republic,SY,1996,13789560878.2435,918.195857362788,,,
SYR,Syrian Arab Republic,SY,1997,14505233463.035,940.826589804978,,,
SYR,Syrian Arab Republic,SY,1998,15200846153.8462,960.837504927725,,,
SYR,Syrian Arab Republic,SY,1999,15873875968.9922,978.17453169496,,,
SYR,Syrian Arab Republic,SY,2000,18937052543.4373,1138.1884854278,,,
SYR,Syrian Arab Republic,SY,2001,20237024724.7039,1186.82913474027,,,
SYR,Syrian Arab Republic,SY,2002,20669357462.3831,1183.2473451033,,,
SYR,Syrian Arab Republic,SY,2003,21828144686.0394,1220.179077256,,,
SYR,Syrian Arab Republic,SY,2004,25086950495.0495,1368.1148230028,,,
SYR,Syrian Arab Republic,SY,2005,28858965517.2414,1533.90166536568,,,
SYR,Syrian Arab Republic,SY,2006,33751788856.305,1718.78347217338,,,
SYR,Syrian Arab Republic,SY,2007,40465318382.0585,1937.61138578027,,,
SYR,Syrian Arab Republic,SY,2008,52557913568.9549,2429.12477087189,,,
SYR,Syrian Arab Republic,SY,2009,54111735628.7065,2462.20193643202,,,
SYR,Syrian Arab Republic,SY,2010,61390830874.7007,2730.61477118949,,,
SYR,Syrian Arab Republic,SY,2011,67539428159.4474,2952.14349372257,,,
SYR,Syrian Arab Republic,SY,2012,43190318032.5627,1897.66115018696,,,
SYR,Syrian Arab Republic,SY,2013,21361254635.051,985.892669227054,,,
SYR,Syrian Arab Republic,SY,2014,21502061465.9498,1060.59105886854,,,
SYR,Syrian Arab Republic,SY,2015,16466863117.0009,847.731631942565,,,
SYR,Syrian Arab Republic,SY,2016,12597854877.4254,656.3490586313,,,
SYR,Syrian Arab Republic,SY,2017,16369843352.3453,851.502005254153,62769892394.0055,,
SYR,Syrian Arab Republic,SY,2018,21497782867.6426,1098.0668642357,67658923201.3911,,
SYR,Syrian Arab Republic,SY,2019,22583045060.0821,1109.53926036049,71281640286.0085,,
SYR,Syrian Arab Republic,SY,2020,12047752036.091,572.355289831901,78675556558.0617,,
SYR,Syrian Arab Republic,SY,2021,14353205678.4991,663.614245706815,99337766654.2033,,
SYR,Syrian Arab Republic,SY,2022,23622827079.5047,1051.67149587463,107199859817.267,,
SYR,Syrian Arab Republic,SY,2023,19993439949.5435,847.372723418531,109716574910.853,,
SYR,Syrian Arab Republic,SY,2024,,,,,
TCA,Turks and Caicos Islands,TC,1960,,,,,
TCA,Turks and Caicos Islands,TC,1961,,,,,
TCA,Turks and Caicos Islands,TC,1962,,,,,
TCA,Turks and Caicos Islands,TC,1963,,,,,
TCA,Turks and Caicos Islands,TC,1964,,,,,
TCA,Turks and Caicos Islands,TC,1965,,,,,
TCA,Turks and Caicos Islands,TC,1966,,,,,
TCA,Turks and Caicos Islands,TC,1967,,,,,
TCA,Turks and Caicos Islands,TC,1968,,,,,
TCA,Turks and Caicos Islands,TC,1969,,,,,
TCA,Turks and Caicos Islands,TC,1970,,,,,
TCA,Turks and Caicos Islands,TC,1971,,,,,
TCA,Turks and Caicos Islands,TC,1972,,,,,
TCA,Turks and Caicos Islands,TC,1973,,,,,
TCA,Turks and Caicos Islands,TC,1974,,,,,
TCA,Turks and Caicos Islands,TC,1975,,,,,
TCA,Turks and Caicos Islands,TC,1976,,,,,
TCA,Turks and Caicos Islands,TC,1977,,,,,
TCA,Turks and Caicos Islands,TC,1978,,,,,
TCA,Turks and Caicos Islands,TC,1979,,,,,
TCA,Turks and Caicos Islands,TC,1980,,,,,
TCA,Turks and Caicos Islands,TC,1981,,,,,
TCA,Turks and Caicos Islands,TC,1982,,,,,
TCA,Turks and Caicos Islands,TC,1983,,,,,
TCA,Turks and Caicos Islands,TC,1984,,,,,
TCA,Turks and Caicos Islands,TC,1985,,,,,
TCA,Turks and Caicos Islands,TC,1986,,,,,
TCA,Turks and Caicos Islands,TC,1987,,,,,
TCA,Turks and Caicos Islands,TC,1988,,,,,
TCA,Turks and Caicos Islands,TC,1989,,,,,
TCA,Turks and Caicos Islands,TC,1990,,,,,
TCA,Turks and Caicos Islands,TC,1991,,,,,
TCA,Turks and Caicos Islands,TC,1992,,,,,
TCA,Turks and Caicos Islands,TC,1993,,,,,
TCA,Turks and Caicos Islands,TC,1994,,,,,
TCA,Turks and Caicos Islands,TC,1995,,,,,
TCA,Turks and Caicos Islands,TC,1996,,,,,
TCA,Turks and Caicos Islands,TC,1997,,,,,
TCA,Turks and Caicos Islands,TC,1998,,,,,
TCA,Turks and Caicos Islands,TC,1999,,,,,
TCA,Turks and Caicos Islands,TC,2000,,,,,
TCA,Turks and Caicos Islands,TC,2001,358744800.0,18325.7458111974,,,
TCA,Turks and Caicos Islands,TC,2002,366707900.0,17803.9471767733,,,
TCA,Turks and Caicos Islands,TC,2003,409753600.0,18859.1890274773,,,
TCA,Turks and Caicos Islands,TC,2004,485598800.0,21246.00980049,,,
TCA,Turks and Caicos Islands,TC,2005,578645800.0,24122.3028180757,,,
TCA,Turks and Caicos Islands,TC,2006,721891500.0,28734.2873064523,,,
TCA,Turks and Caicos Islands,TC,2007,773490000.0,29443.8523030072,726858425.814134,,
TCA,Turks and Caicos Islands,TC,2008,862684000.0,31453.8228752689,802146263.040071,,
TCA,Turks and Caicos Islands,TC,2009,703176000.0,24596.8938015951,649304927.463356,,
TCA,Turks and Caicos Islands,TC,2010,686788000.0,23093.8498268267,663668728.984606,,
TCA,Turks and Caicos Islands,TC,2011,728790000.0,23626.726317837,708658396.459822,,
TCA,Turks and Caicos Islands,TC,2012,727161000.0,22633.9527500233,662277063.402563,,
TCA,Turks and Caicos Islands,TC,2013,754238000.0,22412.2069354887,703606307.60464,,
TCA,Turks and Caicos Islands,TC,2014,841700000.0,24014.2653352354,787844644.833084,,
TCA,Turks and Caicos Islands,TC,2015,942070000.0,25736.101625461,878991200.659031,,
TCA,Turks and Caicos Islands,TC,2016,1032452000.0,26946.4178520162,980029574.9139,,
TCA,Turks and Caicos Islands,TC,2017,1022365000.0,25614.8372710646,1025196429.34741,,
TCA,Turks and Caicos Islands,TC,2018,1314329000.0,31625.616593277,1294624143.60061,,
TCA,Turks and Caicos Islands,TC,2019,1371838000.0,31780.5217068989,1345630111.63417,,
TCA,Turks and Caicos Islands,TC,2020,918387000.0,20690.9160546118,866859707.740014,,
TCA,Turks and Caicos Islands,TC,2021,1236459000.0,27329.2885087196,1133630688.91659,,
TCA,Turks and Caicos Islands,TC,2022,1434119000.0,31280.5418020808,1385534118.5613,,
TCA,Turks and Caicos Islands,TC,2023,1638653000.0,35470.2151608295,1632486730.74219,,
TCA,Turks and Caicos Islands,TC,2024,1745378000.0,37506.7798431288,1766207429.49504,,
TCD,Chad,TD,1960,313582728.147574,102.819470459603,,,
TCD,Chad,TD,1961,333975336.110722,107.320380491931,,,
TCD,Chad,TD,1962,357635713.41932,112.619958010844,,,
TCD,Chad,TD,1963,371767002.194886,114.710860761079,,,
TCD,Chad,TD,1964,392247517.728482,118.594106789032,,,
TCD,Chad,TD,1965,416926303.316872,123.56227611622,,,
TCD,Chad,TD,1966,432794921.680489,125.779460124418,,,
TCD,Chad,TD,1967,449826322.613453,128.209999741615,,,
TCD,Chad,TD,1968,453980096.208711,126.87277490154,,,
TCD,Chad,TD,1969,471635621.561599,129.175848997716,,,
TCD,Chad,TD,1970,469266736.650677,125.882078424937,,,
TCD,Chad,TD,1971,501866730.148987,131.816410865026,,,
TCD,Chad,TD,1972,585427546.798272,150.369805704401,,,
TCD,Chad,TD,1973,647199482.982537,162.371866237422,,,
TCD,Chad,TD,1974,652532795.084805,159.998978775959,,,
TCD,Chad,TD,1975,864602104.679653,207.476255156215,,,
TCD,Chad,TD,1976,866044962.016274,203.713116730324,,,
TCD,Chad,TD,1977,935360464.701341,215.935450416974,,,
TCD,Chad,TD,1978,1113920123.76723,252.511381682505,,,
TCD,Chad,TD,1979,1004316496.35051,222.914738532944,,,
TCD,Chad,TD,1980,1033002403.85304,228.770491876017,,,
TCD,Chad,TD,1981,876937558.273757,193.971579541809,,,
TCD,Chad,TD,1982,834369859.663018,176.083750783324,,,
TCD,Chad,TD,1983,832415806.010064,167.180974589951,,,
TCD,Chad,TD,1984,919103734.876996,182.175880946335,,,
TCD,Chad,TD,1985,1033069709.3319,202.710985101435,,,
TCD,Chad,TD,1986,1067828245.86207,203.354449515341,,,
TCD,Chad,TD,1987,1163426852.20442,213.931729919066,,,
TCD,Chad,TD,1988,1482597297.98821,263.544647841815,,,
TCD,Chad,TD,1989,1433686312.02914,246.355378549117,,,
TCD,Chad,TD,1990,1738605557.76313,290.599045262191,5758169020.59578,,
TCD,Chad,TD,1991,1877137981.75712,302.487268390603,6460987564.84392,,
TCD,Chad,TD,1992,1881847669.69794,290.648286132566,7136977365.66378,,
TCD,Chad,TD,1993,1463251163.9188,220.729964903293,6158363138.19176,,
TCD,Chad,TD,1994,1179837963.22213,173.928895064035,6927452087.34337,,
TCD,Chad,TD,1995,1445919894.57661,203.964852705041,7160156591.16273,,
TCD,Chad,TD,1996,1607345355.78298,216.912541056484,7452704792.45199,,
TCD,Chad,TD,1997,1544689576.92712,201.384076969355,8009819076.59462,,
TCD,Chad,TD,1998,1744794531.21401,219.779530915601,8662905438.13827,,
TCD,Chad,TD,1999,1534673583.2487,186.638531146223,8725502284.97928,,
TCD,Chad,TD,2000,1388506771.58756,163.121663683369,8844656667.20478,,
TCD,Chad,TD,2001,1710843377.00119,194.32295331156,10098150563.6444,,
TCD,Chad,TD,2002,1997005708.81576,219.061391951349,11125855243.1315,,
TCD,Chad,TD,2003,2742815071.5744,289.087621122168,13015763525.3083,,
TCD,Chad,TD,2004,4422855660.82592,445.850767157087,17860592901.9846,,
TCD,Chad,TD,2005,8655892392.92919,838.092107712557,21613361022.8607,,
TCD,Chad,TD,2006,9709626596.13031,906.897260572747,22163687245.5824,,
TCD,Chad,TD,2007,10865385131.5172,980.483531485103,23755813867.2929,,
TCD,Chad,TD,2008,13385593990.3378,1166.36883453841,24966163326.6281,,
TCD,Chad,TD,2009,12317614053.6841,1035.63719694254,24783920528.817,,
TCD,Chad,TD,2010,14058506663.7252,1141.80069268412,28545454708.5689,,
TCD,Chad,TD,2011,16685349673.9957,1308.1421872538,30461038960.1658,,
TCD,Chad,TD,2012,17892228569.8861,1354.34344701937,32170419375.9758,,
TCD,Chad,TD,2013,17865316886.3315,1304.88742971475,28891559089.8221,,
TCD,Chad,TD,2014,18144336903.7175,1278.78981422494,30267066736.3152,,
TCD,Chad,TD,2015,14559599499.5011,993.990730610869,34824885498.1589,,
TCD,Chad,TD,2016,13026289835.7789,861.831767630746,32044391367.1726,,
TCD,Chad,TD,2017,13349041408.7152,854.46120040098,32763179281.538,,
TCD,Chad,TD,2018,15327000248.8701,948.656629871231,35993735511.6899,,
TCD,Chad,TD,2019,14905517742.8454,893.336441643325,39237861358.9551,,
TCD,Chad,TD,2020,14932897821.2387,866.947814890409,37652981933.4921,,
TCD,Chad,TD,2021,16871937697.5854,946.358500208374,43413141699.6579,,
TCD,Chad,TD,2022,17828508289.6049,966.036468278568,52506266944.3359,,
TCD,Chad,TD,2023,19107685020.89,989.058528968588,56635362494.0746,,
TCD,Chad,TD,2024,20625711664.6472,1016.08880662712,60124620441.2808,,
TGO,Togo,TG,1960,171057069.137772,102.238985564471,,,
TGO,Togo,TG,1961,178497098.264275,104.830748893841,,,
TGO,Togo,TG,1962,186745757.859216,107.761209503061,,,
TGO,Togo,TG,1963,202305865.235908,114.616211257053,,,
TGO,Togo,TG,1964,234572186.455851,130.069304471372,,,
TGO,Togo,TG,1965,264505506.022433,142.685102972499,,,
TGO,Togo,TG,1966,305227594.821437,159.095922113344,,,
TGO,Togo,TG,1967,327215843.636336,163.944828440613,,,
TGO,Togo,TG,1968,341691567.465593,164.256944901945,,,
TGO,Togo,TG,1969,378091809.602636,174.653254091407,,,
TGO,Togo,TG,1970,358665753.909298,159.778184212523,,,
TGO,Togo,TG,1971,404648367.76644,174.569696910771,,,
TGO,Togo,TG,1972,474043921.843537,198.7610542599,,,
TGO,Togo,TG,1973,574030983.980053,234.418057538789,,,
TGO,Togo,TG,1974,791450308.362944,315.097902810358,,,
TGO,Togo,TG,1975,871781686.907321,338.605700917386,,,
TGO,Togo,TG,1976,874681611.928369,331.595624501807,,,
TGO,Togo,TG,1977,1097893825.98815,406.342301359026,,,
TGO,Togo,TG,1978,1164025637.26464,420.507009475158,,,
TGO,Togo,TG,1979,1259365711.53521,443.461428487243,,,
TGO,Togo,TG,1980,1604836915.96662,549.433466591605,,,
TGO,Togo,TG,1981,1359026709.45126,451.047897242509,,,
TGO,Togo,TG,1982,1160337039.38068,372.494829726432,,,
TGO,Togo,TG,1983,1081387264.60786,335.532470799693,,,
TGO,Togo,TG,1984,1014170069.21689,304.296330488676,,,
TGO,Togo,TG,1985,1076604520.42427,312.867204158294,,,
TGO,Togo,TG,1986,1498219578.86978,422.277296555811,,,
TGO,Togo,TG,1987,1763978065.8368,482.289598775121,,,
TGO,Togo,TG,1988,1947208354.22555,516.536238879357,,,
TGO,Togo,TG,1989,1910635575.38044,491.999321055752,,,
TGO,Togo,TG,1990,2299665505.61434,575.094511928654,4439300422.11492,,
TGO,Togo,TG,1991,2262767860.10937,549.808011573,4557304674.19606,,
TGO,Togo,TG,1992,2390796915.91958,564.71733648074,4475612868.05363,,
TGO,Togo,TG,1993,1741944426.20894,414.013995214907,3890053989.36581,,
TGO,Togo,TG,1994,1387662121.46736,328.600956079736,4568382816.62164,,
TGO,Togo,TG,1995,1849110468.19569,419.220334892756,5030110340.31644,,
TGO,Togo,TG,1996,2069506014.46659,452.068436882428,5574808233.42139,,
TGO,Togo,TG,1997,2116818622.95834,448.001096915436,6486275772.79246,,
TGO,Togo,TG,1998,2241650112.33333,461.158245854911,6408319917.92302,,
TGO,Togo,TG,1999,2226577203.91399,445.291484100954,6660293056.22716,,
TGO,Togo,TG,2000,2106848752.27753,409.889802792768,6757797630.08489,,
TGO,Togo,TG,2001,2093498674.49678,396.692654520135,6966861585.32922,,
TGO,Togo,TG,2002,2410199032.43102,445.238691488925,7345864620.12529,,
TGO,Togo,TG,2003,2987984050.99318,538.16537776929,7994296097.79888,,
TGO,Togo,TG,2004,3191561508.69088,560.266308533382,8128928446.10685,,
TGO,Togo,TG,2005,3221910408.46516,551.259850017077,7992593755.10839,,
TGO,Togo,TG,2006,3320907721.74508,552.50227125256,8457418597.03521,,
TGO,Togo,TG,2007,3759964943.38078,607.588224471809,8584474484.96093,,
TGO,Togo,TG,2008,4578849657.99813,718.948786366771,9102986199.14688,,
TGO,Togo,TG,2009,4721890900.22635,720.694168794129,9658654582.45049,,
TGO,Togo,TG,2010,4746389531.6959,704.987164181378,10348358489.4101,,
TGO,Togo,TG,2011,5422442166.44146,783.989380490906,11176899996.0281,,
TGO,Togo,TG,2012,5413544658.41535,762.392047587088,11682939062.7945,,
TGO,Togo,TG,2013,6021732977.26584,826.543259457126,12497168116.4143,,
TGO,Togo,TG,2014,6393318261.82712,855.585284856656,13473941586.2337,,
TGO,Togo,TG,2015,5755461035.38026,751.052405084336,14404273148.1027,,
TGO,Togo,TG,2016,6071170959.12093,772.581787093976,15189500689.044,,
TGO,Togo,TG,2017,6387422517.69225,792.765487219069,15997658425.3211,,
TGO,Togo,TG,2018,7029300383.08031,851.130806891807,17071648256.6892,,
TGO,Togo,TG,2019,6992700101.37188,826.260654099894,18743273071.2737,,
TGO,Togo,TG,2020,7400284167.78479,853.578220263722,20432437140.6536,,
TGO,Togo,TG,2021,8342243645.94438,939.613373786407,22881375789.0174,,
TGO,Togo,TG,2022,8169476148.95692,898.758154410712,25924518421.0834,,
TGO,Togo,TG,2023,9171261837.57103,985.697512629974,28578384313.6457,,
TGO,Togo,TG,2024,9925732119.72034,1043.14092889765,30820719452.2057,,
THA,Thailand,TH,1960,2760750860.62197,102.814571454958,,,
THA,Thailand,TH,1961,3034037810.96795,109.728794269464,,,
THA,Thailand,TH,1962,3308912796.93487,116.179493337844,,,
THA,Thailand,TH,1963,3540403456.55305,120.658598748696,,,
THA,Thailand,TH,1964,3889129942.30769,128.642226903734,,,
THA,Thailand,TH,1965,4388937649.03846,140.899873696781,,,
THA,Thailand,TH,1966,5279230817.30769,164.533414431069,,,
THA,Thailand,TH,1967,5638461442.30769,170.666971518706,,,
THA,Thailand,TH,1968,6081009427.88461,178.839752885801,,,
THA,Thailand,TH,1969,6695336567.30769,191.438734515692,,,
THA,Thailand,TH,1970,7086538437.5,197.097903475424,,,
THA,Thailand,TH,1971,7375000024.03846,199.662201986255,,,
THA,Thailand,TH,1972,8177873151.04224,215.582022917854,,,
THA,Thailand,TH,1973,10838587357.7466,278.285062967675,,,
THA,Thailand,TH,1974,13702998512.4492,342.978897633446,,,
THA,Thailand,TH,1975,14882770593.9796,363.526350179478,,,
THA,Thailand,TH,1976,16985208648.2112,405.408734060752,,,
THA,Thailand,TH,1977,19779312261.3155,461.659141640678,,,
THA,Thailand,TH,1978,24006566636.6855,548.233113208345,,,
THA,Thailand,TH,1979,27371650824.5092,612.08876018577,,,
THA,Thailand,TH,1980,32353514988.7287,708.729450091584,,,
THA,Thailand,TH,1981,34846039193.6131,748.156726132308,,,
THA,Thailand,TH,1982,36589772403.7566,770.398953205891,,,
THA,Thailand,TH,1983,40042798388.4951,826.932302137698,,,
THA,Thailand,TH,1984,41797647775.6238,846.934168430884,,,
THA,Thailand,TH,1985,38900711332.5373,773.823923674613,,,
THA,Thailand,TH,1986,43096773980.8569,842.098436226451,,,
THA,Thailand,TH,1987,50535446554.8769,970.452522513385,,,
THA,Thailand,TH,1988,61667253471.3736,1164.20096229495,,,
THA,Thailand,TH,1989,72250748099.9762,1341.72978395303,,,
THA,Thailand,TH,1990,85343190719.0107,1559.11209344755,243614094304.347,18.4477538501483,
THA,Thailand,TH,1991,98234714971.0612,1765.62267359529,273406869899.092,13.3655673362757,-0.0877486143020232
THA,Thailand,TH,1992,111452746517.655,1971.60879910694,302241591508.015,10.8789951587465,-0.034842995633399515
THA,Thailand,TH,1993,128889262951.157,2245.13688708983,334937597122.94,8.18624353670039,-0.04813278902140437
THA,Thailand,TH,1994,146683778959.101,2517.70732641683,369446135469.444,5.69321973711674,-0.06375694852385787
THA,Thailand,TH,1995,169278916592.843,2864.36515719866,407821471853.314,4.61009471231839,-0.01425685149594363
THA,Thailand,TH,1996,183035237429.281,3054.65690806473,438759554266.087,3.67349745742469,-0.034912428486992976
THA,Thailand,TH,1997,150180456565.728,2473.14096982086,434035819911.442,4.64152040948473,-0.0522598712937762
THA,Thailand,TH,1998,113675596787.738,1847.70379269771,405406964960.849,10.6698573854214,-0.18018071367593583
THA,Thailand,TH,1999,126669211778.94,2033.24490520569,429942634399.209,20.0057789155598,0.5384869745042418
THA,Thailand,TH,2000,126392224253.794,2005.97694514234,459270578997.915,21.9645865139196,0.08252767159897297
THA,Thailand,TH,2001,120296476180.402,1889.93432467144,485786532524.361,24.5783340358589,0.0680850607199248
THA,Thailand,TH,2002,134300904400.022,2089.75183111554,523671014978.533,30.0703562721572,0.28554938539586455
THA,Thailand,TH,2003,152280615245.887,2347.54001286066,572401201883.642,27.0460183720806,0.01643914783795165
THA,Thailand,TH,2004,172895685154.658,2641.56268717857,624761920445.432,24.3963998008709,0.018992852649488128
THA,Thailand,TH,2005,189318408468.595,2867.70383436062,671334138606.991,25.4581282780769,0.12918862211569068
THA,Thailand,TH,2006,221758296021.621,3331.32043511773,726416076225.396,24.3806591494652,0.10655418564621852
THA,Thailand,TH,2007,262942621455.053,3918.52817434581,786648045500.206,22.9934668319175,0.10614778562822787
THA,Thailand,TH,2008,291382982430.951,4309.13509292986,815641200192.586,22.4502172623288,0.17095373796155056
THA,Thailand,TH,2009,281710630187.319,4135.43986952819,815004207911.254,26.7791952036446,-15.736025757041787
THA,Thailand,TH,2010,341104766329.17,4973.86288823778,886887468620.454,26.9008455437265,0.2270379307255183
THA,Thailand,TH,2011,370818739623.622,5373.6232832898,912789677004.354,28.1319763006874,0.48484567148845353
THA,Thailand,TH,2012,397558325278.579,5725.52802835463,1014923127426.43,28.4447160238828,0.0858259137348824
THA,Thailand,TH,2013,420333654592.547,6018.08244729255,1062759710029.05,38.1666950570794,0.9896845664979801
THA,Thailand,TH,2014,407339040197.651,5801.1978916205,1078896775480.04,35.3904739452699,-1.0081292246078506
THA,Thailand,TH,2015,401296238228.084,5688.85335397884,1113921789913.93,36.6705695355179,0.08560736494325948
THA,Thailand,TH,2016,413366349747.508,5833.57715617098,1181322173179.74,37.3065204045664,0.10467278062047793
THA,Thailand,TH,2017,456356813536.764,6413.09182530343,1250522147488.09,,
THA,Thailand,TH,2018,506754208404.485,7099.77650081458,1347310632514.94,37.9104188436045,
THA,Thailand,TH,2019,543976691793.886,7605.69657797759,1427827121310.44,38.6277055941279,0.22371904640348395
THA,Thailand,TH,2020,500461898480.246,6985.64393892574,1372918881143.84,50.3227814999415,-0.7598246188416844
THA,Thailand,TH,2021,506194668789.937,7057.20754802279,1451959884645.39,58.5114542035114,0.5609179056804067
THA,Thailand,TH,2022,495644697587.661,6909.35281815827,1595614286791.42,60.349920189306,0.020461034003346153
THA,Thailand,TH,2023,515906283940.933,7195.10130919449,1686384776706.79,61.1243613638526,0.17872815155371086
THA,Thailand,TH,2024,526411265427.683,7345.13569000377,1770790698282.56,,
TJK,Tajikistan,TJ,1960,,,,,
TJK,Tajikistan,TJ,1961,,,,,
TJK,Tajikistan,TJ,1962,,,,,
TJK,Tajikistan,TJ,1963,,,,,
TJK,Tajikistan,TJ,1964,,,,,
TJK,Tajikistan,TJ,1965,,,,,
TJK,Tajikistan,TJ,1966,,,,,
TJK,Tajikistan,TJ,1967,,,,,
TJK,Tajikistan,TJ,1968,,,,,
TJK,Tajikistan,TJ,1969,,,,,
TJK,Tajikistan,TJ,1970,,,,,
TJK,Tajikistan,TJ,1971,,,,,
TJK,Tajikistan,TJ,1972,,,,,
TJK,Tajikistan,TJ,1973,,,,,
TJK,Tajikistan,TJ,1974,,,,,
TJK,Tajikistan,TJ,1975,,,,,
TJK,Tajikistan,TJ,1976,,,,,
TJK,Tajikistan,TJ,1977,,,,,
TJK,Tajikistan,TJ,1978,,,,,
TJK,Tajikistan,TJ,1979,,,,,
TJK,Tajikistan,TJ,1980,,,,,
TJK,Tajikistan,TJ,1981,,,,,
TJK,Tajikistan,TJ,1982,,,,,
TJK,Tajikistan,TJ,1983,,,,,
TJK,Tajikistan,TJ,1984,,,,,
TJK,Tajikistan,TJ,1985,,,,,
TJK,Tajikistan,TJ,1986,,,,,
TJK,Tajikistan,TJ,1987,,,,,
TJK,Tajikistan,TJ,1988,,,,,
TJK,Tajikistan,TJ,1989,,,,,
TJK,Tajikistan,TJ,1990,2629395066.27017,487.03612866309,13943620063.4198,,
TJK,Tajikistan,TJ,1991,2536585365.85366,457.767825924805,13391690260.6197,,
TJK,Tajikistan,TJ,1992,1908554572.27139,337.833145514813,9724775693.14672,,
TJK,Tajikistan,TJ,1993,1646623195.15603,287.620123754917,8322617829.23324,,
TJK,Tajikistan,TJ,1994,1522001205.54551,261.271254544865,6689753766.82771,,
TJK,Tajikistan,TJ,1995,1231561860.39946,207.034457343036,5981980136.80222,,
TJK,Tajikistan,TJ,1996,1043654822.33503,172.035088688368,5074216353.9164,,
TJK,Tajikistan,TJ,1997,921518032.909326,150.088550171239,5248470243.22232,,
TJK,Tajikistan,TJ,1998,1320199581.52261,213.749145581577,5589434109.03505,,
TJK,Tajikistan,TJ,1999,1086612290.27171,175.023764735625,5878240231.49315,,
TJK,Tajikistan,TJ,2000,860541842.263697,136.925716400723,6511801775.93701,114.076117982873,
TJK,Tajikistan,TJ,2001,1080772551.29433,168.676285365186,7296360377.61162,79.804079881426,-0.15189704994235317
TJK,Tajikistan,TJ,2002,1221106220.2868,186.951638285222,8209998212.67869,,
TJK,Tajikistan,TJ,2003,1555318261.4172,233.58124845289,9293019173.13866,,
TJK,Tajikistan,TJ,2004,2076176869.41089,305.745158587502,10525836908.176,,
TJK,Tajikistan,TJ,2005,2312352020.6689,333.927150941684,11583212853.0447,,
TJK,Tajikistan,TJ,2006,2830213848.6203,401.018403316427,12776250025.3119,,
TJK,Tajikistan,TJ,2007,3719524540.86193,516.997210618914,14145938228.5982,,
TJK,Tajikistan,TJ,2008,5161299725.27673,703.327375898643,15557549805.2658,,
TJK,Tajikistan,TJ,2009,4979472364.4534,664.795655734657,16263992676.7335,,
TJK,Tajikistan,TJ,2010,5642221099.17704,737.338883219356,17531653706.3314,,
TJK,Tajikistan,TJ,2011,6522756255.012,833.601978202852,19217458989.9627,,
TJK,Tajikistan,TJ,2012,7633036903.07634,952.452819695469,21470286380.6837,,
TJK,Tajikistan,TJ,2013,8448411318.25417,1028.19704279396,23981005942.072,,
TJK,Tajikistan,TJ,2014,9112605459.32845,1081.54402932039,26555018899.7668,,
TJK,Tajikistan,TJ,2015,8271431485.07484,956.916310930656,25719495030.4775,,
TJK,Tajikistan,TJ,2016,6992416096.89018,788.710481734485,25833179135.519,,
TJK,Tajikistan,TJ,2017,7536402852.85802,829.45714764957,27412327692.495,,
TJK,Tajikistan,TJ,2018,7764999999.45362,834.288404578801,28565171550.94,,
TJK,Tajikistan,TJ,2019,8300813599.3084,871.022372934846,32973431253.3471,,
TJK,Tajikistan,TJ,2020,8133963550.65742,834.311715460625,35623586501.7738,,
TJK,Tajikistan,TJ,2021,8937805347.13963,896.748053372182,39727222945.4623,,
TJK,Tajikistan,TJ,2022,10713525200.3998,1052.17949484894,45964333259.2586,,
TJK,Tajikistan,TJ,2023,12244169292.7998,1178.47990060249,51570629197.8085,,
TJK,Tajikistan,TJ,2024,14204575548.5536,1341.20229027672,57254340774.0345,,
TKM,Turkmenistan,TM,1960,,,,,
TKM,Turkmenistan,TM,1961,,,,,
TKM,Turkmenistan,TM,1962,,,,,
TKM,Turkmenistan,TM,1963,,,,,
TKM,Turkmenistan,TM,1964,,,,,
TKM,Turkmenistan,TM,1965,,,,,
TKM,Turkmenistan,TM,1966,,,,,
TKM,Turkmenistan,TM,1967,,,,,
TKM,Turkmenistan,TM,1968,,,,,
TKM,Turkmenistan,TM,1969,,,,,
TKM,Turkmenistan,TM,1970,,,,,
TKM,Turkmenistan,TM,1971,,,,,
TKM,Turkmenistan,TM,1972,,,,,
TKM,Turkmenistan,TM,1973,,,,,
TKM,Turkmenistan,TM,1974,,,,,
TKM,Turkmenistan,TM,1975,,,,,
TKM,Turkmenistan,TM,1976,,,,,
TKM,Turkmenistan,TM,1977,,,,,
TKM,Turkmenistan,TM,1978,,,,,
TKM,Turkmenistan,TM,1979,,,,,
TKM,Turkmenistan,TM,1980,,,,,
TKM,Turkmenistan,TM,1981,,,,,
TKM,Turkmenistan,TM,1982,,,,,
TKM,Turkmenistan,TM,1983,,,,,
TKM,Turkmenistan,TM,1984,,,,,
TKM,Turkmenistan,TM,1985,,,,,
TKM,Turkmenistan,TM,1986,,,,,
TKM,Turkmenistan,TM,1987,2331358819.75954,675.221678074412,,,
TKM,Turkmenistan,TM,1988,3010982414.24425,845.932942002334,,,
TKM,Turkmenistan,TM,1989,3006988216.55045,821.029864511916,,,
TKM,Turkmenistan,TM,1990,3189539641.3171,848.155047388424,20008209350.2033,,
TKM,Turkmenistan,TM,1991,3208098919.0146,831.99873207474,19732257487.8342,,
TKM,Turkmenistan,TM,1992,3200539816.0601,811.354156451902,17161502422.427,,
TKM,Turkmenistan,TM,1993,3179225948.58114,788.418914207107,17831810093.0815,,
TKM,Turkmenistan,TM,1994,2561118608.35516,622.13478015809,15061808082.8577,,
TKM,Turkmenistan,TM,1995,2482228439.71407,592.247247321132,14270413260.2379,,
TKM,Turkmenistan,TM,1996,2378759975.44506,557.894220051334,15505291740.8858,,
TKM,Turkmenistan,TM,1997,2450350625.10407,565.022638048501,13974587734.9283,,
TKM,Turkmenistan,TM,1998,2605689134.49042,590.791293266381,15134990046.562,,
TKM,Turkmenistan,TM,1999,2450564100.18292,545.519003106054,17881777155.1443,,
TKM,Turkmenistan,TM,2000,2904663310.9825,633.835487638011,19286953004.5509,,
TKM,Turkmenistan,TM,2001,3534772732.39746,756.034976276398,20577895419.2653,,
TKM,Turkmenistan,TM,2002,4462029108.72349,935.540801478466,20951419438.6908,,
TKM,Turkmenistan,TM,2003,5977440582.80171,1228.94870289404,22063453785.708,,
TKM,Turkmenistan,TM,2004,6838351088.46688,1379.23009682692,23789689667.2872,,
TKM,Turkmenistan,TM,2005,8103901996.37024,1604.01618452312,27733583832.6714,,
TKM,Turkmenistan,TM,2006,10276674364.8961,1996.59310717308,31725984088.6731,,
TKM,Turkmenistan,TM,2007,12664165103.1895,2414.96071986964,36189253577.8937,,
TKM,Turkmenistan,TM,2008,19271523178.8079,3605.50395120549,42308833205.7908,,
TKM,Turkmenistan,TM,2009,20214385964.9123,3707.97850699617,45166542919.474,,
TKM,Turkmenistan,TM,2010,22583157894.7368,4058.53937000739,49921266918.3145,,
TKM,Turkmenistan,TM,2011,29233333333.3333,5143.61929334647,58441023273.0774,,
TKM,Turkmenistan,TM,2012,35164210526.3158,6053.8748468749,64099926378.1677,,
TKM,Turkmenistan,TM,2013,39197543859.6491,6599.64529055481,69625757915.0254,,
TKM,Turkmenistan,TM,2014,43524210526.3158,7164.14536184006,75798477556.9655,,
TKM,Turkmenistan,TM,2015,35799714285.7143,5759.497903834,79032357701.4529,,
TKM,Turkmenistan,TM,2016,36169428571.4286,5686.98040962764,82167730668.8496,,
TKM,Turkmenistan,TM,2017,37926285714.2857,5828.4816623489,86403378533.5301,,
TKM,Turkmenistan,TM,2018,40765428571.4286,6125.05169712085,95629644637.5132,,
TKM,Turkmenistan,TM,2019,45232857142.8571,6648.0348960628,105309565740.432,,
TKM,Turkmenistan,TM,2020,45818000000.0,6592.60146027748,104880701502.71,,
TKM,Turkmenistan,TM,2021,50007428571.4286,7051.20211079213,116551626881.618,,
TKM,Turkmenistan,TM,2022,58972000000.0,8156.35211950774,132602544199.709,,
TKM,Turkmenistan,TM,2023,60628857142.8571,8232.65225980002,146028887635.91,,
TKM,Turkmenistan,TM,2024,64239891739.3311,8571.60702949432,152946223418.887,,
TLS,Timor-Leste,TL,1960,,,,,
TLS,Timor-Leste,TL,1961,,,,,
TLS,Timor-Leste,TL,1962,,,,,
TLS,Timor-Leste,TL,1963,,,,,
TLS,Timor-Leste,TL,1964,,,,,
TLS,Timor-Leste,TL,1965,,,,,
TLS,Timor-Leste,TL,1966,,,,,
TLS,Timor-Leste,TL,1967,,,,,
TLS,Timor-Leste,TL,1968,,,,,
TLS,Timor-Leste,TL,1969,,,,,
TLS,Timor-Leste,TL,1970,,,,,
TLS,Timor-Leste,TL,1971,,,,,
TLS,Timor-Leste,TL,1972,,,,,
TLS,Timor-Leste,TL,1973,,,,,
TLS,Timor-Leste,TL,1974,,,,,
TLS,Timor-Leste,TL,1975,,,,,
TLS,Timor-Leste,TL,1976,,,,,
TLS,Timor-Leste,TL,1977,,,,,
TLS,Timor-Leste,TL,1978,,,,,
TLS,Timor-Leste,TL,1979,,,,,
TLS,Timor-Leste,TL,1980,,,,,
TLS,Timor-Leste,TL,1981,,,,,
TLS,Timor-Leste,TL,1982,,,,,
TLS,Timor-Leste,TL,1983,,,,,
TLS,Timor-Leste,TL,1984,,,,,
TLS,Timor-Leste,TL,1985,,,,,
TLS,Timor-Leste,TL,1986,,,,,
TLS,Timor-Leste,TL,1987,,,,,
TLS,Timor-Leste,TL,1988,,,,,
TLS,Timor-Leste,TL,1989,,,,,
TLS,Timor-Leste,TL,1990,128210142.0,168.621010199317,521048755.33968,,
TLS,Timor-Leste,TL,1991,147713000.0,189.794649212749,596384217.576244,,
TLS,Timor-Leste,TL,1992,187891500.0,235.064767714477,673775394.242854,,
TLS,Timor-Leste,TL,1993,216914400.0,264.066994790836,760133027.803049,,
TLS,Timor-Leste,TL,1994,239040500.0,283.058000480762,831662484.292763,,
TLS,Timor-Leste,TL,1995,262819900.0,302.736982028369,905830464.853506,,
TLS,Timor-Leste,TL,1996,306956900.0,344.013327625123,996042886.894846,,
TLS,Timor-Leste,TL,1997,319972700.0,348.86424098109,1053747832.49583,,
TLS,Timor-Leste,TL,1998,325729800.0,345.59090957317,1044278772.21911,,
TLS,Timor-Leste,TL,1999,225357600.0,269.987312761397,683595120.394097,,
TLS,Timor-Leste,TL,2000,366924300.0,492.457669429651,1105092169.80085,,
TLS,Timor-Leste,TL,2001,477443500.0,587.804355560918,1314742003.83579,,
TLS,Timor-Leste,TL,2002,469455500.0,533.982476434866,1245667673.50852,,
TLS,Timor-Leste,TL,2003,490439100.0,534.901153697657,1242540621.77147,,
TLS,Timor-Leste,TL,2004,440772000.0,474.420767344689,1281057492.87752,,
TLS,Timor-Leste,TL,2005,462268000.0,487.464555404292,1360657464.90284,,
TLS,Timor-Leste,TL,2006,453792400.0,464.667001844159,1344884865.98863,,
TLS,Timor-Leste,TL,2007,542795400.0,540.154584237662,1523119267.85351,,
TLS,Timor-Leste,TL,2008,648523600.0,628.153219252849,1729365751.66443,,
TLS,Timor-Leste,TL,2009,726937800.0,686.579295832381,1916592414.8058,,
TLS,Timor-Leste,TL,2010,881909300.0,813.060177250597,2120905058.2381,,
TLS,Timor-Leste,TL,2011,1042534600.0,939.045241112693,2293643875.57212,,
TLS,Timor-Leste,TL,2012,1160555000.0,1022.61903188429,2707989840.55098,,
TLS,Timor-Leste,TL,2013,1395727400.0,1204.56841532931,2973246949.47284,,
TLS,Timor-Leste,TL,2014,1447535200.0,1224.74957758801,3380077842.07778,,
TLS,Timor-Leste,TL,2015,1590282400.0,1319.59297370991,3745031233.3965,,
TLS,Timor-Leste,TL,2016,1640464600.0,1335.54390089814,4164913918.53211,,
TLS,Timor-Leste,TL,2017,1584878400.0,1266.17767952941,4334794317.47985,,
TLS,Timor-Leste,TL,2018,1555988614.43594,1219.46599728983,4544057140.37793,,
TLS,Timor-Leste,TL,2019,2032550389.41316,1562.36458068032,5927904534.77824,,
TLS,Timor-Leste,TL,2020,2162619240.86927,1630.86938521256,8131467055.83302,,
TLS,Timor-Leste,TL,2021,3624889673.07263,2684.82702378987,9214418303.23059,,
TLS,Timor-Leste,TL,2022,3208593982.01071,2343.24523350389,7843625021.65762,,
TLS,Timor-Leste,TL,2023,2079916909.49485,1502.51964514186,6653072513.86234,,
TLS,Timor-Leste,TL,2024,1881265333.4187,1343.14886031844,6664784682.18532,,
TON,Tonga,TO,1960,,,,,
TON,Tonga,TO,1961,,,,,
TON,Tonga,TO,1962,,,,,
TON,Tonga,TO,1963,,,,,
TON,Tonga,TO,1964,,,,,
TON,Tonga,TO,1965,,,,,
TON,Tonga,TO,1966,,,,,
TON,Tonga,TO,1967,,,,,
TON,Tonga,TO,1968,,,,,
TON,Tonga,TO,1969,,,,,
TON,Tonga,TO,1970,,,,,
TON,Tonga,TO,1971,,,,,
TON,Tonga,TO,1972,,,,,
TON,Tonga,TO,1973,,,,,
TON,Tonga,TO,1974,,,,,
TON,Tonga,TO,1975,32506741.7201204,349.470975414391,,,
TON,Tonga,TO,1976,30036416.9619944,315.094854046623,,,
TON,Tonga,TO,1977,34139387.8908849,352.953092694597,,,
TON,Tonga,TO,1978,41567471.6721987,427.631287521076,,,
TON,Tonga,TO,1979,44667002.0120724,457.916448085709,,,
TON,Tonga,TO,1980,53260077.4311091,544.754241437563,,,
TON,Tonga,TO,1981,62242013.3302689,635.712889829014,,,
TON,Tonga,TO,1982,62068161.0711025,633.477863554833,,,
TON,Tonga,TO,1983,60863963.963964,621.073531745178,,,
TON,Tonga,TO,1984,64248354.5414656,655.66235882708,,,
TON,Tonga,TO,1985,60058663.3144773,612.943575629463,,,
TON,Tonga,TO,1986,68195855.6149733,695.805077185729,,,
TON,Tonga,TO,1987,81667133.4546982,830.153019585043,,,
TON,Tonga,TO,1988,106657267.367342,1077.6835915018,,,
TON,Tonga,TO,1989,106344854.986095,1069.83546760253,,,
TON,Tonga,TO,1990,113563821.577404,1139.0553819198,240850946.299376,,
TON,Tonga,TO,1991,132201141.446861,1323.40098550339,264969053.213627,,
TON,Tonga,TO,1992,137066290.550071,1370.36142598699,271690178.343793,,
TON,Tonga,TO,1993,138489884.393064,1383.47386584881,288526783.531902,,
TON,Tonga,TO,1994,195990986.21421,1956.66180354821,309281859.087033,,
TON,Tonga,TO,1995,208871665.748682,2084.02759539718,335432982.044333,,
TON,Tonga,TO,1996,222100576.345483,2214.91474789811,341891354.487556,,
TON,Tonga,TO,1997,214991452.314998,2135.52111086276,345698499.858096,,
TON,Tonga,TO,1998,191504892.761394,1888.83194028282,357598159.906259,,
TON,Tonga,TO,1999,199208717.501913,1952.14626248861,371008601.636435,,
TON,Tonga,TO,2000,204848487.806485,1995.07667546271,393656191.969859,,
TON,Tonga,TO,2001,181117230.406546,1753.51667576626,408527645.938931,,
TON,Tonga,TO,2002,182764280.828501,1759.4805324576,433251935.788937,,
TON,Tonga,TO,2003,202246591.215502,1936.04104012389,442034571.874097,,
TON,Tonga,TO,2004,230678011.42199,2195.44890047673,444988336.917726,,
TON,Tonga,TO,2005,261823805.433238,2477.72620144825,455922516.984036,,
TON,Tonga,TO,2006,292232703.306768,2750.34778600857,459804185.596433,,
TON,Tonga,TO,2007,298519623.342085,2797.06560109144,460623493.325429,,
TON,Tonga,TO,2008,344438844.333518,3218.45303993196,492329331.639644,,
TON,Tonga,TO,2009,312415028.446113,2914.23774004564,469957723.059784,,
TON,Tonga,TO,2010,366887374.989696,3416.08356601207,479590457.709948,,
TON,Tonga,TO,2011,414143828.494419,3849.99375750134,522298522.972838,,
TON,Tonga,TO,2012,471122971.305043,4384.17058724217,536917937.651318,,
TON,Tonga,TO,2013,451788498.263614,4219.24670113014,548206674.779762,48.914577670051,
TON,Tonga,TO,2014,440997734.928723,4136.59010898445,568856651.625818,47.3558963062096,-0.5884755180369278
TON,Tonga,TO,2015,437525538.903019,4123.90347238813,580530288.892001,51.1149689118074,1.2680377836304755
TON,Tonga,TO,2016,420828254.541601,3987.98618837043,624718688.152662,49.3817810314465,-0.3582061418865586
TON,Tonga,TO,2017,459976847.108128,4365.92929788648,656269919.932237,45.6224784601413,0.06466786563534153
TON,Tonga,TO,2018,489714529.780507,4638.8978542585,675919873.282899,48.6165059103464,1.4366067347468516
TON,Tonga,TO,2019,494197853.971842,4676.84802517145,685643603.561763,44.0850978422251,-2.078881795070066
TON,Tonga,TO,2020,496856303.949489,4700.44940541029,707144886.352161,43.9231751635787,0.017090014625446917
TON,Tonga,TO,2021,518228028.701685,4912.57966349119,742114235.069721,,
TON,Tonga,TO,2022,518180029.413435,4933.07466930785,776659170.824984,,
TON,Tonga,TO,2023,508735107.033734,4863.76384632192,821375658.673323,,
TON,Tonga,TO,2024,,,,,
TTO,Trinidad and Tobago,TT,1960,535673252.483535,633.975608394336,,,
TTO,Trinidad and Tobago,TT,1961,584964620.921781,677.713824022157,,,
TTO,Trinidad and Tobago,TT,1962,619322810.026308,703.620804079905,,,
TTO,Trinidad and Tobago,TT,1963,678239329.401676,756.284906625836,,,
TTO,Trinidad and Tobago,TT,1964,711897520.256199,779.766014894579,,,
TTO,Trinidad and Tobago,TT,1965,736573158.567104,793.357738715678,,,
TTO,Trinidad and Tobago,TT,1966,723739857.317023,767.537870840813,,,
TTO,Trinidad and Tobago,TT,1967,761981912.42271,796.703860051473,,,
TTO,Trinidad and Tobago,TT,1968,758899950.0,783.173633599792,,,
TTO,Trinidad and Tobago,TT,1969,779200000.0,794.529655166788,,,
TTO,Trinidad and Tobago,TT,1970,821850000.0,828.919857464313,,,
TTO,Trinidad and Tobago,TT,1971,896765214.626133,894.45305348288,,,
TTO,Trinidad and Tobago,TT,1972,1083391757.89486,1067.46412567566,,,
TTO,Trinidad and Tobago,TT,1973,1308785430.53591,1273.3221357336,,,
TTO,Trinidad and Tobago,TT,1974,2042001070.5079,1962.02689234886,,,
TTO,Trinidad and Tobago,TT,1975,2442669824.56431,2318.69169815563,,,
TTO,Trinidad and Tobago,TT,1976,2500424955.23006,2344.93028321949,,,
TTO,Trinidad and Tobago,TT,1977,3138666666.66667,2907.3734770717,,,
TTO,Trinidad and Tobago,TT,1978,3562333458.33333,3258.0927567116,,,
TTO,Trinidad and Tobago,TT,1979,4602416625.0,4155.1594201721,,,
TTO,Trinidad and Tobago,TT,1980,6235833333.33333,5559.05209507101,,,
TTO,Trinidad and Tobago,TT,1981,6992083333.33333,6159.70947284839,,,
TTO,Trinidad and Tobago,TT,1982,8140416666.66667,7091.40621892043,,,
TTO,Trinidad and Tobago,TT,1983,7763750000.0,6689.80831238034,,,
TTO,Trinidad and Tobago,TT,1984,7757083333.33333,6613.11947420709,,,
TTO,Trinidad and Tobago,TT,1985,7375918367.34694,6212.00065299742,,,
TTO,Trinidad and Tobago,TT,1986,4794444444.44444,3984.99609719733,,,
TTO,Trinidad and Tobago,TT,1987,4797777777.77778,3941.12013972631,,,
TTO,Trinidad and Tobago,TT,1988,4496910569.10569,3655.81977035897,,,
TTO,Trinidad and Tobago,TT,1989,4323058823.52941,3481.84505761067,,,
TTO,Trinidad and Tobago,TT,1990,5068000000.0,4047.25093594674,8612212473.27298,,
TTO,Trinidad and Tobago,TT,1991,5307905882.35294,4205.37778348016,9180573278.6363,,
TTO,Trinidad and Tobago,TT,1992,5439552941.17647,4277.47436935604,10337494266.1858,,
TTO,Trinidad and Tobago,TT,1993,4669491134.2478,3646.71231742803,10511717212.5761,,
TTO,Trinidad and Tobago,TT,1994,4947181645.55221,3839.96290233114,11119141565.1677,,
TTO,Trinidad and Tobago,TT,1995,5329217747.21258,4114.68908475464,11784787156.132,,
TTO,Trinidad and Tobago,TT,1996,5759570336.11287,4427.27832448289,12856714602.9172,,
TTO,Trinidad and Tobago,TT,1997,5737771523.10148,4393.94496943068,14062292626.3647,,
TTO,Trinidad and Tobago,TT,1998,6043686653.62189,4612.70900312686,15375674026.777,,
TTO,Trinidad and Tobago,TT,1999,6808982520.75759,5179.08350809274,16844585171.4649,,
TTO,Trinidad and Tobago,TT,2000,8154342116.10311,6178.58975559687,18414986312.3139,,
TTO,Trinidad and Tobago,TT,2001,8824849191.03571,6657.41466937221,19614552541.2731,,
TTO,Trinidad and Tobago,TT,2002,9008298228.60273,6762.93080808096,21500303544.3031,,
TTO,Trinidad and Tobago,TT,2003,11305459802.0683,8445.04653518298,25090943424.7232,,
TTO,Trinidad and Tobago,TT,2004,13280291989.5755,9871.03419820086,27814044184.8483,,
TTO,Trinidad and Tobago,TT,2005,15982389018.4041,12346.4373094075,30467245569.9527,,
TTO,Trinidad and Tobago,TT,2006,18369361094.3886,14152.6607422113,35555034981.247,16.803206848237,
TTO,Trinidad and Tobago,TT,2007,21641620049.9352,16606.675360681,38254469952.5593,15.928004235045,0.13352291147103124
TTO,Trinidad and Tobago,TT,2008,27871587349.5413,21298.9945258063,40314012462.614,,
TTO,Trinidad and Tobago,TT,2009,19172165225.5015,14634.0565003912,38781259246.7827,,
TTO,Trinidad and Tobago,TT,2010,22157920592.3669,16815.424737361,40557013589.9624,,
TTO,Trinidad and Tobago,TT,2011,25433007437.1605,19151.0870229722,41271904854.1059,,
TTO,Trinidad and Tobago,TT,2012,27147349937.4689,20332.1389531925,42570297060.6539,,
TTO,Trinidad and Tobago,TT,2013,28560536917.4602,21304.9776454565,42557597455.346,,
TTO,Trinidad and Tobago,TT,2014,29474180442.0125,21908.3017802988,43086668717.1986,,
TTO,Trinidad and Tobago,TT,2015,26841143094.6765,19887.2337359338,40254444954.3607,,
TTO,Trinidad and Tobago,TT,2016,23624333663.6693,17449.1623528186,38222751751.5697,,
TTO,Trinidad and Tobago,TT,2017,23847765529.2959,17578.6417765865,38670271303.4351,,
TTO,Trinidad and Tobago,TT,2018,23888910151.9167,17575.8042838042,38982018420.5546,,
TTO,Trinidad and Tobago,TT,2019,23588037786.7403,17293.4730123427,40174163569.8835,,
TTO,Trinidad and Tobago,TT,2020,20991339706.5613,15358.8612973066,36714254092.0185,,
TTO,Trinidad and Tobago,TT,2021,24177305760.2763,17679.1812561341,41607493861.9341,,
TTO,Trinidad and Tobago,TT,2022,28510328245.1372,20874.37682915,45056280789.3976,,
TTO,Trinidad and Tobago,TT,2023,25489373405.0619,18639.259241294,47343724129.5556,,
TTO,Trinidad and Tobago,TT,2024,26428963758.1307,19314.7163432664,49288895345.5197,,
TUN,Tunisia,TN,1960,,,,,
TUN,Tunisia,TN,1961,866155428.571429,200.671835449762,,,
TUN,Tunisia,TN,1962,880027733.333333,201.419166932165,,,
TUN,Tunisia,TN,1963,1026737600.0,231.91940785127,,,
TUN,Tunisia,TN,1964,1025866792.15686,228.484793689273,,,
TUN,Tunisia,TN,1965,991047619.047619,217.269013478937,,,
TUN,Tunisia,TN,1966,1040952380.95238,223.750680246593,,,
TUN,Tunisia,TN,1967,1085714285.71429,228.044765187406,,,
TUN,Tunisia,TN,1968,1214666666.66667,248.91225549272,,,
TUN,Tunisia,TN,1969,1289904761.90476,257.738832521682,,,
TUN,Tunisia,TN,1970,1439238095.2381,280.476910228346,,,
TUN,Tunisia,TN,1971,1685162272.40652,320.272102901124,,,
TUN,Tunisia,TN,1972,2237556148.51085,414.626612581104,,,
TUN,Tunisia,TN,1973,2730813385.32624,493.172121667472,,,
TUN,Tunisia,TN,1974,3545868575.14639,623.75935280482,,,
TUN,Tunisia,TN,1975,4328965587.53266,741.35491566103,,,
TUN,Tunisia,TN,1976,4508191942.16081,751.741946408618,,,
TUN,Tunisia,TN,1977,5109324009.32401,829.983963323177,,,
TUN,Tunisia,TN,1978,5968460080.1113,945.964678061001,,,
TUN,Tunisia,TN,1979,7188863903.63675,1113.44445018775,,,
TUN,Tunisia,TN,1980,8744134354.16152,1323.62643763339,,,
TUN,Tunisia,TN,1981,8428445294.08429,1247.12801268551,,,
TUN,Tunisia,TN,1982,8133580051.70251,1177.30518554913,,,
TUN,Tunisia,TN,1983,8350582747.83541,1183.8417233031,,,
TUN,Tunisia,TN,1984,8254541194.82566,1143.2812867658,,,
TUN,Tunisia,TN,1985,8410226052.6114,1134.99813055736,,,
TUN,Tunisia,TN,1986,9017806654.4169,1186.50651525734,,,
TUN,Tunisia,TN,1987,9696715910.70907,1244.76663577347,,,
TUN,Tunisia,TN,1988,10096245762.4352,1266.07583258953,,,
TUN,Tunisia,TN,1989,10101851744.5627,1239.23860226784,,,
TUN,Tunisia,TN,1990,12290568181.8182,1476.43160477311,31464019085.5177,54.7703800956018,
TUN,Tunisia,TN,1991,13074782608.6957,1537.87916511306,33798146188.0168,60.6727188081937,0.5146400025000761
TUN,Tunisia,TN,1992,15496708060.4184,1784.81850188268,37266668916.0142,55.4991317544397,0.19250625971289007
TUN,Tunisia,TN,1993,14608335608.1543,1649.18537309075,38985429953.528,59.3098274568642,0.03702679899908586
TUN,Tunisia,TN,1994,15633174304.0905,1733.46614673506,41083421171.4023,59.0345141585198,0.2692050613208322
TUN,Tunisia,TN,1995,18030876599.3444,1968.16600944373,42931216044.0875,57.518267866149,0.6180769412957833
TUN,Tunisia,TN,1996,19587161806.7655,2107.40815649257,46841251004.8175,55.2965179400303,0.11763847280518515
TUN,Tunisia,TN,1997,20746210353.845,2202.06090620956,50241559387.4467,56.9353278066895,0.28847513802489316
TUN,Tunisia,TN,1998,21802893587.126,2285.01933541864,53236655267.7687,54.2817440338334,0.007701929229499007
TUN,Tunisia,TN,1999,22943202174.9668,2376.06566791596,57258903705.124,55.6386363803379,0.23128704198451455
TUN,Tunisia,TN,2000,21473528160.7782,2199.04465936314,61313898053.8926,56.7212758294998,-0.14432219712290237
TUN,Tunisia,TN,2001,22065832448.8623,2235.71981624751,65074550336.3664,56.4678199732883,0.07446458310856349
TUN,Tunisia,TN,2002,23141616604.5242,2320.7723805785,66959827913.5561,55.9344340024072,0.2567461310595074
TUN,Tunisia,TN,2003,27453902261.4629,2725.8643148859,71492709892.8304,55.0213155722411,0.4768193708349034
TUN,Tunisia,TN,2004,31183885241.4396,3067.41936376975,77993230437.0265,53.8375580931292,0.25892451549644313
TUN,Tunisia,TN,2005,32272186694.8043,3146.8260743927,83243203695.8432,52.4205297222421,0.024497055408154306
TUN,Tunisia,TN,2006,34376664600.5898,3322.56933570096,90310265369.8293,48.5639104645928,-0.03149804137735756
TUN,Tunisia,TN,2007,38915353866.757,3726.91672935667,98980554529.7408,45.7824704950416,0.12937951250021593
TUN,Tunisia,TN,2008,44859439902.2191,4255.05008019523,105163019449.886,43.2877054340983,0.25915420837232617
TUN,Tunisia,TN,2009,43455740497.3061,4080.09032448781,109031969301.752,42.9297921509547,-0.1972533013678454
TUN,Tunisia,TN,2010,46206091937.9628,4291.86120891575,113635873878.191,38.7660002963438,-0.16142935267504147
TUN,Tunisia,TN,2011,48123325825.0739,4420.64772206537,113606614096.659,42.4807224505219,-86.49698007289362
TUN,Tunisia,TN,2012,47311401812.6733,4297.26782454273,116862242696.596,42.5197543010178,-0.10027085724714514
TUN,Tunisia,TN,2013,48685446413.953,4369.79345826358,118895810770.27,,
TUN,Tunisia,TN,2014,50271812920.612,4458.97895464547,123418430878.512,,
TUN,Tunisia,TN,2015,45779494041.9295,4014.94773686432,122945411435.233,,
TUN,Tunisia,TN,2016,44360072680.4476,3847.80354448809,126742366551.332,,
TUN,Tunisia,TN,2017,42163530590.9462,3619.03247319953,131519908969.82,,
TUN,Tunisia,TN,2018,42686504459.801,3628.10366464236,139320230402.965,,
TUN,Tunisia,TN,2019,41905642418.825,3528.87213306798,148376650136.515,,
TUN,Tunisia,TN,2020,42491780918.361,3548.65363663803,142707604074.227,,
TUN,Tunisia,TN,2021,47073234359.1819,3906.93926319391,149936984870.616,,
TUN,Tunisia,TN,2022,44948769171.285,3708.8481241036,164920776695.978,,
TUN,Tunisia,TN,2023,48196281783.9479,3950.3753419816,170922172724.961,,
TUN,Tunisia,TN,2024,53409988744.5968,4350.3717971875,177419626655.921,,
TUR,Turkiye,TR,1960,7566666666.66667,267.091207552765,,,
TUR,Turkiye,TR,1961,7988888888.88889,274.350890943262,,,
TUR,Turkiye,TR,1962,8922222222.22222,298.241020884883,,,
TUR,Turkiye,TR,1963,10355555555.5556,337.019856859205,,,
TUR,Turkiye,TR,1964,11177777777.7778,354.365541117168,,,
TUR,Turkiye,TR,1965,11966666666.6667,369.967082204625,,,
TUR,Turkiye,TR,1966,14100000000.0,424.984610131778,,,
TUR,Turkiye,TR,1967,15644444444.4444,459.449369053159,,,
TUR,Turkiye,TR,1968,17500000000.0,501.12130904111,,,
TUR,Turkiye,TR,1969,19466666666.6667,543.947401329478,,,
TUR,Turkiye,TR,1970,17863636363.6364,487.565086682435,,,
TUR,Turkiye,TR,1971,16166666666.6667,430.897259673783,,,
TUR,Turkiye,TR,1972,20650000000.0,537.337529232528,,,
TUR,Turkiye,TR,1973,26000000000.0,661.080821885172,,,
TUR,Turkiye,TR,1974,35414285714.2857,880.728167716848,,,
TUR,Turkiye,TR,1975,46042857142.8571,1121.54326914976,,,
TUR,Turkiye,TR,1976,51450000000.0,1227.92409658199,,,
TUR,Turkiye,TR,1977,58683333333.3333,1371.96185651463,,,
TUR,Turkiye,TR,1978,65912500000.0,1510.18531064944,,,
TUR,Turkiye,TR,1979,89616129032.2581,2013.37374286503,,,
TUR,Turkiye,TR,1980,68823684210.5263,1515.64589850068,,,
TUR,Turkiye,TR,1981,71180180180.1802,1536.66562064101,,,
TUR,Turkiye,TR,1982,64369325153.3742,1360.23825219775,,,
TUR,Turkiye,TR,1983,61803555555.5556,1275.68337617131,,,
TUR,Turkiye,TR,1984,59937602179.8365,1209.05149383313,,,
TUR,Turkiye,TR,1985,67232758620.6897,1326.42701445307,,,
TUR,Turkiye,TR,1986,75673037037.037,1461.49658654754,,,
TUR,Turkiye,TR,1987,87190081680.28,1649.96264794402,,,
TUR,Turkiye,TR,1988,90875175808.7201,1685.69479240535,,,
TUR,Turkiye,TR,1989,107127191328.935,1948.59179454794,,,
TUR,Turkiye,TR,1990,150655500191.644,2689.52621921233,459622869909.126,30.2454942016516,
TUR,Turkiye,TR,1991,151034731543.624,2649.27259974439,479623002509.401,32.1299111323629,0.1480402409429845
TUR,Turkiye,TR,1992,159104772991.851,2743.65320297936,520003285775.237,34.0172750620102,0.13857711707015094
TUR,Turkiye,TR,1993,180415757851.616,3057.93737480422,575128310466.254,33.6982232562415,0.12106655084982257
TUR,Turkiye,TR,1994,130650447499.071,2176.2801813809,555430499634.542,44.0175057105221,0.1669138113692399
TUR,Turkiye,TR,1995,169319579016.25,2774.61627202847,607831667113.743,35.8414007648945,0.06063683029927359
TUR,Turkiye,TR,1996,181464408820.097,2929.15394930619,661369939615.493,37.9207501444174,0.15178218872865387
TUR,Turkiye,TR,1997,189878399894.643,3020.99347061272,722169136910.542,44.2932887174408,0.2514954717818799
TUR,Turkiye,TR,1998,275941990764.18,4329.56243985573,558260454866.419,30.2966279950942,0.0030643248853347445
TUR,Turkiye,TR,1999,256395932738.435,3969.47359406585,546531228972.082,,
TUR,Turkiye,TR,2000,274294623164.043,4192.44316738494,609012301398.467,,
TUR,Turkiye,TR,2001,201753123806.695,3045.55413956926,595895417268.146,,
TUR,Turkiye,TR,2002,240249071871.106,3583.19745897158,612446571084.024,,
TUR,Turkiye,TR,2003,314595572145.767,4637.88218501529,641096984002.846,,
TUR,Turkiye,TR,2004,408865430220.331,5960.77898909049,735785897620.4,,
TUR,Turkiye,TR,2005,506314717661.655,7303.01388860245,815102819831.078,,
TUR,Turkiye,TR,2006,557076157773.479,7953.07848024969,945291887133.81,,
TUR,Turkiye,TR,2007,681321124295.914,9711.22376120832,1043000500284.33,,
TUR,Turkiye,TR,2008,770449132861.373,10843.5036940489,1139547816150.73,40.8891753601982,
TUR,Turkiye,TR,2009,649289324627.732,9012.99945793034,1112437870348.36,48.4710258625545,0.011549286596969877
TUR,Turkiye,TR,2010,776967266305.53,10622.7020439723,1268553834186.7,45.145314794996,0.23089965227335899
TUR,Turkiye,TR,2011,838785289694.35,11300.7852215681,1454111481655.52,40.0769538067827,-0.07870721222237623
TUR,Turkiye,TR,2012,880555885492.269,11713.2849831139,1550688774591.71,37.9602291228126,-0.019658465710680067
TUR,Turkiye,TR,2013,957799120008.32,12578.1878632,1703669566586.39,32.1216452754771,-0.17387931883296812
TUR,Turkiye,TR,2014,938934609296.966,12165.220135038,1860471150579.8,31.3464166832739,-0.08506598228993362
TUR,Turkiye,TR,2015,864313810469.009,11049.9951100942,2022939852651.27,29.0056748886147,-0.26849664320251143
TUR,Turkiye,TR,2016,869682881593.041,10970.0458948862,2116397789617.2,30.0333272262847,0.11229278238409836
TUR,Turkiye,TR,2017,858988492853.742,10695.550196231,2264269908091.15,29.6670769847807,-0.04299612570718051
TUR,Turkiye,TR,2018,778972108040.602,9568.83506330228,2303774665903.06,29.2112929401822,-0.6907763665632956
TUR,Turkiye,TR,2019,761005915750.925,9215.44049888114,2350308130312.31,33.9048016541042,0.654791606344289
TUR,Turkiye,TR,2020,720338490327.248,8638.73903848102,2391489351774.66,41.801640624815,1.0464905888443303
TUR,Turkiye,TR,2021,819865223976.115,9743.21277804855,2637031078345.11,42.575722383146,0.195283446675029
TUR,Turkiye,TR,2022,907118434653.505,10674.504157865,3322805935564.67,35.2457946156302,-0.04278728064849492
TUR,Turkiye,TR,2023,1118252958513.72,13105.6585004778,3611520825480.45,33.1072230203582,0.17491789399268043
TUR,Turkiye,TR,2024,1323254808058.74,15473.2872636856,3757012846422.01,,
TUV,Tuvalu,TV,1960,,,,,
TUV,Tuvalu,TV,1961,,,,,
TUV,Tuvalu,TV,1962,,,,,
TUV,Tuvalu,TV,1963,,,,,
TUV,Tuvalu,TV,1964,,,,,
TUV,Tuvalu,TV,1965,,,,,
TUV,Tuvalu,TV,1966,,,,,
TUV,Tuvalu,TV,1967,,,,,
TUV,Tuvalu,TV,1968,,,,,
TUV,Tuvalu,TV,1969,,,,,
TUV,Tuvalu,TV,1970,2585955.87411804,456.640627603398,,,
TUV,Tuvalu,TV,1971,2716989.58449994,477.922530255047,,,
TUV,Tuvalu,TV,1972,2968457.94392523,521.514044962269,,,
TUV,Tuvalu,TV,1973,3411915.43882127,600.583601271126,,,
TUV,Tuvalu,TV,1974,4122328.66617539,708.060574746717,,,
TUV,Tuvalu,TV,1975,4014748.0540762,656.326312583979,,,
TUV,Tuvalu,TV,1976,3919072.22992563,611.972553080204,,,
TUV,Tuvalu,TV,1977,3669419.59164946,548.821356812662,,,
TUV,Tuvalu,TV,1978,3798781.86329799,546.037352781083,,,
TUV,Tuvalu,TV,1979,4065659.43428377,565.932549315669,,,
TUV,Tuvalu,TV,1980,4206128.13370474,571.0192959143,,,
TUV,Tuvalu,TV,1981,4773017.53163822,634.203764501491,,,
TUV,Tuvalu,TV,1982,4118945.16164625,537.440652615639,,,
TUV,Tuvalu,TV,1983,4152550.30416472,533.130094256608,,,
TUV,Tuvalu,TV,1984,4481977.90255389,567.195381239419,,,
TUV,Tuvalu,TV,1985,3862851.88310194,480.095933768573,,,
TUV,Tuvalu,TV,1986,4574706.2115277,556.736790985481,,,
TUV,Tuvalu,TV,1987,5020513.49920593,599.750746530394,,,
TUV,Tuvalu,TV,1988,7011059.37136204,823.087505442832,,,
TUV,Tuvalu,TV,1989,8454523.24729257,976.047477175313,,,
TUV,Tuvalu,TV,1990,9542900.90136505,1084.66707221699,14743644.7417144,,
TUV,Tuvalu,TV,1991,10127313.9132358,1134.33175551477,15792367.555293,,
TUV,Tuvalu,TV,1992,10535028.1423687,1165.63710360353,16602704.8357854,,
TUV,Tuvalu,TV,1993,10414399.9564792,1141.17904410247,17694928.462881,,
TUV,Tuvalu,TV,1994,11772610.6579341,1278.65870076399,19931239.3098157,,
TUV,Tuvalu,TV,1995,11922614.1984666,1284.76446104166,19330772.5946315,,
TUV,Tuvalu,TV,1996,13338597.3300737,1427.80960501753,18511197.2116127,,
TUV,Tuvalu,TV,1997,13734210.096632,1461.08618049276,20714076.4187835,,
TUV,Tuvalu,TV,1998,13795146.2092638,1459.64937141718,24193884.6635914,,
TUV,Tuvalu,TV,1999,14800503.2582747,1558.60396569869,24152536.5864826,,
TUV,Tuvalu,TV,2000,15073975.5349377,1579.41906275542,24788173.8816844,,
TUV,Tuvalu,TV,2001,13964732.327114,1456.78409421177,24884455.671846,,
TUV,Tuvalu,TV,2002,16842672.5952874,1750.25175052348,28053935.5225242,,
TUV,Tuvalu,TV,2003,19456338.0318228,2006.84249941442,26856121.0661838,,
TUV,Tuvalu,TV,2004,22798274.9795551,2322.56265072892,27140394.8064054,,
TUV,Tuvalu,TV,2005,22909979.8163078,2304.82694329052,27112989.4138317,,
TUV,Tuvalu,TV,2006,24096875.4635825,2396.26844307702,28027173.7924934,,
TUV,Tuvalu,TV,2007,28450168.692765,2794.16310084119,30895743.1732363,,
TUV,Tuvalu,TV,2008,31874434.857882,3088.30877413836,33967419.606537,,
TUV,Tuvalu,TV,2009,28076983.9703819,2683.96749549583,32240162.8942646,,
TUV,Tuvalu,TV,2010,32105408.4771121,3024.8170790571,31259598.4054182,,
TUV,Tuvalu,TV,2011,39196957.4908996,3636.08139989792,34236508.2824675,,
TUV,Tuvalu,TV,2012,39345579.4723758,3598.46163091053,34665165.1969764,,
TUV,Tuvalu,TV,2013,38615890.6320745,3510.21640142483,36052623.9876466,,
TUV,Tuvalu,TV,2014,38760982.6540096,3528.85858102782,37552677.4294873,,
TUV,Tuvalu,TV,2015,36811936.0824587,3357.83417700071,41393609.2914116,,
TUV,Tuvalu,TV,2016,41629064.2232388,3808.69755015909,44057326.1998254,,
TUV,Tuvalu,TV,2017,45276595.3533146,4165.66338700106,45940206.0596526,,
TUV,Tuvalu,TV,2018,48015259.8751356,4466.12034928245,47645549.2917108,,
TUV,Tuvalu,TV,2019,54123198.5662913,5115.13075950206,55123835.9255832,,
TUV,Tuvalu,TV,2020,51746594.3148543,4976.11254109571,53265739.9121288,,
TUV,Tuvalu,TV,2021,60196405.7138393,5905.08198095343,54568264.1071132,,
TUV,Tuvalu,TV,2022,59065982.0873657,5911.32727055301,56566149.3258563,,
TUV,Tuvalu,TV,2023,62280311.5852172,6344.7750188689,60378318.7776043,,
TUV,Tuvalu,TV,2024,,,,,
TZA,Tanzania,TZ,1960,2651729807.38808,275.296020507813,,,
TZA,Tanzania,TZ,1961,2826179031.22839,285.156799316406,,,
TZA,Tanzania,TZ,1962,3101589992.664,303.997436523438,,,
TZA,Tanzania,TZ,1963,3456579293.44828,329.010589599609,,,
TZA,Tanzania,TZ,1964,3748840925.06363,346.301818847656,,,
TZA,Tanzania,TZ,1965,3817226546.22938,342.077941894531,,,
TZA,Tanzania,TZ,1966,4377998825.12047,380.497924804688,,,
TZA,Tanzania,TZ,1967,4565132047.52718,384.642944335938,,,
TZA,Tanzania,TZ,1968,4895251824.05927,399.301635742188,,,
TZA,Tanzania,TZ,1969,5142066811.47328,405.450805664063,,,
TZA,Tanzania,TZ,1970,2851419386.07225,217.235641479492,,,
TZA,Tanzania,TZ,1971,3050673517.33059,224.451416015625,,,
TZA,Tanzania,TZ,1972,3472787266.0964,246.546295166016,,,
TZA,Tanzania,TZ,1973,4144104535.49655,283.801849365234,,,
TZA,Tanzania,TZ,1974,4977337978.35959,328.783599853516,,,
TZA,Tanzania,TZ,1975,5729917839.54264,364.969940185547,,,
TZA,Tanzania,TZ,1976,6472511987.84735,397.542755126953,,,
TZA,Tanzania,TZ,1977,7732598995.10303,458.058349609375,,,
TZA,Tanzania,TZ,1978,9261675709.83072,529.603637695313,,,
TZA,Tanzania,TZ,1979,9804637490.81892,542.11474609375,,,
TZA,Tanzania,TZ,1980,11409228086.7463,611.211791992188,,,
TZA,Tanzania,TZ,1981,13161540377.5792,683.913269042969,,,
TZA,Tanzania,TZ,1982,13927383239.8322,701.959838867188,,,
TZA,Tanzania,TZ,1983,14049883809.0089,685.276489257813,,,
TZA,Tanzania,TZ,1984,12906635133.1557,609.331420898438,,,
TZA,Tanzania,TZ,1985,15328295175.4067,700.450073242188,,,
TZA,Tanzania,TZ,1986,10840864521.2338,479.281768798828,,,
TZA,Tanzania,TZ,1987,7824193222.11908,334.822784423828,,,
TZA,Tanzania,TZ,1988,7406614407.46127,307.50634765625,,,
TZA,Tanzania,TZ,1989,6418799006.80247,259.502227783203,,,
TZA,Tanzania,TZ,1990,6184384225.02712,243.611557006836,23491355567.8617,,
TZA,Tanzania,TZ,1991,7197768158.58347,276.452453613281,24788987575.1693,,
TZA,Tanzania,TZ,1992,6681997469.31292,250.329925537109,25502040902.7438,,
TZA,Tanzania,TZ,1993,6182872707.82523,224.491546630859,26421314765.6775,,
TZA,Tanzania,TZ,1994,6550480483.9385,228.890029907227,27408503035.153,,
TZA,Tanzania,TZ,1995,7631431840.49992,258.418334960938,28982148611.615,,
TZA,Tanzania,TZ,1996,9433528150.36609,313.658386230469,30853910834.607,,
TZA,Tanzania,TZ,1997,11158197941.9152,363.597686767578,32492413241.2375,,
TZA,Tanzania,TZ,1998,12172790056.3733,386.378448486328,34076111627.8463,,
TZA,Tanzania,TZ,1999,12704334195.8151,392.621765136719,36239191742.8155,,
TZA,Tanzania,TZ,2000,13371767081.7428,401.698150634766,38735486575.7509,,
TZA,Tanzania,TZ,2001,13563990022.3641,396.638732910156,42012196526.7003,,
TZA,Tanzania,TZ,2002,14129651895.6911,402.649047851563,45691379981.6238,,
TZA,Tanzania,TZ,2003,15211487708.7684,422.18359375,49702556051.3793,,
TZA,Tanzania,TZ,2004,16673062473.3981,450.385284423828,54868980890.2991,,
TZA,Tanzania,TZ,2005,18395383647.4975,483.334869384766,60820175034.8265,,
TZA,Tanzania,TZ,2006,18619859795.2852,475.746734619141,66791196428.0246,,
TZA,Tanzania,TZ,2007,21860434823.4808,543.198303222656,73244007996.3247,,
TZA,Tanzania,TZ,2008,27947821397.9272,675.977233886719,78900413702.286,,
TZA,Tanzania,TZ,2009,29400573553.6075,693.823547363281,83570043783.4841,,
TZA,Tanzania,TZ,2010,32012892919.37,736.530151367188,89945449520.1172,,
TZA,Tanzania,TZ,2011,34657140096.4836,775.392761230469,98844247428.6534,,
TZA,Tanzania,TZ,2012,39650394362.9287,861.969909667969,95839768784.7191,,
TZA,Tanzania,TZ,2013,45648857242.315,963.05712890625,103152549535.165,,
TZA,Tanzania,TZ,2014,49986726460.6805,1022.74841308594,108559934988.865,,
TZA,Tanzania,TZ,2015,47413919817.124,939.127319335938,116992999511.588,,
TZA,Tanzania,TZ,2016,49774409374.4538,953.0107421875,127160946763.025,,
TZA,Tanzania,TZ,2017,53274884532.7886,986.674011230469,133500817705.841,,
TZA,Tanzania,TZ,2018,57003712892.0858,1023.10626220703,151987436389.558,,
TZA,Tanzania,TZ,2019,61026731925.9213,1063.32250976563,171137212069.963,,
TZA,Tanzania,TZ,2020,66068737786.0639,1117.41528320313,194561908147.279,,
TZA,Tanzania,TZ,2021,70655628147.8986,1159.85656738281,212790081675.953,,
TZA,Tanzania,TZ,2022,75769974505.0106,1207.85302734375,238369618090.938,,
TZA,Tanzania,TZ,2023,79062403836.8432,1224.48962402344,259466130648.377,,
TZA,Tanzania,TZ,2024,78779864877.3018,1185.74548339844,280425918025.025,,
UGA,Uganda,UG,1960,423145605.043164,55.3784976132181,,,
UGA,Uganda,UG,1961,441667334.611947,56.1759278091596,,,
UGA,Uganda,UG,1962,449158233.391351,55.5048704604887,,,
UGA,Uganda,UG,1963,516315231.449087,61.9553768191835,,,
UGA,Uganda,UG,1964,589247687.30035,68.6259930194368,,,
UGA,Uganda,UG,1965,884502309.953801,99.9527652325075,,,
UGA,Uganda,UG,1966,925381492.370153,101.435414620908,,,
UGA,Uganda,UG,1967,967240655.186896,102.80034732844,,,
UGA,Uganda,UG,1968,1037379252.41495,106.851228104531,,,
UGA,Uganda,UG,1969,1168556628.86742,116.682296330854,,,
UGA,Uganda,UG,1970,1259554808.90382,122.030929585629,,,
UGA,Uganda,UG,1971,1417191656.16688,133.468088316131,,,
UGA,Uganda,UG,1972,1490970180.59639,136.964736487473,,,
UGA,Uganda,UG,1973,1701829789.02127,152.709417587824,,,
UGA,Uganda,UG,1974,2098944967.20844,183.71757196626,,,
UGA,Uganda,UG,1975,2359555555.55556,201.237292844799,,,
UGA,Uganda,UG,1976,2447300000.0,203.309813650809,,,
UGA,Uganda,UG,1977,2936470588.23529,237.584889064205,,,
UGA,Uganda,UG,1978,2420260869.56522,190.690145097606,,,
UGA,Uganda,UG,1979,2139025000.0,164.513012181127,,,
UGA,Uganda,UG,1980,1244610000.0,93.7506991135184,,,
UGA,Uganda,UG,1981,1337300000.0,98.6467550654109,,,
UGA,Uganda,UG,1982,2177500000.0,156.952422909331,,,
UGA,Uganda,UG,1983,2240333333.33333,157.527216922525,,,
UGA,Uganda,UG,1984,3615647477.05434,247.516937638636,,,
UGA,Uganda,UG,1985,3519695443.52516,234.276502777526,,,
UGA,Uganda,UG,1986,3923244049.95796,253.643058810817,,,
UGA,Uganda,UG,1987,6269522042.11556,392.97074320479,,,
UGA,Uganda,UG,1988,6508931651.66667,395.187660960924,,,
UGA,Uganda,UG,1989,5276480799.33868,310.186025249445,,,
UGA,Uganda,UG,1990,4304399310.30967,244.987168126806,11699400048.7875,,
UGA,Uganda,UG,1991,3321729159.62277,182.955897348348,12766822405.8071,,
UGA,Uganda,UG,1992,2857457761.90922,152.113542415537,13504120522.723,,
UGA,Uganda,UG,1993,3220439044.18949,165.616476211716,14975256378.1675,,
UGA,Uganda,UG,1994,3990430446.71216,198.441987998795,16274444402.8539,,
UGA,Uganda,UG,1995,5755818842.49246,278.520835668767,18530332832.6031,,
UGA,Uganda,UG,1996,6044585326.938,284.698259285733,20581449479.535,,
UGA,Uganda,UG,1997,6269333313.17108,286.846637912964,22004120914.1733,,
UGA,Uganda,UG,1998,6584815846.52754,292.453037058835,23342908774.7383,,
UGA,Uganda,UG,1999,5998563257.94659,257.921949601357,25579863870.6738,,
UGA,Uganda,UG,2000,6193246837.09687,258.050338731086,26981198607.2246,,
UGA,Uganda,UG,2001,5840503868.51573,236.021188853993,29018837888.2364,,
UGA,Uganda,UG,2002,6178563591.12051,241.984688408335,32043293153.7008,,
UGA,Uganda,UG,2003,6606884275.23087,250.71543664681,34791125984.3477,,
UGA,Uganda,UG,2004,7939487547.77384,292.38185796262,38158688982.7834,,
UGA,Uganda,UG,2005,9239221763.05793,330.405402707025,41847327034.6383,,
UGA,Uganda,UG,2006,9977647682.96954,346.518255310647,47790135007.3016,,
UGA,Uganda,UG,2007,11902564494.8833,401.389130865581,53214123604.0574,,
UGA,Uganda,UG,2008,14440404132.2047,472.842681495852,58962980523.9542,,
UGA,Uganda,UG,2009,25127805566.6584,798.947089938247,63361765399.2623,,
UGA,Uganda,UG,2010,26673441430.7857,823.488144282,67747293893.5972,,
UGA,Uganda,UG,2011,27871725241.4723,835.620060555838,75638854428.333,,
UGA,Uganda,UG,2012,27305915910.7877,795.222867553127,69771843672.1953,,
UGA,Uganda,UG,2013,28915786516.6123,818.285427416713,72260074930.0597,,
UGA,Uganda,UG,2014,32612397257.4458,896.054795546394,77668413711.6786,,
UGA,Uganda,UG,2015,32387183730.1002,862.934610355811,82192547854.5883,,
UGA,Uganda,UG,2016,29203988696.2626,752.696571725656,84011710476.5525,,
UGA,Uganda,UG,2017,30744473841.424,765.218332297361,86701094761.929,,
UGA,Uganda,UG,2018,32927025619.6795,792.16570022814,96102592476.7351,34.6735709945694,
UGA,Uganda,UG,2019,35353061007.9635,822.171150141651,104978215231.617,38.4769453120331,0.24627030754793186
UGA,Uganda,UG,2020,37600368239.8824,845.76646385001,112575267254.241,44.1859143089924,0.3963759272950365
UGA,Uganda,UG,2021,40529788744.0595,882.791717442001,123267190675.87,51.3026623500196,0.39083652355269033
UGA,Uganda,UG,2022,45565333216.4142,963.067314233497,138114236789.416,53.890283064004,0.2534124532292277
UGA,Uganda,UG,2023,48768955859.2834,1002.30913908852,150720488734.493,53.1469350748667,0.10819379652126712
UGA,Uganda,UG,2024,53651874313.9836,1072.71369837695,163837595822.047,,
UKR,Ukraine,UA,1960,,,,,
UKR,Ukraine,UA,1961,,,,,
UKR,Ukraine,UA,1962,,,,,
UKR,Ukraine,UA,1963,,,,,
UKR,Ukraine,UA,1964,,,,,
UKR,Ukraine,UA,1965,,,,,
UKR,Ukraine,UA,1966,,,,,
UKR,Ukraine,UA,1967,,,,,
UKR,Ukraine,UA,1968,,,,,
UKR,Ukraine,UA,1969,,,,,
UKR,Ukraine,UA,1970,,,,,
UKR,Ukraine,UA,1971,,,,,
UKR,Ukraine,UA,1972,,,,,
UKR,Ukraine,UA,1973,,,,,
UKR,Ukraine,UA,1974,,,,,
UKR,Ukraine,UA,1975,,,,,
UKR,Ukraine,UA,1976,,,,,
UKR,Ukraine,UA,1977,,,,,
UKR,Ukraine,UA,1978,,,,,
UKR,Ukraine,UA,1979,,,,,
UKR,Ukraine,UA,1980,,,,,
UKR,Ukraine,UA,1981,,,,,
UKR,Ukraine,UA,1982,,,,,
UKR,Ukraine,UA,1983,,,,,
UKR,Ukraine,UA,1984,,,,,
UKR,Ukraine,UA,1985,,,,,
UKR,Ukraine,UA,1986,,,,,
UKR,Ukraine,UA,1987,64087694038.2333,1244.04125976563,,,
UKR,Ukraine,UA,1988,74703517902.6642,1444.248046875,,,
UKR,Ukraine,UA,1989,82709161099.1244,1593.07861328125,,,
UKR,Ukraine,UA,1990,81393558423.4406,1563.63415527344,395118912162.224,,
UKR,Ukraine,UA,1991,77350733982.4458,1482.6396484375,372943233615.399,,
UKR,Ukraine,UA,1992,73945908383.7046,1413.24011230469,343679302114.722,,
UKR,Ukraine,UA,1993,65648559903.0571,1254.02868652344,301866380207.768,,
UKR,Ukraine,UA,1994,52549580264.8064,1009.09405517578,237708418150.415,,
UKR,Ukraine,UA,1995,48213856468.5718,933.191772460938,213083947558.721,,
UKR,Ukraine,UA,1996,44558831005.0621,869.846069335938,195286511646.659,,
UKR,Ukraine,UA,1997,50151531591.7317,987.489807128906,192694502133.484,,
UKR,Ukraine,UA,1998,41882523345.1804,831.336791992188,191157786933.021,,
UKR,Ukraine,UA,1999,31580639553.8298,631.910461425781,193475131468.916,60.9764493031386,
UKR,Ukraine,UA,2000,32375083934.8241,653.294311523438,209531326339.562,43.7297874273256,-0.31758441673833393
UKR,Ukraine,UA,2001,39309580983.2282,800.49072265625,233103262447.443,,
UKR,Ukraine,UA,2002,43956163612.0433,903.011901855469,249365990564.603,,
UKR,Ukraine,UA,2003,52010355753.0461,1076.48156738281,278488976786.558,,
UKR,Ukraine,UA,2004,67220154164.3166,1401.01806640625,319709877735.402,,
UKR,Ukraine,UA,2005,89238865118.5263,1875.33508300781,339861133733.497,,
UKR,Ukraine,UA,2006,111884752475.248,2366.494140625,376867755295.552,,
UKR,Ukraine,UA,2007,148733861386.139,3160.32763671875,418879809643.468,,
UKR,Ukraine,UA,2008,188110390659.515,4017.806640625,436529004077.399,13.2299542095983,
UKR,Ukraine,UA,2009,121552153444.124,2607.08764648438,372738819856.649,23.9900342329063,-0.06699282540933188
UKR,Ukraine,UA,2010,141209170427.233,3039.63232421875,392706515347.88,28.8666366228354,0.5810352470751895
UKR,Ukraine,UA,2011,169333835201.554,3656.69799804688,422633627957.62,26.4808201734686,0.1362861275793126
UKR,Ukraine,UA,2012,182591753827.949,3951.34228515625,441412985744.166,32.445911715199,0.766936282773578
UKR,Ukraine,UA,2013,190498811460.028,4129.89697265625,502958216930.577,35.6313995863809,0.14028436169536154
UKR,Ukraine,UA,2014,133503871861.723,3054.908203125,458591716288.241,63.6653191884884,-0.3858378096827567
UKR,Ukraine,UA,2015,91030967789.0717,2094.47387695313,431227247239.316,70.2588376218982,0.7688205558666451
UKR,Ukraine,UA,2016,93355869403.9223,2158.46118164063,469908642632.233,71.8095454494004,0.07965394199016732
UKR,Ukraine,UA,2017,112090505081.739,2604.28759765625,496521669473.448,66.7346465062875,0.2917660178395467
UKR,Ukraine,UA,2018,130891088293.55,3059.0517578125,537198415902.321,56.9059506749708,-0.007827179386321364
UKR,Ukraine,UA,2019,153883047509.577,3619.86157226563,604396090412.295,48.3272696003568,-0.0017462345820349551
UKR,Ukraine,UA,2020,156617722013.342,3709.76928710938,656105592902.923,58.7161850732326,0.34021747315834205
UKR,Ukraine,UA,2021,199765859570.935,4775.94580078125,746470597165.436,,
UKR,Ukraine,UA,2022,161989520721.19,4199.6708984375,569710531654.787,,
UKR,Ukraine,UA,2023,181221517868.744,5139.59814453125,622877549405.733,,
UKR,Ukraine,UA,2024,190741263731.535,5389.47314453125,656527758167.994,,
URY,Uruguay,UY,1960,1242289239.20493,491.031760304596,,,
URY,Uruguay,UY,1961,1547388781.43133,603.966513233705,,,
URY,Uruguay,UY,1962,1710004407.22785,659.393716891716,,,
URY,Uruguay,UY,1963,1539681490.78174,586.821191669431,,,
URY,Uruguay,UY,1964,1975701816.46615,744.654270146069,,,
URY,Uruguay,UY,1965,1890767155.52622,705.202527526694,,,
URY,Uruguay,UY,1966,1809185093.55188,668.17637665776,,,
URY,Uruguay,UY,1967,1597713469.09611,584.75530449369,,,
URY,Uruguay,UY,1968,1593674184.56285,578.548868536136,,,
URY,Uruguay,UY,1969,2004435483.87097,722.586254907569,,,
URY,Uruguay,UY,1970,2137096774.19355,765.763011986694,,,
URY,Uruguay,UY,1971,2807258064.51613,1000.28365412257,,,
URY,Uruguay,UY,1972,2189418688.80408,775.937251050835,,,
URY,Uruguay,UY,1973,3964296443.35254,1397.28960304383,,,
URY,Uruguay,UY,1974,4090209681.97172,1433.17797475063,,,
URY,Uruguay,UY,1975,3538278046.96236,1231.85370953179,,,
URY,Uruguay,UY,1976,3667161241.48372,1268.30303240921,,,
URY,Uruguay,UY,1977,4114670014.3472,1414.23789985403,,,
URY,Uruguay,UY,1978,4910254565.57831,1678.30925622568,,,
URY,Uruguay,UY,1979,7181182224.11227,2442.65957894266,,,
URY,Uruguay,UY,1980,10163020115.7344,3442.81230620351,,,
URY,Uruguay,UY,1981,11048301420.6301,3728.4455696996,,,
URY,Uruguay,UY,1982,9178780076.99713,3084.79407002174,,,
URY,Uruguay,UY,1983,5102276308.45313,1707.14462849135,,,
URY,Uruguay,UY,1984,4850238549.61832,1615.40647277136,,,
URY,Uruguay,UY,1985,4732017873.38369,1568.43216486363,,,
URY,Uruguay,UY,1986,5880112788.40947,1938.8108486947,,,
URY,Uruguay,UY,1987,7367494080.40014,2415.6541994875,,,
URY,Uruguay,UY,1988,8213538368.84635,2677.19777690993,,,
URY,Uruguay,UY,1989,8438951476.06644,2734.36623871535,,,
URY,Uruguay,UY,1990,9298807850.29979,2995.36105663465,20746904716.9909,31.5959630364015,
URY,Uruguay,UY,1991,11206176650.9075,3589.01541942634,22207548149.4151,24.5905757591411,-0.1248658831535857
URY,Uruguay,UY,1992,12878148790.7348,4101.71054155291,24515177141.5908,23.6047773194107,0.12315453950108088
URY,Uruguay,UY,1993,15002136971.1745,4753.00924682647,25763211325.6363,21.8791430371302,0.19429008013877425
URY,Uruguay,UY,1994,17474588895.8918,5507.56481300056,28229269051.2617,24.5301880718095,0.4072128985276148
URY,Uruguay,UY,1995,19297663096.5506,6050.48632253644,28403934231.7004,,
URY,Uruguay,UY,1996,20515458113.5857,6398.43575184095,30537308737.5568,,
URY,Uruguay,UY,1997,23969739233.8966,7436.29342620682,33719153242.7786,,
URY,Uruguay,UY,1998,25385886977.5228,7836.89183322307,35638967384.4507,,
URY,Uruguay,UY,1999,23983945190.6202,7370.56995453931,35593573790.6503,,
URY,Uruguay,UY,2000,22823270892.1094,6987.70098766257,35697346087.4916,,
URY,Uruguay,UY,2001,20898761742.2386,6382.76104740859,35097988387.1678,40.6433348596506,
URY,Uruguay,UY,2002,13606515722.5864,4149.76140312687,32887458275.7678,95.2678607204109,-2.021543478657105
URY,Uruguay,UY,2003,12045638351.8507,3671.12329256883,33806826336.5553,105.602780852245,-0.2633410783578511
URY,Uruguay,UY,2004,13686329890.1191,4168.66065438387,36453161893.2765,85.425594123742,-0.3888019589866947
URY,Uruguay,UY,2005,17362857683.8545,5284.25677987129,40400855508.5102,76.1144597080025,0.38605242506275395
URY,Uruguay,UY,2006,19741420739.8901,6001.33294783172,43353676275.3724,68.4607045920176,0.10141842079579985
URY,Uruguay,UY,2007,23797773024.3992,7222.05403645877,47441059040.0868,57.5599818770038,0.04474210405494045
URY,Uruguay,UY,2008,31119602538.8322,9423.96562595893,51825143210.0126,55.8665794658295,0.841102382825536
URY,Uruguay,UY,2009,32708319077.5179,9881.39573127081,54357551863.8989,47.6955014411912,-0.704886504814545
URY,Uruguay,UY,2010,41950361211.9581,12641.0576849008,59311443732.2357,42.4666388141691,0.44702460993725
URY,Uruguay,UY,2011,50342406067.0777,15132.2675725587,63660006329.3378,43.2074168775786,0.9052979669897386
URY,Uruguay,UY,2012,54232266358.7811,16259.5940814256,65025051255.2609,41.0282347488741,0.36547390216650294
URY,Uruguay,UY,2013,61337621933.7857,18335.2594772322,69119276780.88,40.0884943756463,0.5712405320935102
URY,Uruguay,UY,2014,61496186973.902,18322.4276767157,73395678328.8813,41.2850007406183,0.1869263490750057
URY,Uruguay,UY,2015,57680327998.6689,17125.9016800298,74664260125.477,47.2765585126953,1.4824213732409057
URY,Uruguay,UY,2016,57480787465.2716,17009.7584207276,77184684714.7372,46.4584676105582,-0.2240023336401383
URY,Uruguay,UY,2017,65005997963.4822,19184.6502617082,79989594692.0731,45.0744196869827,0.9256565586430792
URY,Uruguay,UY,2018,65344577415.7535,19249.9404677501,82780785900.3077,47.341475064134,0.5854168909856905
URY,Uruguay,UY,2019,62222313618.8454,18315.7316980028,87589105834.4946,50.1314491818532,0.053628026439909354
URY,Uruguay,UY,2020,53559359261.826,15757.5355995779,87439329471.1228,60.4014181135621,-7.729290316669318
URY,Uruguay,UY,2021,60739084240.8633,17881.818721099,99971136649.7861,58.113052857752,0.23513955820706697
URY,Uruguay,UY,2022,70594110920.0358,20818.6146091144,111903244231.607,54.2372595323111,0.25066611271397415
URY,Uruguay,UY,2023,77991666837.7382,23019.4221560046,116790310507.257,62.3670975853084,2.1184136303730434
URY,Uruguay,UY,2024,80961511073.5797,23906.5133029408,123332335624.219,,
USA,United States,US,1960,542390475099.326,3002.08929545597,,,
USA,United States,US,1961,562640778342.419,3062.97411600143,,,
USA,United States,US,1962,604729643906.496,3241.857658528,,,
USA,United States,US,1963,638380883119.283,3373.3573050342,,,
USA,United States,US,1964,685631590686.501,3573.06354552111,,,
USA,United States,US,1965,743503780837.106,3826.51724799466,,,
USA,United States,US,1966,814082043610.829,4141.64653851663,,,
USA,United States,US,1967,860737154023.838,4331.58115274285,,,
USA,United States,US,1968,941639100803.844,4691.63403587259,,,
USA,United States,US,1969,1018471133696.76,5025.09477492148,,,
USA,United States,US,1970,1073303000000.0,5234.2966662115,,,
USA,United States,US,1971,1164850000000.0,5609.38259952519,,,
USA,United States,US,1972,1279110000000.0,6094.01798986165,,,
USA,United States,US,1973,1425376000000.0,6726.35895596695,,,
USA,United States,US,1974,1545243000000.0,7225.69135952566,,,
USA,United States,US,1975,1684904000000.0,7801.45666356443,,,
USA,United States,US,1976,1873412000000.0,8592.25353727612,,,
USA,United States,US,1977,2081826000000.0,9452.57651914511,,,
USA,United States,US,1978,2351599000000.0,10564.9482220275,,,
USA,United States,US,1979,2627333000000.0,11674.1818666548,,,
USA,United States,US,1980,2857307000000.0,12574.7915062163,,,
USA,United States,US,1981,3207041000000.0,13976.10539252,,,
USA,United States,US,1982,3343789000000.0,14433.787727053,,,
USA,United States,US,1983,3634038000000.0,15543.8937174925,,,
USA,United States,US,1984,4037613000000.0,17121.2254849995,,,
USA,United States,US,1985,4338979000000.0,18236.8277265009,,,
USA,United States,US,1986,4579631000000.0,19071.2271949295,,,
USA,United States,US,1987,4855215000000.0,20038.9410992658,,,
USA,United States,US,1988,5236438000000.0,21417.0119305191,,,
USA,United States,US,1989,5641580000000.0,22857.1544330056,,39.128400199944,
USA,United States,US,1990,5963144000000.0,23888.6000088133,5963144000000.0,40.933943570707,
USA,United States,US,1991,6158129000000.0,24342.2589048189,6158129000000.0,44.0615972806026,1.397133112803549
USA,United States,US,1992,6520327000000.0,25418.9907763319,6520327000000.0,46.0501444176036,0.7985963478539376
USA,United States,US,1993,6858559000000.0,26387.2937338171,6858559000000.0,48.2461403335599,0.9057983869060348
USA,United States,US,1994,7287236000000.0,27694.853416234,7287236000000.0,47.3534821707435,0.3307152004889451
USA,United States,US,1995,7639749000000.0,28690.8757013347,7639748999999.99,47.2095352870886,0.44233829674366876
USA,United States,US,1996,8073122000000.0,29967.7127181749,8073121999999.99,46.7417685500108,0.3849570693144356
USA,United States,US,1997,8577552000000.0,31459.1299691554,8577552000000.0,44.1174824705231,0.02117241242590606
USA,United States,US,1998,9062817000000.0,32853.6725949234,9062816999999.99,41.1291544339911,-0.11692580342700491
USA,United States,US,1999,9631172000000.0,34515.3813073394,9631171999999.99,37.7272880185298,-0.1651784536073448
USA,United States,US,2000,10250952000000.0,36329.9702595751,10250952000000.0,33.2676418736523,-0.3603375391267781
USA,United States,US,2001,10581929000000.0,37133.6203973517,10581929000000.0,52.4436801645522,6.4636001897412765
USA,United States,US,2002,10929108000000.0,37997.7424300242,10929108000000.0,53.8625384615103,0.9710898412634461
USA,United States,US,2003,11456450000000.0,39490.3023903176,11456450000000.0,56.2503655146228,1.0573783237443726
USA,United States,US,2004,12217196000000.0,41724.6411982614,12217196000000.0,56.6622734054524,0.628653979120482
USA,United States,US,2005,13039197000000.0,44123.3996470026,13039197000000.0,56.5388574158363,0.5470455632049228
USA,United States,US,2006,13815583000000.0,46301.9876485519,13815583000000.0,55.46735161303,0.37471695780191183
USA,United States,US,2007,14474228000000.0,48050.227412195,14474228000000.0,55.6599218970435,0.5969923099697165
USA,United States,US,2008,14769862000000.0,48570.0594269601,14769862000000.0,63.8151121520296,4.630928783563457
USA,United States,US,2009,14478067000000.0,47194.9500893872,14478067000000.0,75.8420374764117,-5.329279117188417
USA,United States,US,2010,15048971000000.0,48642.6312088213,15048971000000.0,84.9643739761343,3.163058938105184
USA,United States,US,2011,15599732000000.0,50024.8812320773,15599732000000.0,89.5467947782693,2.1475667303966834
USA,United States,US,2012,16253970000000.0,51708.3940614082,16253970000000.0,93.6492746079881,1.9146931239090332
USA,United States,US,2013,16880683000000.0,53297.3862901595,16880683000000.0,95.3225056118879,1.3871820115427698
USA,United States,US,2014,17608138000000.0,55153.3940182967,17608138000000.0,95.454198507531,0.9851014839405766
USA,United States,US,2015,18295019000000.0,56849.4697923159,18295019000000.0,95.9561561537597,1.0882379917336567
USA,United States,US,2016,18804913000000.0,57976.628204291,18804913000000.0,97.9289348480368,1.6871232059996746
USA,United States,US,2017,19612102000000.0,60047.7190728307,19612102000000.0,97.021634906855,0.7588445828672143
USA,United States,US,2018,20656516000000.0,62875.6661382728,20656516000000.0,98.4497724592085,1.2526747056243905
USA,United States,US,2019,21539982000000.0,65227.9565911038,21539981999999.9,100.058217318845,1.3766562606826223
USA,United States,US,2020,21354105000000.0,64401.5074354212,21354104999999.9,124.514696354635,-27.0957514915769
USA,United States,US,2021,23681171000000.0,71307.4017277218,23681171000000.0,118.400948162572,0.6229870575222354
USA,United States,US,2022,26006893000000.0,77860.9112908848,26006893000000.0,112.817613391957,0.5596649126593336
USA,United States,US,2023,27720709000000.0,82304.6204272866,27720709000000.0,114.755553330184,1.4416349246361264
USA,United States,US,2024,29184890000000.0,85809.9003846356,29184890000000.1,,
UZB,Uzbekistan,UZ,1960,,,,,
UZB,Uzbekistan,UZ,1961,,,,,
UZB,Uzbekistan,UZ,1962,,,,,
UZB,Uzbekistan,UZ,1963,,,,,
UZB,Uzbekistan,UZ,1964,,,,,
UZB,Uzbekistan,UZ,1965,,,,,
UZB,Uzbekistan,UZ,1966,,,,,
UZB,Uzbekistan,UZ,1967,,,,,
UZB,Uzbekistan,UZ,1968,,,,,
UZB,Uzbekistan,UZ,1969,,,,,
UZB,Uzbekistan,UZ,1970,,,,,
UZB,Uzbekistan,UZ,1971,,,,,
UZB,Uzbekistan,UZ,1972,,,,,
UZB,Uzbekistan,UZ,1973,,,,,
UZB,Uzbekistan,UZ,1974,,,,,
UZB,Uzbekistan,UZ,1975,,,,,
UZB,Uzbekistan,UZ,1976,,,,,
UZB,Uzbekistan,UZ,1977,,,,,
UZB,Uzbekistan,UZ,1978,,,,,
UZB,Uzbekistan,UZ,1979,,,,,
UZB,Uzbekistan,UZ,1980,,,,,
UZB,Uzbekistan,UZ,1981,,,,,
UZB,Uzbekistan,UZ,1982,,,,,
UZB,Uzbekistan,UZ,1983,,,,,
UZB,Uzbekistan,UZ,1984,,,,,
UZB,Uzbekistan,UZ,1985,,,,,
UZB,Uzbekistan,UZ,1986,,,,,
UZB,Uzbekistan,UZ,1987,8523160592.61112,450.244536476152,,,
UZB,Uzbekistan,UZ,1988,10722799639.3121,550.999615085024,,,
UZB,Uzbekistan,UZ,1989,11948815258.1132,598.123131680436,,,
UZB,Uzbekistan,UZ,1990,13362340337.8657,652.9376529256,54532249435.0833,,
UZB,Uzbekistan,UZ,1991,13800167711.5003,658.313550528068,56099055199.4821,,
UZB,Uzbekistan,UZ,1992,12953801760.2414,602.920525827048,50951194214.7787,,
UZB,Uzbekistan,UZ,1993,13099920055.9608,595.777099596612,50959248251.6195,,
UZB,Uzbekistan,UZ,1994,12899074922.38,574.229079896619,49340868194.8768,,
UZB,Uzbekistan,UZ,1995,13350461264.9969,582.54213674034,49922013963.1417,,
UZB,Uzbekistan,UZ,1996,13948892215.5689,597.33228695111,51700179965.4311,,
UZB,Uzbekistan,UZ,1997,14744603773.5849,620.59129581366,55326492239.4078,,
UZB,Uzbekistan,UZ,1998,14988971210.8383,621.048904301242,58354064034.9396,,
UZB,Uzbekistan,UZ,1999,17078465982.0282,697.763539790812,61724564045.3468,,
UZB,Uzbekistan,UZ,2000,13760513969.314,555.149231099186,65543503196.7469,,
UZB,Uzbekistan,UZ,2001,11401421329.1974,454.415812256778,69809916551.1331,,
UZB,Uzbekistan,UZ,2002,9687788512.80184,381.409296889283,73711753798.0964,,
UZB,Uzbekistan,UZ,2003,10134453435.4603,394.164028897235,78348597178.3527,,
UZB,Uzbekistan,UZ,2004,12030023547.8807,462.171492867885,86448587262.8211,,
UZB,Uzbekistan,UZ,2005,14307509838.8053,542.835808692209,95355710317.7964,,
UZB,Uzbekistan,UZ,2006,17330833852.919,649.118167003925,105620795244.455,,
UZB,Uzbekistan,UZ,2007,22311393927.8817,824.028192334768,118758873009.41,,
UZB,Uzbekistan,UZ,2008,29549438883.8338,1074.72928796701,131976541330.994,,
UZB,Uzbekistan,UZ,2009,33689223673.2577,1205.7993547038,143481425602.427,,
UZB,Uzbekistan,UZ,2010,49765676402.4495,1753.20730243278,156258133784.147,,
UZB,Uzbekistan,UZ,2011,60178909297.208,2087.86386135694,171483146991.364,,
UZB,Uzbekistan,UZ,2012,67517349212.0609,2307.34649117185,180491445533.307,,
UZB,Uzbekistan,UZ,2013,73180037914.9104,2461.97947403595,190612221117.744,,
UZB,Uzbekistan,UZ,2014,80845385809.4529,2674.9628382103,199766953604.239,,
UZB,Uzbekistan,UZ,2015,86196264755.3105,2803.19018021751,209082432928.014,,
UZB,Uzbekistan,UZ,2016,86138288644.171,2753.37951427589,216467147312.947,,
UZB,Uzbekistan,UZ,2017,69703222282.7278,2190.60411562888,248762687744.268,,
UZB,Uzbekistan,UZ,2018,58695899092.1083,1813.08530813664,263156175277.909,,
UZB,Uzbekistan,UZ,2019,67293639798.3996,2041.38480729431,281653051331.452,,
UZB,Uzbekistan,UZ,2020,66443265418.3086,1978.28051860763,283862781607.33,,
UZB,Uzbekistan,UZ,2021,77340060003.0347,2258.51964119278,316673503929.41,,
UZB,Uzbekistan,UZ,2022,90095926567.4359,2578.66689394219,359610275444.799,,
UZB,Uzbekistan,UZ,2023,102641879248.764,2878.96879292451,395989161090.91,,
UZB,Uzbekistan,UZ,2024,114965293466.611,3161.70010632875,431926264607.887,,
VCT,St. Vincent and the Grenadines,VC,1960,13066634.0000817,154.839953548866,,,
VCT,St. Vincent and the Grenadines,VC,1961,13999965.0000875,163.036741587138,,,
VCT,St. Vincent and the Grenadines,VC,1962,14524963.6875908,166.501945155564,,,
VCT,St. Vincent and the Grenadines,VC,1963,13708299.0625857,154.855789598022,,,
VCT,St. Vincent and the Grenadines,VC,1964,14758296.4375922,164.439675512733,,,
VCT,St. Vincent and the Grenadines,VC,1965,15108295.5625944,166.1585179605,,,
VCT,St. Vincent and the Grenadines,VC,1966,16099959.7501006,174.900705580548,,,
VCT,St. Vincent and the Grenadines,VC,1967,15835106.0327781,170.043233030992,,,
VCT,St. Vincent and the Grenadines,VC,1968,15350000.0,163.084474570509,,,
VCT,St. Vincent and the Grenadines,VC,1969,16650000.0,175.156220412801,,,
VCT,St. Vincent and the Grenadines,VC,1970,18450000.0,192.259597349006,,,
VCT,St. Vincent and the Grenadines,VC,1971,20051922.3261445,206.99399543877,,,
VCT,St. Vincent and the Grenadines,VC,1972,27585804.8653032,282.092288222755,,,
VCT,St. Vincent and the Grenadines,VC,1973,30165081.0858817,305.651792826921,,,
VCT,St. Vincent and the Grenadines,VC,1974,32923702.7281866,330.705359076164,,,
VCT,St. Vincent and the Grenadines,VC,1975,33237225.9880652,331.090937950783,,,
VCT,St. Vincent and the Grenadines,VC,1976,32792844.6829448,324.049573435426,,,
VCT,St. Vincent and the Grenadines,VC,1977,49353161.8518519,483.859271677682,,,
VCT,St. Vincent and the Grenadines,VC,1978,60844771.4814815,592.019182500428,,,
VCT,St. Vincent and the Grenadines,VC,1979,71096359.6296296,687.067392389007,,,
VCT,St. Vincent and the Grenadines,VC,1980,82340339.6296296,790.115816929074,,,
VCT,St. Vincent and the Grenadines,VC,1981,102086539.259259,971.577277314431,,,
VCT,St. Vincent and the Grenadines,VC,1982,113759203.333333,1073.51398364931,,,
VCT,St. Vincent and the Grenadines,VC,1983,122255349.62963,1144.30586148776,,,
VCT,St. Vincent and the Grenadines,VC,1984,135024987.777778,1253.86525558125,,,
VCT,St. Vincent and the Grenadines,VC,1985,145641705.185185,1342.2456378927,,,
VCT,St. Vincent and the Grenadines,VC,1986,160846656.666667,1471.86296489478,,,
VCT,St. Vincent and the Grenadines,VC,1987,175580647.407407,1596.17319303831,,,
VCT,St. Vincent and the Grenadines,VC,1988,200726712.592593,1813.93765107441,,,
VCT,St. Vincent and the Grenadines,VC,1989,214745002.222222,1929.91050958212,,,
VCT,St. Vincent and the Grenadines,VC,1990,240366666.666667,2149.73944358984,442817649.968852,31.5259094901308,
VCT,St. Vincent and the Grenadines,VC,1991,254829629.62963,2270.76357246912,462991490.147415,31.5824661356898,0.23315856882330346
VCT,St. Vincent and the Grenadines,VC,1992,277955555.555556,2470.51840791008,503744644.472205,33.631808975589,0.318993712643545
VCT,St. Vincent and the Grenadines,VC,1993,286307407.407407,2539.64968649849,537605411.088897,40.7099336377631,0.6814398012683822
VCT,St. Vincent and the Grenadines,VC,1994,289437037.037037,2563.24976564442,542233848.655224,43.2640630598352,1.8724821373240448
VCT,St. Vincent and the Grenadines,VC,1995,316007407.407407,2795.36305613955,596599196.819452,43.3534141253135,0.21664126461949493
VCT,St. Vincent and the Grenadines,VC,1996,331488888.888889,2930.44394742606,615345866.065929,41.6080087595808,0.049391489962956704
VCT,St. Vincent and the Grenadines,VC,1997,347770370.37037,3073.7784743848,647897929.026197,39.3831604507018,-0.029582240736590108
VCT,St. Vincent and the Grenadines,VC,1998,373618518.518519,3301.10018129103,681977547.001873,40.0388592047741,0.3705918780734043
VCT,St. Vincent and the Grenadines,VC,1999,390718518.518519,3446.52293031878,710373471.609171,51.9460822416441,1.8795081022526008
VCT,St. Vincent and the Grenadines,VC,2000,427946037.037037,3768.95536604022,738371807.335473,47.911890587105,0.0740784771762461
VCT,St. Vincent and the Grenadines,VC,2001,462072333.333333,4071.08601098962,768196754.03307,45.5115533057875,0.17633759123139323
VCT,St. Vincent and the Grenadines,VC,2002,487763851.851852,4303.27976789727,821810266.369012,49.5534268859916,0.5858114128134192
VCT,St. Vincent and the Grenadines,VC,2003,509090888.888889,4499.61454193342,894111156.349149,52.4828063154553,0.35243662268171216
VCT,St. Vincent and the Grenadines,VC,2004,549900185.185185,4873.48947742443,955933884.474051,56.3132501150882,0.6871499005293751
VCT,St. Vincent and the Grenadines,VC,2005,579948925.925926,5157.39373878102,1010441611.9998,54.2704239409077,0.09308907753817915
VCT,St. Vincent and the Grenadines,VC,2006,643501148.148148,5744.8278621257,1114482104.26894,51.3164930897991,0.14880246280873735
VCT,St. Vincent and the Grenadines,VC,2007,713596666.666667,6398.19123532172,1182713539.42659,43.8571223188117,-0.2529517255408928
VCT,St. Vincent and the Grenadines,VC,2008,732663259.259259,6598.90531450859,1210378944.88119,43.5145083072876,0.21152235999050584
VCT,St. Vincent and the Grenadines,VC,2009,714300259.259259,6463.78777336717,1201060076.1026,53.6982398780635,-6.948466964211249
VCT,St. Vincent and the Grenadines,VC,2010,720447888.888889,6551.96835992405,1161310869.7363,,
VCT,St. Vincent and the Grenadines,VC,2011,713796370.37037,6527.68996854448,1178083969.14554,,
VCT,St. Vincent and the Grenadines,VC,2012,730032592.592593,6713.80768643865,1194845820.23694,,
VCT,St. Vincent and the Grenadines,VC,2013,764781259.259259,7072.46737188939,1257054507.97384,,
VCT,St. Vincent and the Grenadines,VC,2014,770900000.0,7168.82875342911,1304999923.39241,,
VCT,St. Vincent and the Grenadines,VC,2015,786555555.555555,7353.73556054184,1324041018.12569,,
VCT,St. Vincent and the Grenadines,VC,2016,814303703.703704,7656.90042881178,1435017818.66449,,
VCT,St. Vincent and the Grenadines,VC,2017,844040740.740741,7988.04445019298,1434420868.9806,,
VCT,St. Vincent and the Grenadines,VC,2018,884329629.62963,8428.12677153069,1541347208.55904,,
VCT,St. Vincent and the Grenadines,VC,2019,910481481.481481,8740.59425232061,1597875532.77976,,
VCT,St. Vincent and the Grenadines,VC,2020,864566666.666667,8351.20324040982,1587736725.00597,,
VCT,St. Vincent and the Grenadines,VC,2021,888677777.777778,8641.27904024443,1666116701.3437,,
VCT,St. Vincent and the Grenadines,VC,2022,989188888.888889,9693.55867833025,1840427498.43829,,
VCT,St. Vincent and the Grenadines,VC,2023,1072237037.03704,10582.3656725229,2008208590.20078,,
VCT,St. Vincent and the Grenadines,VC,2024,1157207407.40741,11501.2265187188,2140311608.05812,,
VEN,"Venezuela, RB",VE,1960,7663938303.07172,939.19776657754,,,
VEN,"Venezuela, RB",VE,1961,8067267030.61863,954.038330638213,,,
VEN,"Venezuela, RB",VE,1962,8814309884.21165,1006.55940812318,,,
VEN,"Venezuela, RB",VE,1963,9608717288.17057,1060.09433210388,,,
VEN,"Venezuela, RB",VE,1964,8192413793.10345,873.604754880876,,,
VEN,"Venezuela, RB",VE,1965,8427777777.77778,869.041067890497,,,
VEN,"Venezuela, RB",VE,1966,8781333333.33333,875.956231715029,,,
VEN,"Venezuela, RB",VE,1967,9250000000.0,892.985315556393,,,
VEN,"Venezuela, RB",VE,1968,10034444444.4444,938.015078662499,,,
VEN,"Venezuela, RB",VE,1969,10285111111.1111,931.598755748143,,,
VEN,"Venezuela, RB",VE,1970,11561111111.1111,1015.21990755986,,,
VEN,"Venezuela, RB",VE,1971,12986590909.0909,1106.08824294225,,,
VEN,"Venezuela, RB",VE,1972,13977727272.7273,1155.26236263344,,,
VEN,"Venezuela, RB",VE,1973,17035581395.3488,1366.83361997071,,,
VEN,"Venezuela, RB",VE,1974,26100930232.5581,2033.51900797712,,,
VEN,"Venezuela, RB",VE,1975,27464651162.7907,2078.1534203511,,,
VEN,"Venezuela, RB",VE,1976,31419534883.7209,2309.19293494983,,,
VEN,"Venezuela, RB",VE,1977,36210697674.4186,2585.22051087846,,,
VEN,"Venezuela, RB",VE,1978,39316279069.7674,2727.13746585327,,,
VEN,"Venezuela, RB",VE,1979,48310930232.5581,3256.64908738452,,,
VEN,"Venezuela, RB",VE,1980,59116511627.907,3874.40470623155,,,
VEN,"Venezuela, RB",VE,1981,66327441860.4651,4228.0988152685,,,
VEN,"Venezuela, RB",VE,1982,67736744186.0465,4201.54283466342,,,
VEN,"Venezuela, RB",VE,1983,67556279069.7674,4078.94233103427,,,
VEN,"Venezuela, RB",VE,1984,59867743467.9335,3519.80146489308,,,
VEN,"Venezuela, RB",VE,1985,61965466666.6667,3548.70434276284,,,
VEN,"Venezuela, RB",VE,1986,60516123711.3402,3376.34960597843,,,
VEN,"Venezuela, RB",VE,1987,48029034482.7586,2610.98837126004,,,
VEN,"Venezuela, RB",VE,1988,60226413793.1034,3191.47633742656,,,
VEN,"Venezuela, RB",VE,1989,43536709104.0115,2250.08459665588,,,
VEN,"Venezuela, RB",VE,1990,48606952194.7752,2451.5523114567,188302159930.86,,
VEN,"Venezuela, RB",VE,1991,53453444786.6256,2632.53969814106,213611374507.478,,
VEN,"Venezuela, RB",VE,1992,60416519620.0849,2907.30334439434,231720144151.031,,
VEN,"Venezuela, RB",VE,1993,60037460783.1941,2824.69144366441,237865919854.206,,
VEN,"Venezuela, RB",VE,1994,58418666666.6667,2688.98325145295,237236821195.485,,
VEN,"Venezuela, RB",VE,1995,77389487770.0883,3486.98350635919,251782297678.313,,
VEN,"Venezuela, RB",VE,1996,70543211119.099,3112.825848106,255884600157.202,,
VEN,"Venezuela, RB",VE,1997,85837678559.8324,3710.82688355096,276880552771.984,,
VEN,"Venezuela, RB",VE,1998,91336763255.0597,3869.98258848894,280815649975.139,,
VEN,"Venezuela, RB",VE,1999,97972842461.5131,4070.90619189484,267786231030.312,,
VEN,"Venezuela, RB",VE,2000,117146466002.661,4776.2816763938,283948886276.542,,
VEN,"Venezuela, RB",VE,2001,122911036746.729,4920.39313600453,300197445878.446,,
VEN,"Venezuela, RB",VE,2002,92893587733.6549,3652.09896501865,277864950396.367,,
VEN,"Venezuela, RB",VE,2003,83620628582.1082,3229.50557082079,261376168115.712,,
VEN,"Venezuela, RB",VE,2004,112451400424.964,4269.08970872392,317486932765.823,,
VEN,"Venezuela, RB",VE,2005,145513489651.872,5432.4854184654,361226732421.355,,
VEN,"Venezuela, RB",VE,2006,183477522123.894,6739.38065342219,409126938870.429,,
VEN,"Venezuela, RB",VE,2007,230364012575.687,8331.62096991844,456994767685.508,,
VEN,"Venezuela, RB",VE,2008,315953388510.678,11262.4514256759,490383960468.684,,
VEN,"Venezuela, RB",VE,2009,329787628928.471,11596.6021921731,477608118914.653,,
VEN,"Venezuela, RB",VE,2010,393192354510.653,13646.3046622664,476215424867.172,,
VEN,"Venezuela, RB",VE,2011,316482190800.364,10843.9229703167,506339379526.118,,
VEN,"Venezuela, RB",VE,2012,381286237847.667,12901.4171582274,,,
VEN,"Venezuela, RB",VE,2013,371005379786.566,12403.1466957582,,,
VEN,"Venezuela, RB",VE,2014,482359318767.703,15943.6127197163,,,
VEN,"Venezuela, RB",VE,2015,,,,,
VEN,"Venezuela, RB",VE,2016,,,,,
VEN,"Venezuela, RB",VE,2017,,,,,
VEN,"Venezuela, RB",VE,2018,,,,,
VEN,"Venezuela, RB",VE,2019,,,,,
VEN,"Venezuela, RB",VE,2020,,,,,
VEN,"Venezuela, RB",VE,2021,,,,,
VEN,"Venezuela, RB",VE,2022,,,,,
VEN,"Venezuela, RB",VE,2023,,,,,
VEN,"Venezuela, RB",VE,2024,,,,,
VGB,British Virgin Islands,VG,1960,,,,,
VGB,British Virgin Islands,VG,1961,,,,,
VGB,British Virgin Islands,VG,1962,,,,,
VGB,British Virgin Islands,VG,1963,,,,,
VGB,British Virgin Islands,VG,1964,,,,,
VGB,British Virgin Islands,VG,1965,,,,,
VGB,British Virgin Islands,VG,1966,,,,,
VGB,British Virgin Islands,VG,1967,,,,,
VGB,British Virgin Islands,VG,1968,,,,,
VGB,British Virgin Islands,VG,1969,,,,,
VGB,British Virgin Islands,VG,1970,,,,,
VGB,British Virgin Islands,VG,1971,,,,,
VGB,British Virgin Islands,VG,1972,,,,,
VGB,British Virgin Islands,VG,1973,,,,,
VGB,British Virgin Islands,VG,1974,,,,,
VGB,British Virgin Islands,VG,1975,,,,,
VGB,British Virgin Islands,VG,1976,,,,,
VGB,British Virgin Islands,VG,1977,,,,,
VGB,British Virgin Islands,VG,1978,,,,,
VGB,British Virgin Islands,VG,1979,,,,,
VGB,British Virgin Islands,VG,1980,,,,,
VGB,British Virgin Islands,VG,1981,,,,,
VGB,British Virgin Islands,VG,1982,,,,,
VGB,British Virgin Islands,VG,1983,,,,,
VGB,British Virgin Islands,VG,1984,,,,,
VGB,British Virgin Islands,VG,1985,,,,,
VGB,British Virgin Islands,VG,1986,,,,,
VGB,British Virgin Islands,VG,1987,,,,,
VGB,British Virgin Islands,VG,1988,,,,,
VGB,British Virgin Islands,VG,1989,,,,,
VGB,British Virgin Islands,VG,1990,,,,,
VGB,British Virgin Islands,VG,1991,,,,,
VGB,British Virgin Islands,VG,1992,,,,,
VGB,British Virgin Islands,VG,1993,,,,,
VGB,British Virgin Islands,VG,1994,,,,,
VGB,British Virgin Islands,VG,1995,,,,,
VGB,British Virgin Islands,VG,1996,,,,,
VGB,British Virgin Islands,VG,1997,,,,,
VGB,British Virgin Islands,VG,1998,,,,,
VGB,British Virgin Islands,VG,1999,,,,,
VGB,British Virgin Islands,VG,2000,,,,,
VGB,British Virgin Islands,VG,2001,,,,,
VGB,British Virgin Islands,VG,2002,,,,,
VGB,British Virgin Islands,VG,2003,,,,,
VGB,British Virgin Islands,VG,2004,,,,,
VGB,British Virgin Islands,VG,2005,,,,,
VGB,British Virgin Islands,VG,2006,,,,,
VGB,British Virgin Islands,VG,2007,,,,,
VGB,British Virgin Islands,VG,2008,,,,,
VGB,British Virgin Islands,VG,2009,,,,,
VGB,British Virgin Islands,VG,2010,,,,,
VGB,British Virgin Islands,VG,2011,,,,,
VGB,British Virgin Islands,VG,2012,,,,,
VGB,British Virgin Islands,VG,2013,,,,,
VGB,British Virgin Islands,VG,2014,,,,,
VGB,British Virgin Islands,VG,2015,,,,,
VGB,British Virgin Islands,VG,2016,,,,,
VGB,British Virgin Islands,VG,2017,,,,,
VGB,British Virgin Islands,VG,2018,,,,,
VGB,British Virgin Islands,VG,2019,,,,,
VGB,British Virgin Islands,VG,2020,,,,,
VGB,British Virgin Islands,VG,2021,,,,,
VGB,British Virgin Islands,VG,2022,,,,,
VGB,British Virgin Islands,VG,2023,,,,,
VGB,British Virgin Islands,VG,2024,,,,,
VIR,Virgin Islands (U.S.),VI,1960,,,,,
VIR,Virgin Islands (U.S.),VI,1961,,,,,
VIR,Virgin Islands (U.S.),VI,1962,,,,,
VIR,Virgin Islands (U.S.),VI,1963,,,,,
VIR,Virgin Islands (U.S.),VI,1964,,,,,
VIR,Virgin Islands (U.S.),VI,1965,,,,,
VIR,Virgin Islands (U.S.),VI,1966,,,,,
VIR,Virgin Islands (U.S.),VI,1967,,,,,
VIR,Virgin Islands (U.S.),VI,1968,,,,,
VIR,Virgin Islands (U.S.),VI,1969,,,,,
VIR,Virgin Islands (U.S.),VI,1970,,,,,
VIR,Virgin Islands (U.S.),VI,1971,,,,,
VIR,Virgin Islands (U.S.),VI,1972,,,,,
VIR,Virgin Islands (U.S.),VI,1973,,,,,
VIR,Virgin Islands (U.S.),VI,1974,,,,,
VIR,Virgin Islands (U.S.),VI,1975,,,,,
VIR,Virgin Islands (U.S.),VI,1976,,,,,
VIR,Virgin Islands (U.S.),VI,1977,,,,,
VIR,Virgin Islands (U.S.),VI,1978,,,,,
VIR,Virgin Islands (U.S.),VI,1979,,,,,
VIR,Virgin Islands (U.S.),VI,1980,,,,,
VIR,Virgin Islands (U.S.),VI,1981,,,,,
VIR,Virgin Islands (U.S.),VI,1982,,,,,
VIR,Virgin Islands (U.S.),VI,1983,,,,,
VIR,Virgin Islands (U.S.),VI,1984,,,,,
VIR,Virgin Islands (U.S.),VI,1985,,,,,
VIR,Virgin Islands (U.S.),VI,1986,,,,,
VIR,Virgin Islands (U.S.),VI,1987,,,,,
VIR,Virgin Islands (U.S.),VI,1988,,,,,
VIR,Virgin Islands (U.S.),VI,1989,,,,,
VIR,Virgin Islands (U.S.),VI,1990,,,,,
VIR,Virgin Islands (U.S.),VI,1991,,,,,
VIR,Virgin Islands (U.S.),VI,1992,,,,,
VIR,Virgin Islands (U.S.),VI,1993,,,,,
VIR,Virgin Islands (U.S.),VI,1994,,,,,
VIR,Virgin Islands (U.S.),VI,1995,,,,,
VIR,Virgin Islands (U.S.),VI,1996,,,,,
VIR,Virgin Islands (U.S.),VI,1997,,,,,
VIR,Virgin Islands (U.S.),VI,1998,,,,,
VIR,Virgin Islands (U.S.),VI,1999,,,,,
VIR,Virgin Islands (U.S.),VI,2000,,,,,
VIR,Virgin Islands (U.S.),VI,2001,,,,,
VIR,Virgin Islands (U.S.),VI,2002,3262000000.0,30062.0225050457,3484597259.9242,,
VIR,Virgin Islands (U.S.),VI,2003,3443000000.0,31731.2566241187,3539319860.99128,,
VIR,Virgin Islands (U.S.),VI,2004,3797000000.0,35006.3614404514,3753920922.97186,,
VIR,Virgin Islands (U.S.),VI,2005,4428000000.0,40828.7460927775,4006561447.44286,,
VIR,Virgin Islands (U.S.),VI,2006,4484000000.0,41377.1466009652,4274877588.11153,,
VIR,Virgin Islands (U.S.),VI,2007,4784000000.0,44158.5054044325,4566788025.99911,,
VIR,Virgin Islands (U.S.),VI,2008,4244000000.0,39152.3750657306,4711501045.17671,,
VIR,Virgin Islands (U.S.),VI,2009,4201000000.0,38753.1825393897,4427930707.67725,,
VIR,Virgin Islands (U.S.),VI,2010,4324000000.0,39905.1284180994,4508471121.89173,,
VIR,Virgin Islands (U.S.),VI,2011,4223000000.0,38997.1373164651,4223968621.23668,,
VIR,Virgin Islands (U.S.),VI,2012,4089000000.0,37795.3192590675,3665299424.53526,,
VIR,Virgin Islands (U.S.),VI,2013,3738000000.0,34597.9766940328,3493388057.08255,,
VIR,Virgin Islands (U.S.),VI,2014,3565000000.0,33045.3643795999,3491158655.15712,,
VIR,Virgin Islands (U.S.),VI,2015,3663000000.0,34007.3529411765,3508580171.16729,,
VIR,Virgin Islands (U.S.),VI,2016,3798000000.0,35324.9748874586,3598624005.67702,,
VIR,Virgin Islands (U.S.),VI,2017,3794000000.0,35365.0693039774,3636133957.02659,,
VIR,Virgin Islands (U.S.),VI,2018,3923000000.0,36663.2087550584,3931910843.73655,,
VIR,Virgin Islands (U.S.),VI,2019,4121000000.0,38633.5298915336,4269082992.65995,,
VIR,Virgin Islands (U.S.),VI,2020,4229000000.0,39787.3741650202,4437509717.07484,,
VIR,Virgin Islands (U.S.),VI,2021,4507000000.0,42571.0777368471,4964620106.61981,,
VIR,Virgin Islands (U.S.),VI,2022,4672000000.0,44320.909185774,5248832928.55256,,
VIR,Virgin Islands (U.S.),VI,2023,,,,,
VIR,Virgin Islands (U.S.),VI,2024,,,,,
VNM,Viet Nam,VN,1960,,,,,
VNM,Viet Nam,VN,1961,,,,,
VNM,Viet Nam,VN,1962,,,,,
VNM,Viet Nam,VN,1963,,,,,
VNM,Viet Nam,VN,1964,,,,,
VNM,Viet Nam,VN,1965,,,,,
VNM,Viet Nam,VN,1966,,,,,
VNM,Viet Nam,VN,1967,,,,,
VNM,Viet Nam,VN,1968,,,,,
VNM,Viet Nam,VN,1969,,,,,
VNM,Viet Nam,VN,1970,,,,,
VNM,Viet Nam,VN,1971,,,,,
VNM,Viet Nam,VN,1972,,,,,
VNM,Viet Nam,VN,1973,,,,,
VNM,Viet Nam,VN,1974,,,,,
VNM,Viet Nam,VN,1975,,,,,
VNM,Viet Nam,VN,1976,,,,,
VNM,Viet Nam,VN,1977,,,,,
VNM,Viet Nam,VN,1978,,,,,
VNM,Viet Nam,VN,1979,,,,,
VNM,Viet Nam,VN,1980,,,,,
VNM,Viet Nam,VN,1981,,,,,
VNM,Viet Nam,VN,1982,,,,,
VNM,Viet Nam,VN,1983,,,,,
VNM,Viet Nam,VN,1984,,,,,
VNM,Viet Nam,VN,1985,14094687820.7445,238.647805313403,,,
VNM,Viet Nam,VN,1986,26336616250.4397,436.419296772225,,,
VNM,Viet Nam,VN,1987,36658108850.3148,595.247488701606,,,
VNM,Viet Nam,VN,1988,25423812648.5941,404.559305078888,,,
VNM,Viet Nam,VN,1989,6293304974.59403,98.1070172159577,,,
VNM,Viet Nam,VN,1990,6471740805.56984,98.7983370311401,79239968620.3989,,
VNM,Viet Nam,VN,1991,9613369520.41885,143.715270231936,86802821208.4225,,
VNM,Viet Nam,VN,1992,9866990236.43587,144.549392371677,96456972513.86,,
VNM,Viet Nam,VN,1993,13180953598.1716,189.418573584332,106714598035.312,,
VNM,Viet Nam,VN,1994,16286433533.3228,229.857787265757,118627051669.408,,
VNM,Viet Nam,VN,1995,20736164458.9505,287.802661028593,132669176366.41,,
VNM,Viet Nam,VN,1996,24657470574.7501,337.051231790277,147716216883.076,,
VNM,Viet Nam,VN,1997,26843700441.5482,361.643884085566,162513113627.221,,
VNM,Viet Nam,VN,1998,27209602050.0452,361.350928411167,173812822376.393,,
VNM,Viet Nam,VN,1999,28683659006.7752,375.994455900496,184686962642.459,,
VNM,Viet Nam,VN,2000,31172518403.3162,404.029784055118,201689720071.721,,
VNM,Viet Nam,VN,2001,32685198808.5549,419.205677580901,219002822090.418,,
VNM,Viet Nam,VN,2002,35064105500.8344,445.132861817313,236464006596.447,,
VNM,Viet Nam,VN,2003,39552513231.9169,497.117089249256,257768437989.974,,
VNM,Viet Nam,VN,2004,45427854693.2554,565.452284586212,284648940280.108,,
VNM,Viet Nam,VN,2005,57633255738.1992,710.746759994861,315730733877.768,,
VNM,Viet Nam,VN,2006,66371664817.0436,807.756645117054,348178319133.389,,
VNM,Viet Nam,VN,2007,77414425532.2452,925.640338348717,383107288441.867,,
VNM,Viet Nam,VN,2008,99130304099.1274,1163.83195772873,412597227896.963,,
VNM,Viet Nam,VN,2009,106014659565.214,1226.16976051536,437550990419.396,,
VNM,Viet Nam,VN,2010,147201173196.979,1683.16182443979,471315016650.192,,
VNM,Viet Nam,VN,2011,172595049183.925,1950.92504174913,511888589641.725,,
VNM,Viet Nam,VN,2012,195590661129.249,2185.11767654291,570789428423.56,,
VNM,Viet Nam,VN,2013,213708811665.34,2359.51736472828,612129658830.052,,
VNM,Viet Nam,VN,2014,233451469642.519,2546.38464459903,668974831523.37,,
VNM,Viet Nam,VN,2015,239258328381.741,2577.56885340113,712101202507.931,,
VNM,Viet Nam,VN,2016,257096001177.982,2735.0604380416,787204623262.451,,
VNM,Viet Nam,VN,2017,281353605986.903,2956.10992127753,872747364096.311,,
VNM,Viet Nam,VN,2018,310106478394.659,3222.31003125366,963332818078.272,,
VNM,Viet Nam,VN,2019,334365270496.667,3440.90025375434,1071756124195.5,,
VNM,Viet Nam,VN,2020,346615738537.796,3534.03953482647,1138632490789.12,,
VNM,Viet Nam,VN,2021,366474752771.009,3704.1935590038,1192059299524.62,,
VNM,Viet Nam,VN,2022,413445230668.578,4147.69777213621,1386074827447.82,,
VNM,Viet Nam,VN,2023,433857681378.291,4323.35031982451,1508682497102.43,,
VNM,Viet Nam,VN,2024,476388230307.175,4717.29028732449,1654734391083.39,,
VUT,Vanuatu,VU,1960,,,,,
VUT,Vanuatu,VU,1961,,,,,
VUT,Vanuatu,VU,1962,,,,,
VUT,Vanuatu,VU,1963,,,,,
VUT,Vanuatu,VU,1964,,,,,
VUT,Vanuatu,VU,1965,,,,,
VUT,Vanuatu,VU,1966,,,,,
VUT,Vanuatu,VU,1967,,,,,
VUT,Vanuatu,VU,1968,,,,,
VUT,Vanuatu,VU,1969,,,,,
VUT,Vanuatu,VU,1970,,,,,
VUT,Vanuatu,VU,1971,,,,,
VUT,Vanuatu,VU,1972,,,,,
VUT,Vanuatu,VU,1973,,,,,
VUT,Vanuatu,VU,1974,,,,,
VUT,Vanuatu,VU,1975,,,,,
VUT,Vanuatu,VU,1976,,,,,
VUT,Vanuatu,VU,1977,,,,,
VUT,Vanuatu,VU,1978,,,,,
VUT,Vanuatu,VU,1979,119258835.335525,1055.01446687478,,,
VUT,Vanuatu,VU,1980,121185497.569261,1047.77362587983,,,
VUT,Vanuatu,VU,1981,113781795.82356,962.222055354043,,,
VUT,Vanuatu,VU,1982,114501912.522867,946.023154648384,,,
VUT,Vanuatu,VU,1983,117389554.191406,946.705222595573,,,
VUT,Vanuatu,VU,1984,144482515.368336,1136.68202384045,,,
VUT,Vanuatu,VU,1985,131856420.703184,1011.51017753831,,,
VUT,Vanuatu,VU,1986,126498935.335649,945.998619022206,,,
VUT,Vanuatu,VU,1987,139464173.547324,1016.59904763078,,,
VUT,Vanuatu,VU,1988,158351368.433149,1125.00616977712,,,
VUT,Vanuatu,VU,1989,154013202.116475,1066.62512806351,,,
VUT,Vanuatu,VU,1990,168879207.244148,1140.59020311724,247207393.828622,23.4169659568011,
VUT,Vanuatu,VU,1991,201334169.054441,1326.37321256212,263611821.868884,,
VUT,Vanuatu,VU,1992,209088824.608438,1343.68942861831,276589921.897385,,
VUT,Vanuatu,VU,1993,200491853.167847,1257.29387486656,285228393.091145,,
VUT,Vanuatu,VU,1994,233701301.490486,1430.99367776483,317774583.777491,,
VUT,Vanuatu,VU,1995,249333250.082507,1491.78967004617,327694499.350608,24.1834507924015,
VUT,Vanuatu,VU,1996,261370044.486614,1529.27573115021,341459988.407673,22.3390410958904,-0.13873987220283532
VUT,Vanuatu,VU,1997,272771209.113662,1562.03090670153,364392018.043936,23.3531607922546,0.2316906742819218
VUT,Vanuatu,VU,1998,262293410.708334,1470.97189048658,372823853.456301,28.4031452746136,1.2807270187105826
VUT,Vanuatu,VU,1999,268006972.690296,1472.17751741462,379374981.381946,27.3032116324112,-0.2022655580865549
VUT,Vanuatu,VU,2000,272014627.835262,1460.23817692229,410954961.839002,,
VUT,Vanuatu,VU,2001,257926881.72043,1350.18338238522,405931466.503405,,
VUT,Vanuatu,VU,2002,262596535.549028,1340.71537528287,390810090.308027,,
VUT,Vanuatu,VU,2003,314471413.001776,1566.51396790858,415616037.999619,,
VUT,Vanuatu,VU,2004,364996869.129618,1774.31867585894,443810203.487509,,
VUT,Vanuatu,VU,2005,394962433.029368,1873.99142640619,482009511.929108,,
VUT,Vanuatu,VU,2006,439358586.535588,2034.79289624351,538912895.677596,,
VUT,Vanuatu,VU,2007,516392922.513728,2333.70506748914,569431889.339406,,
VUT,Vanuatu,VU,2008,590748429.401902,2603.60883136724,612911523.916238,,
VUT,Vanuatu,VU,2009,592622319.145664,2546.38324565986,635422647.198103,,
VUT,Vanuatu,VU,2010,670712979.682038,2815.18828985779,651241193.64917,,
VUT,Vanuatu,VU,2011,770153588.218833,3163.1861645138,685546560.529831,,
VUT,Vanuatu,VU,2012,747839697.746593,3004.78416664293,705365858.097415,,
VUT,Vanuatu,VU,2013,758304466.245339,2979.79608084399,720694566.518389,,
VUT,Vanuatu,VU,2014,773717010.546445,2973.09026493408,752127701.380396,,
VUT,Vanuatu,VU,2015,759690180.951654,2854.89412272653,789213371.049315,,
VUT,Vanuatu,VU,2016,804323576.861028,2956.12644801489,824371706.543519,,
VUT,Vanuatu,VU,2017,880043284.399407,3159.86055790126,876162788.437114,,
VUT,Vanuatu,VU,2018,914727908.137793,3206.65748718811,922227587.130738,,
VUT,Vanuatu,VU,2019,936526267.622513,3207.44650452083,967833106.340877,,
VUT,Vanuatu,VU,2020,909421043.508407,3042.98711598286,931732926.139278,,
VUT,Vanuatu,VU,2021,982362211.918412,3211.71947349318,959152084.296053,84.2385744312792,
VUT,Vanuatu,VU,2022,1030654208.30053,3292.34108821237,1080824944.57348,81.6603583144083,0.11595023226149945
VUT,Vanuatu,VU,2023,1126313359.21923,3515.23633611798,1108914310.26689,71.6535726531403,-1.2315037195261505
VUT,Vanuatu,VU,2024,1161251868.03498,3542.81071592874,1180786247.76989,,
WSM,Samoa,WS,1960,,,,,
WSM,Samoa,WS,1961,,,,,
WSM,Samoa,WS,1962,,,,,
WSM,Samoa,WS,1963,,,,,
WSM,Samoa,WS,1964,,,,,
WSM,Samoa,WS,1965,,,,,
WSM,Samoa,WS,1966,,,,,
WSM,Samoa,WS,1967,,,,,
WSM,Samoa,WS,1968,,,,,
WSM,Samoa,WS,1969,,,,,
WSM,Samoa,WS,1970,45208337.609386,321.996706619559,,,
WSM,Samoa,WS,1971,53719568.9655172,376.971495094961,,,
WSM,Samoa,WS,1972,62566116.3754812,432.869670090088,,,
WSM,Samoa,WS,1973,82452985.3658537,562.757551160649,,,
WSM,Samoa,WS,1974,93549610.93343,626.0388469155,,,
WSM,Samoa,WS,1975,93489282.5537294,609.670300459943,,,
WSM,Samoa,WS,1976,85003077.6967563,541.03147223181,,,
WSM,Samoa,WS,1977,98295671.0342196,615.297809957995,,,
WSM,Samoa,WS,1978,108223444.248268,670.633271871531,,,
WSM,Samoa,WS,1979,122257392.883079,750.588726090539,,,
WSM,Samoa,WS,1980,125747037.963668,765.24773288828,,,
WSM,Samoa,WS,1981,118190654.675563,713.375672542904,,,
WSM,Samoa,WS,1982,121221651.619316,728.127937935873,,,
WSM,Samoa,WS,1983,111862823.574979,670.98638131758,,,
WSM,Samoa,WS,1984,109200934.328518,654.697560664036,,,
WSM,Samoa,WS,1985,95572172.9835657,572.806387713236,,,
WSM,Samoa,WS,1986,100947848.64478,604.257418815764,,,
WSM,Samoa,WS,1987,111713922.141578,666.308337309081,,,
WSM,Samoa,WS,1988,133016065.416065,790.134992313838,,,
WSM,Samoa,WS,1989,122888609.715243,728.151128858805,,,
WSM,Samoa,WS,1990,125766269.755358,743.994213008355,363150143.187153,,
WSM,Samoa,WS,1991,125597205.422315,741.563963808482,366796231.862453,,
WSM,Samoa,WS,1992,132303041.36253,776.740824409711,374404722.017068,,
WSM,Samoa,WS,1993,133122897.196262,774.988631552282,398993748.193635,,
WSM,Samoa,WS,1994,221098106.508876,1276.85021574897,397153665.03864,,
WSM,Samoa,WS,1995,224865731.381903,1288.10473321401,432541077.844322,,
WSM,Samoa,WS,1996,249907868.772424,1419.35849045228,472080364.491204,,
WSM,Samoa,WS,1997,285475591.89651,1607.88744330521,483311007.614366,,
WSM,Samoa,WS,1998,269485244.15511,1506.30359215846,499470138.759897,,
WSM,Samoa,WS,1999,255408060.259486,1416.76915966987,517608189.745831,,
WSM,Samoa,WS,2000,258856139.798489,1424.75240002471,556292193.043601,,
WSM,Samoa,WS,2001,266299591.479428,1453.87021324606,610854565.046022,,
WSM,Samoa,WS,2002,281790134.211972,1527.55790455937,655408983.672078,,
WSM,Samoa,WS,2003,333426188.41876,1798.12429714048,703187363.517634,,
WSM,Samoa,WS,2004,407747565.096959,2189.26042607992,744389691.641899,,
WSM,Samoa,WS,2005,476801793.159429,2550.04221437511,818700829.627442,,
WSM,Samoa,WS,2006,499923757.780736,2663.29135939532,861942275.802254,,
WSM,Samoa,WS,2007,573548459.833372,3038.61904093377,889596896.935385,,
WSM,Samoa,WS,2008,641346191.664776,3373.60639884263,938981358.014974,,
WSM,Samoa,WS,2009,628006115.424052,3279.18269477295,939655191.208968,,
WSM,Samoa,WS,2010,680260907.153983,3524.2479246203,1009325356.97828,,
WSM,Samoa,WS,2011,744097050.169115,3821.50678264479,1069800076.01937,,
WSM,Samoa,WS,2012,773141661.165548,3934.60320799981,1049051691.88995,,
WSM,Samoa,WS,2013,797736334.281305,4023.5254013825,1068050014.27125,,
WSM,Samoa,WS,2014,796683519.593842,3982.68080202084,1093822436.78677,,
WSM,Samoa,WS,2015,824150498.653536,4084.36083819933,1146480554.16123,,
WSM,Samoa,WS,2016,843924796.697421,4147.07097674888,1249779114.75418,,
WSM,Samoa,WS,2017,884844384.463214,4307.59381964907,1290050365.20512,,
WSM,Samoa,WS,2018,878448433.404342,4231.81409469194,1311559076.0053,,
WSM,Samoa,WS,2019,912950466.064906,4351.94234943706,1392558354.39364,,
WSM,Samoa,WS,2020,868898358.266437,4099.6600907147,1367201018.48976,,
WSM,Samoa,WS,2021,843923638.733018,3947.64517905415,1328426324.85394,,
WSM,Samoa,WS,2022,832945205.637185,3869.46639492144,1347620477.33121,,
WSM,Samoa,WS,2023,938189443.830393,4330.17840531329,1524676297.75854,,
WSM,Samoa,WS,2024,1068025243.63929,4898.77140817676,1708678659.25856,,
XKX,Kosovo,XK,1960,,,,,
XKX,Kosovo,XK,1961,,,,,
XKX,Kosovo,XK,1962,,,,,
XKX,Kosovo,XK,1963,,,,,
XKX,Kosovo,XK,1964,,,,,
XKX,Kosovo,XK,1965,,,,,
XKX,Kosovo,XK,1966,,,,,
XKX,Kosovo,XK,1967,,,,,
XKX,Kosovo,XK,1968,,,,,
XKX,Kosovo,XK,1969,,,,,
XKX,Kosovo,XK,1970,,,,,
XKX,Kosovo,XK,1971,,,,,
XKX,Kosovo,XK,1972,,,,,
XKX,Kosovo,XK,1973,,,,,
XKX,Kosovo,XK,1974,,,,,
XKX,Kosovo,XK,1975,,,,,
XKX,Kosovo,XK,1976,,,,,
XKX,Kosovo,XK,1977,,,,,
XKX,Kosovo,XK,1978,,,,,
XKX,Kosovo,XK,1979,,,,,
XKX,Kosovo,XK,1980,,,,,
XKX,Kosovo,XK,1981,,,,,
XKX,Kosovo,XK,1982,,,,,
XKX,Kosovo,XK,1983,,,,,
XKX,Kosovo,XK,1984,,,,,
XKX,Kosovo,XK,1985,,,,,
XKX,Kosovo,XK,1986,,,,,
XKX,Kosovo,XK,1987,,,,,
XKX,Kosovo,XK,1988,,,,,
XKX,Kosovo,XK,1989,,,,,
XKX,Kosovo,XK,1990,,,,,
XKX,Kosovo,XK,1991,,,,,
XKX,Kosovo,XK,1992,,,,,
XKX,Kosovo,XK,1993,,,,,
XKX,Kosovo,XK,1994,,,,,
XKX,Kosovo,XK,1995,,,,,
XKX,Kosovo,XK,1996,,,,,
XKX,Kosovo,XK,1997,,,,,
XKX,Kosovo,XK,1998,,,,,
XKX,Kosovo,XK,1999,,,,,
XKX,Kosovo,XK,2000,,,,,
XKX,Kosovo,XK,2001,,,,,
XKX,Kosovo,XK,2002,,,,,
XKX,Kosovo,XK,2003,,,,,
XKX,Kosovo,XK,2004,,,,,
XKX,Kosovo,XK,2005,,,,,
XKX,Kosovo,XK,2006,,,,,
XKX,Kosovo,XK,2007,,,,,
XKX,Kosovo,XK,2008,5181776768.71247,2877.39331402724,11440224750.8895,,
XKX,Kosovo,XK,2009,5015894692.97027,2794.86699473069,12090337128.4467,,
XKX,Kosovo,XK,2010,5343950556.07185,2987.54519574464,12841784491.9794,,
XKX,Kosovo,XK,2011,6341613609.97976,3538.94759838576,13935044684.2312,,
XKX,Kosovo,XK,2012,6163484244.63408,3410.65550749316,14271898531.9291,,
XKX,Kosovo,XK,2013,6735328609.6594,3704.55872781672,14709963376.1855,,
XKX,Kosovo,XK,2014,7074394734.88431,3902.49424360946,14865721232.2557,,
XKX,Kosovo,XK,2015,6295848422.71573,3520.62850699375,15584664246.4355,,
XKX,Kosovo,XK,2016,6682677289.98994,3759.44959067104,16277272490.6041,,
XKX,Kosovo,XK,2017,7180764703.35718,4009.31799347588,16801441908.4263,,
XKX,Kosovo,XK,2018,7878759714.82322,4384.18624084947,18004535069.9507,,
XKX,Kosovo,XK,2019,7899737577.47286,4415.99716107514,19429240274.5588,,
XKX,Kosovo,XK,2020,7717145217.81247,4310.89065548799,18854775198.3459,,
XKX,Kosovo,XK,2021,9413403724.01899,5270.42965289833,22080260569.6251,,
XKX,Kosovo,XK,2022,9354903061.8898,5290.94747224687,24666524708.6885,,
XKX,Kosovo,XK,2023,10468220306.907,6221.20365212094,26593569203.4249,,
XKX,Kosovo,XK,2024,11148602232.663,7299.43498083118,28438508914.5235,,
YEM,"Yemen, Rep.",YE,1960,,,,,
YEM,"Yemen, Rep.",YE,1961,,,,,
YEM,"Yemen, Rep.",YE,1962,,,,,
YEM,"Yemen, Rep.",YE,1963,,,,,
YEM,"Yemen, Rep.",YE,1964,,,,,
YEM,"Yemen, Rep.",YE,1965,,,,,
YEM,"Yemen, Rep.",YE,1966,,,,,
YEM,"Yemen, Rep.",YE,1967,,,,,
YEM,"Yemen, Rep.",YE,1968,,,,,
YEM,"Yemen, Rep.",YE,1969,,,,,
YEM,"Yemen, Rep.",YE,1970,,,,,
YEM,"Yemen, Rep.",YE,1971,,,,,
YEM,"Yemen, Rep.",YE,1972,,,,,
YEM,"Yemen, Rep.",YE,1973,,,,,
YEM,"Yemen, Rep.",YE,1974,,,,,
YEM,"Yemen, Rep.",YE,1975,,,,,
YEM,"Yemen, Rep.",YE,1976,,,,,
YEM,"Yemen, Rep.",YE,1977,,,,,
YEM,"Yemen, Rep.",YE,1978,,,,,
YEM,"Yemen, Rep.",YE,1979,,,,,
YEM,"Yemen, Rep.",YE,1980,,,,,
YEM,"Yemen, Rep.",YE,1981,,,,,
YEM,"Yemen, Rep.",YE,1982,,,,,
YEM,"Yemen, Rep.",YE,1983,,,,,
YEM,"Yemen, Rep.",YE,1984,,,,,
YEM,"Yemen, Rep.",YE,1985,,,,,
YEM,"Yemen, Rep.",YE,1986,,,,,
YEM,"Yemen, Rep.",YE,1987,,,,,
YEM,"Yemen, Rep.",YE,1988,,,,,
YEM,"Yemen, Rep.",YE,1989,,,,,
YEM,"Yemen, Rep.",YE,1990,12643821568.9626,910.422465960748,24199282829.388,,
YEM,"Yemen, Rep.",YE,1991,14665445462.1149,1016.30223044813,26592141619.6117,,
YEM,"Yemen, Rep.",YE,1992,17959367194.005,1198.13031674085,29430451647.5925,,
YEM,"Yemen, Rep.",YE,1993,21736802664.4463,1396.61544419009,31333763341.5199,,
YEM,"Yemen, Rep.",YE,1994,28019483763.5304,1735.04419543214,34154013386.9005,,
YEM,"Yemen, Rep.",YE,1995,12796345679.0123,764.414656090937,36847033047.5217,,
YEM,"Yemen, Rep.",YE,1996,6496163615.66086,375.214994663363,39260730081.3521,,
YEM,"Yemen, Rep.",YE,1997,6838298530.54911,382.584928722421,42026949960.4115,,
YEM,"Yemen, Rep.",YE,1998,6322175565.94651,342.73940747773,45052078142.5529,,
YEM,"Yemen, Rep.",YE,1999,7639325295.88287,401.448141660801,47414634384.6198,,
YEM,"Yemen, Rep.",YE,2000,9679316770.18633,493.235182634814,51486196947.0892,,
YEM,"Yemen, Rep.",YE,2001,9852990692.98714,487.141257946318,54647955087.2123,,
YEM,"Yemen, Rep.",YE,2002,10693430511.4664,513.241486570603,57681123955.0991,,
YEM,"Yemen, Rep.",YE,2003,11777532662.0499,548.905883049973,61024147889.2859,,
YEM,"Yemen, Rep.",YE,2004,13867634371.4773,627.632023395762,65154636472.5689,,
YEM,"Yemen, Rep.",YE,2005,16731566717.1888,734.159908450927,70955047110.583,,
YEM,"Yemen, Rep.",YE,2006,19063143369.858,809.713127624703,75462123298.8187,,
YEM,"Yemen, Rep.",YE,2007,21650528674.0933,890.305768114988,80094088855.2814,,
YEM,"Yemen, Rep.",YE,2008,26910855807.288,1071.63583282105,84615045549.7647,,
YEM,"Yemen, Rep.",YE,2009,25130278212.5575,969.243509864478,88428524134.3966,,
YEM,"Yemen, Rep.",YE,2010,30906749533.221,1155.20305261418,96396994275.687,,
YEM,"Yemen, Rep.",YE,2011,32726417878.2975,1186.47500580876,85876120603.7268,,
YEM,"Yemen, Rep.",YE,2012,35401331609.4516,1245.05068271586,85440860540.9299,,
YEM,"Yemen, Rep.",YE,2013,40415233436.0836,1378.75002954611,92755605479.9207,,
YEM,"Yemen, Rep.",YE,2014,43228585321.3737,1430.1642096418,,,
YEM,"Yemen, Rep.",YE,2015,42444490073.7255,1362.17381205593,,,
YEM,"Yemen, Rep.",YE,2016,31317825274.1507,975.359417003225,,,
YEM,"Yemen, Rep.",YE,2017,26842229044.5848,811.165970405745,,,
YEM,"Yemen, Rep.",YE,2018,21606160663.0131,633.887202450998,,,
YEM,"Yemen, Rep.",YE,2019,,,,,
YEM,"Yemen, Rep.",YE,2020,,,,,
YEM,"Yemen, Rep.",YE,2021,,,,,
YEM,"Yemen, Rep.",YE,2022,,,,,
YEM,"Yemen, Rep.",YE,2023,,,,,
YEM,"Yemen, Rep.",YE,2024,,,,,
ZAF,South Africa,ZA,1960,8748596500.5614,532.147504330332,,,
ZAF,South Africa,ZA,1961,9225996309.60148,545.657511922673,,,
ZAF,South Africa,ZA,1962,9813996074.40157,563.423008817945,,,
ZAF,South Africa,ZA,1963,10854195658.3217,604.536855270991,,,
ZAF,South Africa,ZA,1964,11955995217.6019,645.873375685446,,,
ZAF,South Africa,ZA,1965,13068994772.4021,684.62122774035,,,
ZAF,South Africa,ZA,1966,14211394315.4423,721.75375941418,,,
ZAF,South Africa,ZA,1967,15821393671.4425,778.839335829791,,,
ZAF,South Africa,ZA,1968,17124793150.0827,817.128340614066,,,
ZAF,South Africa,ZA,1969,19256992297.2031,890.922089102936,,,
ZAF,South Africa,ZA,1970,21218391512.6434,952.352188073537,,,
ZAF,South Africa,ZA,1971,23411076638.279,1020.43983590718,,,
ZAF,South Africa,ZA,1972,24515919216.8851,1038.39407468283,,,
ZAF,South Africa,ZA,1973,33262772008.1446,1369.16160033933,,,
ZAF,South Africa,ZA,1974,41389186094.5992,1656.2890557998,,,
ZAF,South Africa,ZA,1975,42906905672.42,1670.11816898954,,,
ZAF,South Africa,ZA,1976,41150460287.6151,1558.99824733487,,,
ZAF,South Africa,ZA,1977,45328411332.1028,1671.46618837272,,,
ZAF,South Africa,ZA,1978,51607412901.8532,1851.75191300848,,,
ZAF,South Africa,ZA,1979,63038658088.9121,2201.51922339868,,,
ZAF,South Africa,ZA,1980,89411864402.4272,3028.97447561832,,,
ZAF,South Africa,ZA,1981,93141472163.7596,3049.71474333882,,,
ZAF,South Africa,ZA,1982,85904057409.3585,2717.16388710425,,,
ZAF,South Africa,ZA,1983,96204110941.5672,2938.48980239675,,,
ZAF,South Africa,ZA,1984,84870163365.9306,2504.07736790289,,,
ZAF,South Africa,ZA,1985,64459376086.6883,1839.4841908184,,,
ZAF,South Africa,ZA,1986,73354771399.2627,2027.4662038189,,,
ZAF,South Africa,ZA,1987,96535763418.3729,2586.27423314228,,,
ZAF,South Africa,ZA,1988,103976831870.957,2702.05504774508,,,
ZAF,South Africa,ZA,1989,108055624081.806,2726.70980679488,,,
ZAF,South Africa,ZA,1990,126048140141.869,3093.48920352334,260029373182.626,32.3971949577925,
ZAF,South Africa,ZA,1991,135203698237.977,3243.23616023953,266085798540.365,33.9135908287352,0.8282719602748169
ZAF,South Africa,ZA,1992,146956150986.636,3462.39400202835,266333582004.892,36.9022310979407,33.81044598748249
ZAF,South Africa,ZA,1993,147194747565.75,3399.64009566241,276009806234.5,39.9507720898509,0.4728434945210459
ZAF,South Africa,ZA,1994,153512712381.836,3488.59711541763,290924064491.929,44.8169697430772,0.6701176524646886
ZAF,South Africa,ZA,1995,171735933897.331,3855.6340871567,306231574775.354,44.8686189886337,0.5393297691238597
ZAF,South Africa,ZA,1996,163234925380.563,3617.55336002932,325246985908.419,44.2298759185659,-0.25542108247836504
ZAF,South Africa,ZA,1997,168978057327.73,3700.23554789867,339457949141.591,43.1755459966557,0.05338089345216946
ZAF,South Africa,ZA,1998,152982984557.233,3309.60933087472,344989365331.139,44.6542617733798,-0.8395275845719321
ZAF,South Africa,ZA,1999,151516957078.536,3242.36830483958,358268214628.249,42.1780316027359,-0.3318474556214997
ZAF,South Africa,ZA,2000,151752757215.309,3217.84693448467,381771803876.42,39.6390583837328,-0.15969926843748708
ZAF,South Africa,ZA,2001,135429905922.526,2847.15191945908,400908060374.458,,
ZAF,South Africa,ZA,2002,129087556612.449,2688.23676032806,422203786105.169,,
ZAF,South Africa,ZA,2003,197018965308.697,4062.21755993786,443236349881.91,,
ZAF,South Africa,ZA,2004,255806908594.573,5221.46333731721,475885687316.484,,
ZAF,South Africa,ZA,2005,288867217196.534,5836.87663325127,516707000243.864,,
ZAF,South Africa,ZA,2006,303858675363.643,6077.38293388876,562489593734.226,,
ZAF,South Africa,ZA,2007,333077117253.684,6591.85535960564,608697898076.516,,
ZAF,South Africa,ZA,2008,316131258616.309,6184.75474328399,640223797147.009,,
ZAF,South Africa,ZA,2009,329754060647.129,6374.70560042992,634264625674.37,,
ZAF,South Africa,ZA,2010,417363822801.713,7973.47195771517,661487016257.719,,
ZAF,South Africa,ZA,2011,458199494830.834,8646.05571071635,696526225201.767,,
ZAF,South Africa,ZA,2012,434400545085.811,8076.97678479741,698463315669.415,,
ZAF,South Africa,ZA,2013,400886013595.573,7331.65467384919,731024717341.774,,
ZAF,South Africa,ZA,2014,381198869776.106,6856.73137092522,742688200700.391,,
ZAF,South Africa,ZA,2015,346709790458.563,6112.27382485974,759954918901.854,52.6511572360833,
ZAF,South Africa,ZA,2016,323585509674.481,5651.20585165749,774110394019.95,53.7387913884354,-0.6114789399751652
ZAF,South Africa,ZA,2017,381448814653.456,6618.33508255701,791817133500.013,56.2597208390879,2.299186493747664
ZAF,South Africa,ZA,2018,405260723892.517,6914.1780318076,782329029153.218,59.1023114070608,-2.626069008804366
ZAF,South Africa,ZA,2019,389330032224.269,6533.71121032856,796182639290.773,64.5892781351104,0.8623746599449437
ZAF,South Africa,ZA,2020,337974655408.055,5580.60383075189,767391152773.916,75.7255090793216,-0.15516986201350907
ZAF,South Africa,ZA,2021,420886877628.703,6843.39941886204,843280245239.583,73.8065091009354,0.7209057520300407
ZAF,South Africa,ZA,2022,406920004594.074,6523.41097815853,920670092262.266,76.2372383337531,-0.005392670067508681
ZAF,South Africa,ZA,2023,380699271816.395,6022.54254192335,960461552882.65,,
ZAF,South Africa,ZA,2024,400260724226.067,6253.37158194543,989390398251.402,,
ZMB,Zambia,ZM,1960,698739720.783607,221.559848922849,,,
ZMB,Zambia,ZM,1961,682359727.329053,209.693206426951,,,
ZMB,Zambia,ZM,1962,679279728.55982,202.28103119051,,,
ZMB,Zambia,ZM,1963,704339718.545848,203.219451227586,,,
ZMB,Zambia,ZM,1964,822639671.273187,229.979245632097,,,
ZMB,Zambia,ZM,1965,1061199575.94465,287.42547598963,,,
ZMB,Zambia,ZM,1966,1238999504.8958,325.025847276562,,,
ZMB,Zambia,ZM,1967,1340639464.28047,340.579940386412,,,
ZMB,Zambia,ZM,1968,1573739371.13375,387.087288652294,,,
ZMB,Zambia,ZM,1969,1926399230.21087,458.981650783744,,,
ZMB,Zambia,ZM,1970,1788779285.2038,413.904675224945,,,
ZMB,Zambia,ZM,1971,1653259341.29113,372.144071511389,,,
ZMB,Zambia,ZM,1972,1872416680.07912,409.781146356948,,,
ZMB,Zambia,ZM,1973,2434255236.99935,517.630055161873,,,
ZMB,Zambia,ZM,1974,2910981262.10018,601.101371432691,,,
ZMB,Zambia,ZM,1975,2442672140.947,489.505018740558,,,
ZMB,Zambia,ZM,1976,2742859262.9794,533.231631721853,,,
ZMB,Zambia,ZM,1977,2515296939.60686,474.362362443019,,,
ZMB,Zambia,ZM,1978,2811032472.93922,514.334878626644,,,
ZMB,Zambia,ZM,1979,3353445378.15126,595.455849101956,,,
ZMB,Zambia,ZM,1980,3884530853.76162,669.419722015371,,,
ZMB,Zambia,ZM,1981,4008126497.36464,669.886829361684,,,
ZMB,Zambia,ZM,1982,3871117092.86676,626.532533448195,,,
ZMB,Zambia,ZM,1983,3321048451.15171,520.45583354177,,,
ZMB,Zambia,ZM,1984,2719518932.99541,413.269974271735,,,
ZMB,Zambia,ZM,1985,2252454500.14896,332.173737253298,,,
ZMB,Zambia,ZM,1986,1664413508.09853,238.23379616097,,,
ZMB,Zambia,ZM,1987,2265250972.34879,314.999602622841,,,
ZMB,Zambia,ZM,1988,3728878148.80792,504.486020154114,,,
ZMB,Zambia,ZM,1989,3994673161.02649,526.361769256072,,,
ZMB,Zambia,ZM,1990,3288381797.32415,422.336298804219,11847622937.2184,244.380536439033,
ZMB,Zambia,ZM,1991,3376806697.1218,423.071256835592,12243861471.2744,277.530307986501,3.3704368338337805
ZMB,Zambia,ZM,1992,3182810841.01704,389.254665832226,12306119913.2093,164.700753558863,-66.32913479333143
ZMB,Zambia,ZM,1993,3273505343.85539,390.916673784646,13454122934.3107,161.786076869105,0.04700547944910441
ZMB,Zambia,ZM,1994,3656806165.78848,426.386598390102,12556139092.2617,149.209889858483,-0.1784448370712679
ZMB,Zambia,ZM,1995,3806983413.16416,433.312782642118,13190866045.5039,155.279224614308,0.7170608881828046
ZMB,Zambia,ZM,1996,3597220962.00017,399.511304742449,14267657280.7519,175.934490736564,0.3875384952508412
ZMB,Zambia,ZM,1997,4303288479.7086,465.871942164799,15067249043.7845,150.072548942759,0.16171043233920748
ZMB,Zambia,ZM,1998,3537741941.89367,373.084763057408,15177810137.6182,161.232157851948,-6.820455655444822
ZMB,Zambia,ZM,1999,3404284890.5306,349.515723095687,16108375734.0521,,
ZMB,Zambia,ZM,2000,3600632111.41414,359.429500988221,17115278098.8344,,
ZMB,Zambia,ZM,2001,4094441301.21423,396.548952993504,18431148187.9665,,
ZMB,Zambia,ZM,2002,4193850445.42632,393.864625518616,19560983498.7598,,
ZMB,Zambia,ZM,2003,4901869764.05957,446.290104839041,21332505255.3822,,
ZMB,Zambia,ZM,2004,6221110219.45542,548.685974566277,23446682383.9838,,
ZMB,Zambia,ZM,2005,8331870169.14977,710.982068171696,25931543608.2792,,
ZMB,Zambia,ZM,2006,12756858899.2812,1051.71714895686,28843984822.4952,,
ZMB,Zambia,ZM,2007,14056957976.2648,1118.73162626953,32099889161.7082,,
ZMB,Zambia,ZM,2008,17910858637.9048,1375.50211006997,35261852123.7694,,
ZMB,Zambia,ZM,2009,15328342303.9575,1136.24168316848,38750659226.177,,
ZMB,Zambia,ZM,2010,20265559483.8548,1451.10616017155,43260717842.1382,17.3215114809658,
ZMB,Zambia,ZM,2011,23459515275.5776,1624.86817763443,46612238752.7655,18.0499093578444,0.2160571423133446
ZMB,Zambia,ZM,2012,25503060420.026,1710.05061343728,49567431316.5811,23.4889192806696,0.5941988534451588
ZMB,Zambia,ZM,2013,28037239462.7142,1820.71854827391,53546651818.13,24.2239941438767,0.20138264996381808
ZMB,Zambia,ZM,2014,27141023558.0829,1707.48573136694,54700785564.6956,44.3958675879332,4.555584351423171
ZMB,Zambia,ZM,2015,21251216798.7762,1295.87788680068,54731517891.6164,49.4073473457883,-50.4299718622824
ZMB,Zambia,ZM,2016,20958412538.3093,1239.08527877713,56043424009.9189,46.4328935811391,-0.5854573723327212
ZMB,Zambia,ZM,2017,25873601260.8353,1483.46577328065,59154463773.684,52.2809418398754,1.2199667394337665
ZMB,Zambia,ZM,2018,26311507273.6735,1463.89997855593,61869932575.7693,59.7122211727371,0.8043631318470003
ZMB,Zambia,ZM,2019,23308667781.2258,1258.98619844462,62232372185.4722,61.9301173816653,-3.5208626925938225
ZMB,Zambia,ZM,2020,18137764930.651,951.644316655957,60176229608.2428,103.54315235027,-2.113339953262139
ZMB,Zambia,ZM,2021,22096416932.0089,1127.16077872857,68672119764.9363,71.4111761686383,-0.35324166125661227
ZMB,Zambia,ZM,2022,29163782140.4858,1447.12310138035,77401882826.5905,,
ZMB,Zambia,ZM,2023,27577956471.244,1330.72780576709,84491503485.3915,,
ZMB,Zambia,ZM,2024,26325775287.0226,1235.08466482514,90033312819.5772,,
ZWE,Zimbabwe,ZW,1960,1052990484.78507,276.419784061189,,,
ZWE,Zimbabwe,ZW,1961,1096646688.30019,279.01648923359,,,
ZWE,Zimbabwe,ZW,1962,1117601689.98745,275.545608322829,,,
ZWE,Zimbabwe,ZW,1963,1159511793.36199,277.005701161785,,,
ZWE,Zimbabwe,ZW,1964,1217138098.00196,281.744538781187,,,
ZWE,Zimbabwe,ZW,1965,1311435905.59467,294.145359003771,,,
ZWE,Zimbabwe,ZW,1966,1281749603.20438,278.567518811735,,,
ZWE,Zimbabwe,ZW,1967,1397002112.48432,294.210570732752,,,
ZWE,Zimbabwe,ZW,1968,1479600019.13497,301.932075310578,,,
ZWE,Zimbabwe,ZW,1969,1747998940.74601,345.578566829856,,,
ZWE,Zimbabwe,ZW,1970,1884206451.71321,361.241578512778,,,
ZWE,Zimbabwe,ZW,1971,2178716475.42668,405.364320065276,,,
ZWE,Zimbabwe,ZW,1972,2677729615.60641,483.131472771747,,,
ZWE,Zimbabwe,ZW,1973,3309353866.46375,578.517507935409,,,
ZWE,Zimbabwe,ZW,1974,3982161720.63714,673.991308647242,,,
ZWE,Zimbabwe,ZW,1975,4371301051.96999,716.764418003107,,,
ZWE,Zimbabwe,ZW,1976,4318372347.70827,686.861814413513,,,
ZWE,Zimbabwe,ZW,1977,4364382451.41293,676.699640439917,,,
ZWE,Zimbabwe,ZW,1978,4351600850.38375,665.018869713231,,,
ZWE,Zimbabwe,ZW,1979,5177459816.88058,778.851628610663,,,
ZWE,Zimbabwe,ZW,1980,6678868737.77157,948.527387299136,,,
ZWE,Zimbabwe,ZW,1981,8011374445.06272,1068.37770408384,,,
ZWE,Zimbabwe,ZW,1982,8539701387.60275,1095.32556517732,,,
ZWE,Zimbabwe,ZW,1983,7764067625.14999,958.715769817113,,,
ZWE,Zimbabwe,ZW,1984,6352126411.4628,756.972590732752,,,
ZWE,Zimbabwe,ZW,1985,5637259753.90291,648.944527055309,,,
ZWE,Zimbabwe,ZW,1986,6217524200.62486,692.175921057948,,,
ZWE,Zimbabwe,ZW,1987,6741215642.79163,726.060756103479,,,
ZWE,Zimbabwe,ZW,1988,7814784729.23365,815.476163463872,,,
ZWE,Zimbabwe,ZW,1989,8286323367.20117,839.989158135947,,,
ZWE,Zimbabwe,ZW,1990,8783817407.25857,866.48652703408,18281142164.6794,,
ZWE,Zimbabwe,ZW,1991,8641482395.798,830.527170859917,19944848246.3233,,
ZWE,Zimbabwe,ZW,1992,6751472743.61751,630.819582312642,18560243486.777,,
ZWE,Zimbabwe,ZW,1993,6563813828.50752,604.386718704653,19199960598.8866,,
ZWE,Zimbabwe,ZW,1994,6890675554.82589,633.733262420955,21420932757.7604,,
ZWE,Zimbabwe,ZW,1995,7111271272.58789,647.975499841761,21904623306.3179,,
ZWE,Zimbabwe,ZW,1996,8553147288.6854,766.52369063961,24616665665.6286,,
ZWE,Zimbabwe,ZW,1997,8529572286.78717,750.193673728472,25712419325.5376,,
ZWE,Zimbabwe,ZW,1998,6401968715.47602,552.165320198027,26751587606.2923,,
ZWE,Zimbabwe,ZW,1999,6858013652.196,582.003487617642,26908272756.4228,,
ZWE,Zimbabwe,ZW,2000,6689958138.66446,562.556945680495,26675976007.5113,,
ZWE,Zimbabwe,ZW,2001,6777385245.70394,566.107692145462,27669314925.6851,,
ZWE,Zimbabwe,ZW,2002,6342116910.65686,524.677281078209,25600136698.7602,,
ZWE,Zimbabwe,ZW,2003,5727592261.17634,468.234223473035,21668903858.7572,,
ZWE,Zimbabwe,ZW,2004,5805598867.45729,469.484691401035,20959329554.4539,,
ZWE,Zimbabwe,ZW,2005,5755215663.40053,461.028318446444,20381963410.0714,,
ZWE,Zimbabwe,ZW,2006,5443896938.33366,430.809214010242,20283232096.368,,
ZWE,Zimbabwe,ZW,2007,5291950526.09918,413.302605010004,20071668570.7541,,
ZWE,Zimbabwe,ZW,2008,4415703155.54517,340.740210298158,16843609167.2042,,
ZWE,Zimbabwe,ZW,2009,9665815601.13562,735.446248561806,19196782459.2674,,
ZWE,Zimbabwe,ZW,2010,12041602761.7901,901.55051752819,23253025533.2756,,
ZWE,Zimbabwe,ZW,2011,14101801030.5739,1037.24613741902,27101368989.8634,,
ZWE,Zimbabwe,ZW,2012,17114762913.5326,1238.59479481433,31387948467.0715,,
ZWE,Zimbabwe,ZW,2013,19091004042.4363,1362.29952932396,34688215407.4666,,
ZWE,Zimbabwe,ZW,2014,19495547522.9895,1372.21474610373,36277750598.7166,,
ZWE,Zimbabwe,ZW,2015,19963058858.4528,1386.41855927575,38109087385.8666,,
ZWE,Zimbabwe,ZW,2016,20548759858.0924,1407.42096413212,40834213264.9256,,
ZWE,Zimbabwe,ZW,2017,51074726484.0037,3448.08699068824,104359364850.156,,
ZWE,Zimbabwe,ZW,2018,34156057417.3285,2271.85250365817,39306151205.7135,,
ZWE,Zimbabwe,ZW,2019,25715657177.4682,1683.91313584141,49040227035.1543,,
ZWE,Zimbabwe,ZW,2020,26868564055.12,1730.45391034701,54509873679.9634,,
ZWE,Zimbabwe,ZW,2021,27240507841.6729,1724.38727102272,50310711158.7869,,
ZWE,Zimbabwe,ZW,2022,32789657377.9788,2040.54658705395,57206472522.111,,
ZWE,Zimbabwe,ZW,2023,35231369343.4002,2156.03409322984,62427821459.538,,
ZWE,Zimbabwe,ZW,2024,44187704410.1191,2656.40937654332,65234986601.4722,,
